  0
SECTION
  2
HEADER
  9
$ACADVER
  1
AC1032
  9
$ACADMAINTVER
 90
      266
  9
$DWGCODEPAGE
  3
ANSI_1252
  9
$REQUIREDVERSIONS
160
                 0
  9
$INSBASE
 10
0.0
 20
0.0
 30
0.0
  9
$EXTMIN
 10
1.000000000000000E+20
 20
1.000000000000000E+20
 30
1.000000000000000E+20
  9
$EXTMAX
 10
-1.000000000000000E+20
 20
-1.000000000000000E+20
 30
-1.000000000000000E+20
  9
$LIMMIN
 10
0.0
 20
0.0
  9
$LIMMAX
 10
12.0
 20
9.0
  9
$ORTHOMODE
 70
     0
  9
$REGENMODE
 70
     1
  9
$FILLMODE
 70
     1
  9
$QTEXTMODE
 70
     0
  9
$MIRRTEXT
 70
     0
  9
$LTSCALE
 40
1.0
  9
$ATTMODE
 70
     1
  9
$TEXTSIZE
 40
0.2
  9
$TRACEWID
 40
0.05
  9
$TEXTSTYLE
  7
Standard
  9
$CLAYER
  8
0
  9
$CELTYPE
  6
ByLayer
  9
$CECOLOR
 62
   256
  9
$CELTSCALE
 40
1.0
  9
$DISPSILH
 70
     0
  9
$DIMSCALE
 40
1.0
  9
$DIMASZ
 40
0.18
  9
$DIMEXO
 40
0.0625
  9
$DIMDLI
 40
0.38
  9
$DIMRND
 40
0.0
  9
$DIMDLE
 40
0.0
  9
$DIMEXE
 40
0.18
  9
$DIMTP
 40
0.0
  9
$DIMTM
 40
0.0
  9
$DIMTXT
 40
0.18
  9
$DIMCEN
 40
0.09
  9
$DIMTSZ
 40
0.0
  9
$DIMTOL
 70
     0
  9
$DIMLIM
 70
     0
  9
$DIMTIH
 70
     1
  9
$DIMTOH
 70
     1
  9
$DIMSE1
 70
     0
  9
$DIMSE2
 70
     0
  9
$DIMTAD
 70
     0
  9
$DIMZIN
 70
     0
  9
$DIMBLK
  1

  9
$DIMASO
 70
     1
  9
$DIMSHO
 70
     1
  9
$DIMPOST
  1

  9
$DIMAPOST
  1

  9
$DIMALT
 70
     0
  9
$DIMALTD
 70
     2
  9
$DIMALTF
 40
25.4
  9
$DIMLFAC
 40
1.0
  9
$DIMTOFL
 70
     0
  9
$DIMTVP
 40
0.0
  9
$DIMTIX
 70
     0
  9
$DIMSOXD
 70
     0
  9
$DIMSAH
 70
     0
  9
$DIMBLK1
  1

  9
$DIMBLK2
  1

  9
$DIMSTYLE
  2
Standard
  9
$DIMCLRD
 70
     0
  9
$DIMCLRE
 70
     0
  9
$DIMCLRT
 70
     0
  9
$DIMTFAC
 40
1.0
  9
$DIMGAP
 40
0.09
  9
$DIMJUST
 70
     0
  9
$DIMSD1
 70
     0
  9
$DIMSD2
 70
     0
  9
$DIMTOLJ
 70
     1
  9
$DIMTZIN
 70
     0
  9
$DIMALTZ
 70
     0
  9
$DIMALTTZ
 70
     0
  9
$DIMUPT
 70
     0
  9
$DIMDEC
 70
     4
  9
$DIMTDEC
 70
     4
  9
$DIMALTU
 70
     2
  9
$DIMALTTD
 70
     2
  9
$DIMTXSTY
  7
Standard
  9
$DIMAUNIT
 70
     0
  9
$DIMADEC
 70
     0
  9
$DIMALTRND
 40
0.0
  9
$DIMAZIN
 70
     0
  9
$DIMDSEP
 70
    46
  9
$DIMATFIT
 70
     3
  9
$DIMFRAC
 70
     0
  9
$DIMLDRBLK
  1

  9
$DIMLUNIT
 70
     2
  9
$DIMLWD
 70
    -2
  9
$DIMLWE
 70
    -2
  9
$DIMTMOVE
 70
     0
  9
$DIMFXL
 40
1.0
  9
$DIMFXLON
 70
     0
  9
$DIMJOGANG
 40
0.7853981633974483
  9
$DIMTFILL
 70
     0
  9
$DIMTFILLCLR
 70
     0
  9
$DIMARCSYM
 70
     0
  9
$DIMLTYPE
  6

  9
$DIMLTEX1
  6

  9
$DIMLTEX2
  6

  9
$DIMTXTDIRECTION
 70
     0
  9
$LUNITS
 70
     2
  9
$LUPREC
 70
     4
  9
$SKETCHINC
 40
0.1
  9
$FILLETRAD
 40
0.0
  9
$AUNITS
 70
     0
  9
$AUPREC
 70
     0
  9
$MENU
  1
.
  9
$ELEVATION
 40
0.0
  9
$PELEVATION
 40
0.0
  9
$THICKNESS
 40
0.0
  9
$LIMCHECK
 70
     0
  9
$CHAMFERA
 40
0.0
  9
$CHAMFERB
 40
0.0
  9
$CHAMFERC
 40
0.0
  9
$CHAMFERD
 40
0.0
  9
$SKPOLY
 70
     0
  9
$TDCREATE
 40
2461224.014328704
  9
$TDUCREATE
 40
2461224.180995370
  9
$TDUPDATE
 40
2461224.014328704
  9
$TDUUPDATE
 40
2461224.180995370
  9
$TDINDWG
 40
0.0000000000
  9
$TDUSRTIMER
 40
0.0000000000
  9
$USRTIMER
 70
     1
  9
$ANGBASE
 50
0.0
  9
$ANGDIR
 70
     0
  9
$PDMODE
 70
     0
  9
$PDSIZE
 40
0.0
  9
$PLINEWID
 40
0.0
  9
$SPLFRAME
 70
     0
  9
$SPLINETYPE
 70
     6
  9
$SPLINESEGS
 70
     8
  9
$HANDSEED
  5
1E0
  9
$SURFTAB1
 70
     6
  9
$SURFTAB2
 70
     6
  9
$SURFTYPE
 70
     6
  9
$SURFU
 70
     6
  9
$SURFV
 70
     6
  9
$UCSBASE
  2

  9
$UCSNAME
  2

  9
$UCSORG
 10
0.0
 20
0.0
 30
0.0
  9
$UCSXDIR
 10
1.0
 20
0.0
 30
0.0
  9
$UCSYDIR
 10
0.0
 20
1.0
 30
0.0
  9
$UCSORTHOREF
  2

  9
$UCSORTHOVIEW
 70
     0
  9
$UCSORGTOP
 10
0.0
 20
0.0
 30
0.0
  9
$UCSORGBOTTOM
 10
0.0
 20
0.0
 30
0.0
  9
$UCSORGLEFT
 10
0.0
 20
0.0
 30
0.0
  9
$UCSORGRIGHT
 10
0.0
 20
0.0
 30
0.0
  9
$UCSORGFRONT
 10
0.0
 20
0.0
 30
0.0
  9
$UCSORGBACK
 10
0.0
 20
0.0
 30
0.0
  9
$PUCSBASE
  2

  9
$PUCSNAME
  2

  9
$PUCSORG
 10
0.0
 20
0.0
 30
0.0
  9
$PUCSXDIR
 10
1.0
 20
0.0
 30
0.0
  9
$PUCSYDIR
 10
0.0
 20
1.0
 30
0.0
  9
$PUCSORTHOREF
  2

  9
$PUCSORTHOVIEW
 70
     0
  9
$PUCSORGTOP
 10
0.0
 20
0.0
 30
0.0
  9
$PUCSORGBOTTOM
 10
0.0
 20
0.0
 30
0.0
  9
$PUCSORGLEFT
 10
0.0
 20
0.0
 30
0.0
  9
$PUCSORGRIGHT
 10
0.0
 20
0.0
 30
0.0
  9
$PUCSORGFRONT
 10
0.0
 20
0.0
 30
0.0
  9
$PUCSORGBACK
 10
0.0
 20
0.0
 30
0.0
  9
$USERI1
 70
     0
  9
$USERI2
 70
     0
  9
$USERI3
 70
     0
  9
$USERI4
 70
     0
  9
$USERI5
 70
     0
  9
$USERR1
 40
0.0
  9
$USERR2
 40
0.0
  9
$USERR3
 40
0.0
  9
$USERR4
 40
0.0
  9
$USERR5
 40
0.0
  9
$WORLDVIEW
 70
     1
  9
$SHADEDGE
 70
     3
  9
$SHADEDIF
 70
    70
  9
$TILEMODE
 70
     1
  9
$MAXACTVP
 70
    64
  9
$PINSBASE
 10
0.0
 20
0.0
 30
0.0
  9
$PLIMCHECK
 70
     0
  9
$PEXTMIN
 10
1.000000000000000E+20
 20
1.000000000000000E+20
 30
1.000000000000000E+20
  9
$PEXTMAX
 10
-1.000000000000000E+20
 20
-1.000000000000000E+20
 30
-1.000000000000000E+20
  9
$PLIMMIN
 10
0.0
 20
0.0
  9
$PLIMMAX
 10
12.0
 20
9.0
  9
$UNITMODE
 70
     0
  9
$VISRETAIN
 70
     1
  9
$PLINEGEN
 70
     0
  9
$PSLTSCALE
 70
     1
  9
$TREEDEPTH
 70
  3020
  9
$CMLSTYLE
  2
Standard
  9
$CMLJUST
 70
     0
  9
$CMLSCALE
 40
1.0
  9
$PROXYGRAPHICS
 70
     1
  9
$MEASUREMENT
 70
     0
  9
$CELWEIGHT
370
    -1
  9
$ENDCAPS
280
     0
  9
$JOINSTYLE
280
     0
  9
$LWDISPLAY
290
     1
  9
$INSUNITS
 70
     1
  9
$HYPERLINKBASE
  1

  9
$STYLESHEET
  1

  9
$XEDIT
290
     1
  9
$CEPSNTYPE
380
     0
  9
$PSTYLEMODE
290
     1
  9
$FINGERPRINTGUID
  2
{0C411163-0EF4-DA45-9B85-2C80F009D269}
  9
$VERSIONGUID
  2
{7065DED8-7D7E-5D4C-A9DE-6BB43FC020C2}
  9
$EXTNAMES
290
     1
  9
$PSVPSCALE
 40
0.0
  9
$OLESTARTUP
290
     0
  9
$SORTENTS
280
   127
  9
$INDEXCTL
280
     0
  9
$HIDETEXT
280
     1
  9
$XCLIPFRAME
280
     2
  9
$HALOGAP
280
     0
  9
$OBSCOLOR
 70
   257
  9
$OBSLTYPE
280
     0
  9
$INTERSECTIONDISPLAY
280
     0
  9
$INTERSECTIONCOLOR
 70
   257
  9
$DIMASSOC
280
     2
  9
$PROJECTNAME
  1

  9
$CAMERADISPLAY
290
     0
  9
$LENSLENGTH
 40
50.0
  9
$CAMERAHEIGHT
 40
0.0
  9
$STEPSPERSEC
 40
2.0
  9
$STEPSIZE
 40
6.0
  9
$3DDWFPREC
 40
2.0
  9
$PSOLWIDTH
 40
0.25
  9
$PSOLHEIGHT
 40
4.0
  9
$LOFTANG1
 40
1.570796326794896
  9
$LOFTANG2
 40
1.570796326794896
  9
$LOFTMAG1
 40
0.0
  9
$LOFTMAG2
 40
0.0
  9
$LOFTPARAM
 70
     7
  9
$LOFTNORMALS
280
     1
  9
$LATITUDE
 40
37.795
  9
$LONGITUDE
 40
-122.394
  9
$NORTHDIRECTION
 40
0.0
  9
$TIMEZONE
 70
 -8000
  9
$LIGHTGLYPHDISPLAY
280
     1
  9
$TILEMODELIGHTSYNCH
280
     1
  9
$CMATERIAL
347
11
  9
$SOLIDHIST
280
     0
  9
$SHOWHIST
280
     1
  9
$DWFFRAME
280
     2
  9
$DGNFRAME
280
     0
  9
$REALWORLDSCALE
290
     1
  9
$INTERFERECOLOR
 62
     1
  9
$INTERFEREOBJVS
345
33
  9
$INTERFEREVPVS
346
30
  9
$CSHADOW
280
     0
  9
$SHADOWPLANELOCATION
 40
0.0
  0
ENDSEC
  0
SECTION
  2
CLASSES
  0
CLASS
  1
ACDBDICTIONARYWDFLT
  2
AcDbDictionaryWithDefault
  3
ObjectDBX Classes
 90
        0
 91
        1
280
     0
281
     0
  0
CLASS
  1
MATERIAL
  2
AcDbMaterial
  3
ObjectDBX Classes
 90
     1153
 91
        3
280
     0
281
     0
  0
CLASS
  1
VISUALSTYLE
  2
AcDbVisualStyle
  3
ObjectDBX Classes
 90
     4095
 91
       24
280
     0
281
     0
  0
CLASS
  1
SCALE
  2
AcDbScale
  3
ObjectDBX Classes
 90
     1153
 91
       17
280
     0
281
     0
  0
CLASS
  1
TABLESTYLE
  2
AcDbTableStyle
  3
ObjectDBX Classes
 90
     4095
 91
        1
280
     0
281
     0
  0
CLASS
  1
MLEADERSTYLE
  2
AcDbMLeaderStyle
  3
ACDB_MLEADERSTYLE_CLASS
 90
     4095
 91
        1
280
     0
281
     0
  0
CLASS
  1
ACDBSECTIONVIEWSTYLE
  2
AcDbSectionViewStyle
  3
ObjectDBX Classes
 90
     1025
 91
        1
280
     0
281
     0
  0
CLASS
  1
ACDBDETAILVIEWSTYLE
  2
AcDbDetailViewStyle
  3
ObjectDBX Classes
 90
     1025
 91
        1
280
     0
281
     0
  0
CLASS
  1
DICTIONARYVAR
  2
AcDbDictionaryVar
  3
ObjectDBX Classes
 90
        0
 91
        5
280
     0
281
     0
  0
CLASS
  1
CELLSTYLEMAP
  2
AcDbCellStyleMap
  3
ObjectDBX Classes
 90
     1152
 91
        1
280
     0
281
     0
  0
ENDSEC
  0
SECTION
  2
TABLES
  0
TABLE
  2
VPORT
  5
8
330
0
100
AcDbSymbolTable
 70
     1
  0
VPORT
  5
57
330
8
100
AcDbSymbolTableRecord
100
AcDbViewportTableRecord
  2
*Active
 70
     0
 10
0.0
 20
0.0
 11
1.0
 21
1.0
 12
0.0
 22
0.0
 13
0.0
 23
0.0
 14
1.0
 24
1.0
 15
0.0
 25
0.0
 16
0.0
 26
0.0
 36
1.0
 17
2.513888888888888
 27
4.166666666666666
 37
0.0
 40
8.499999999999998
 41
0.6033333333333334
 42
50.0
 43
0.0
 44
0.0
 50
0.0
 51
0.0
 71
     0
 72
   100
 73
     1
 74
     1
 75
     0
 76
     0
 77
     0
 78
     0
281
     0
 65
     1
110
0.0
120
0.0
130
0.0
111
1.0
121
0.0
131
0.0
112
0.0
122
1.0
132
0.0
 79
     0
146
0.0
 60
     3
 61
     5
292
     1
282
     1
141
0.0
142
0.0
 63
   250
421
  3355443
  0
ENDTAB
  0
TABLE
  2
LTYPE
  5
5
330
0
100
AcDbSymbolTable
 70
     1
  0
LTYPE
  5
5B
330
5
100
AcDbSymbolTableRecord
100
AcDbLinetypeTableRecord
  2
ByBlock
 70
     0
  3

 72
    65
 73
     0
 40
0.0
  0
LTYPE
  5
5C
330
5
100
AcDbSymbolTableRecord
100
AcDbLinetypeTableRecord
  2
ByLayer
 70
     0
  3

 72
    65
 73
     0
 40
0.0
  0
LTYPE
  5
5D
330
5
100
AcDbSymbolTableRecord
100
AcDbLinetypeTableRecord
  2
Continuous
 70
     0
  3
Solid line
 72
    65
 73
     0
 40
0.0
  0
ENDTAB
  0
TABLE
  2
LAYER
  5
2
330
0
100
AcDbSymbolTable
 70
     3
  0
LAYER
  5
54
330
2
100
AcDbSymbolTableRecord
100
AcDbLayerTableRecord
  2
0
 70
     0
 62
     7
  6
Continuous
370
    -3
390
F
347
21
348
0
  0
LAYER
  5
78
330
2
100
AcDbSymbolTableRecord
100
AcDbLayerTableRecord
  2
Layer 1
 70
     5
 62
     7
  6
Continuous
370
     0
390
F
347
21
348
0
  0
LAYER
  5
1AE
330
2
100
AcDbSymbolTableRecord
100
AcDbLayerTableRecord
  2
Layer 2
 70
     0
 62
     7
  6
Continuous
370
     0
390
F
347
21
348
0
  0
ENDTAB
  0
TABLE
  2
STYLE
  5
3
330
0
100
AcDbSymbolTable
 70
     2
  0
STYLE
  5
55
330
3
100
AcDbSymbolTableRecord
100
AcDbTextStyleTableRecord
  2
Standard
 70
     0
 40
0.0
 41
1.0
 50
0.0
 71
     0
 42
0.2
  3
txt
  4

  0
STYLE
  5
5A
330
3
100
AcDbSymbolTableRecord
100
AcDbTextStyleTableRecord
  2
Annotative
 70
     0
 40
0.0
 41
1.0
 50
0.0
 71
     0
 42
0.2
  3
txt
  4

1001
AcadAnnotative
1000
AnnotativeData
1002
{
1070
     1
1070
     1
1002
}
  0
ENDTAB
  0
TABLE
  2
VIEW
  5
6
330
0
100
AcDbSymbolTable
 70
     0
  0
ENDTAB
  0
TABLE
  2
UCS
  5
7
330
0
100
AcDbSymbolTable
 70
     0
  0
ENDTAB
  0
TABLE
  2
APPID
  5
9
330
0
100
AcDbSymbolTable
 70
     2
  0
APPID
  5
56
330
9
100
AcDbSymbolTableRecord
100
AcDbRegAppTableRecord
  2
ACAD
 70
     0
  0
APPID
  5
5E
330
9
100
AcDbSymbolTableRecord
100
AcDbRegAppTableRecord
  2
AcadAnnotative
 70
     0
  0
ENDTAB
  0
TABLE
  2
DIMSTYLE
  5
A
330
0
100
AcDbSymbolTable
 70
     2
100
AcDbDimStyleTable
 71
     0
  0
DIMSTYLE
105
58
330
A
100
AcDbSymbolTableRecord
100
AcDbDimStyleTableRecord
  2
Standard
 70
     0
340
55
  0
DIMSTYLE
105
59
330
A
100
AcDbSymbolTableRecord
100
AcDbDimStyleTableRecord
  2
Annotative
 70
     0
340
55
1001
AcadAnnotative
1000
AnnotativeData
1002
{
1070
     1
1070
     1
1002
}
  0
ENDTAB
  0
TABLE
  2
BLOCK_RECORD
  5
1
330
0
100
AcDbSymbolTable
 70
     2
  0
BLOCK_RECORD
  5
70
330
1
100
AcDbSymbolTableRecord
100
AcDbBlockTableRecord
  2
*Model_Space
340
73
 70
     0
280
     1
281
     0
  0
BLOCK_RECORD
  5
6C
330
1
100
AcDbSymbolTableRecord
100
AcDbBlockTableRecord
  2
*Paper_Space
340
6F
 70
     0
280
     1
281
     0
  0
BLOCK_RECORD
  5
74
330
1
100
AcDbSymbolTableRecord
100
AcDbBlockTableRecord
  2
*Paper_Space0
340
77
 70
     0
280
     1
281
     0
  0
BLOCK_RECORD
  5
79
330
1
100
AcDbSymbolTableRecord
100
AcDbBlockTableRecord
  2
Block_0
340
0
102
{BLKREFS
331
7A
102
}
 70
     0
280
     1
281
     0
  0
ENDTAB
  0
ENDSEC
  0
SECTION
  2
BLOCKS
  0
BLOCK
  5
71
330
70
100
AcDbEntity
  8
0
100
AcDbBlockBegin
  2
*Model_Space
 70
     0
 10
0.0
 20
0.0
 30
0.0
  3
*Model_Space
  1

  0
ENDBLK
  5
72
330
70
100
AcDbEntity
  8
0
100
AcDbBlockEnd
  0
BLOCK
  5
6D
330
6C
100
AcDbEntity
 67
     1
  8
0
100
AcDbBlockBegin
  2
*Paper_Space
 70
     0
 10
0.0
 20
0.0
 30
0.0
  3
*Paper_Space
  1

  0
ENDBLK
  5
6E
330
6C
100
AcDbEntity
 67
     1
  8
0
100
AcDbBlockEnd
  0
BLOCK
  5
75
330
74
100
AcDbEntity
 67
     1
  8
0
100
AcDbBlockBegin
  2
*Paper_Space0
 70
     0
 10
0.0
 20
0.0
 30
0.0
  3
*Paper_Space0
  1

  0
ENDBLK
  5
76
330
74
100
AcDbEntity
 67
     1
  8
0
100
AcDbBlockEnd
  0
BLOCK
  5
7B
330
79
100
AcDbEntity
  8
0
100
AcDbBlockBegin
  2
Block_0
 70
     0
 10
0.0
 20
0.0
 30
0.0
  3
Block_0
  1

  0
SPLINE
  5
7D
330
79
100
AcDbEntity
  8
Layer 1
100
AcDbSpline
210
0.0
220
0.0
230
1.0
 70
     9
 71
     3
 72
    14
 73
    10
 74
     0
 42
0.0000000001
 43
0.0000000001
 40
0.0
 40
0.0
 40
0.0
 40
0.0
 40
1.0
 40
1.0
 40
1.0
 40
2.0
 40
2.0
 40
2.0
 40
3.0
 40
3.0
 40
3.0
 40
3.0
 10
1.3930555763137
 20
6.770833434226611
 30
0.0
 10
1.388888909584945
 20
6.758333434040347
 30
0.0
 10
1.381944465037021
 20
6.751388989492422
 30
0.0
 10
1.379166687217851
 20
6.755555656221177
 30
0.0
 10
1.375000020489096
 20
6.759722322949932
 30
0.0
 10
1.376388909398681
 20
6.768055656407441
 30
0.0
 10
1.381944465037021
 20
6.776388989864951
 30
0.0
 10
1.394444465223285
 20
6.79861121241831
 30
0.0
 10
1.402777798680795
 20
6.794444545689556
 30
0.0
 10
1.3930555763137
 20
6.770833434226611
 30
0.0
  0
SPLINE
  5
7E
330
79
100
AcDbEntity
  8
Layer 1
100
AcDbSpline
210
0.0
220
0.0
230
1.0
 70
     9
 71
     3
 72
   446
 73
   442
 74
     0
 42
0.0000000001
 43
0.0000000001
 40
0.0
 40
0.0
 40
0.0
 40
0.0
 40
1.0
 40
1.0
 40
1.0
 40
2.0
 40
2.0
 40
2.0
 40
3.0
 40
3.0
 40
3.0
 40
4.0
 40
4.0
 40
4.0
 40
5.0
 40
5.0
 40
5.0
 40
6.0
 40
6.0
 40
6.0
 40
7.0
 40
7.0
 40
7.0
 40
8.0
 40
8.0
 40
8.0
 40
9.0
 40
9.0
 40
9.0
 40
10.0
 40
10.0
 40
10.0
 40
11.0
 40
11.0
 40
11.0
 40
12.0
 40
12.0
 40
12.0
 40
13.0
 40
13.0
 40
13.0
 40
14.0
 40
14.0
 40
14.0
 40
15.0
 40
15.0
 40
15.0
 40
16.0
 40
16.0
 40
16.0
 40
17.0
 40
17.0
 40
17.0
 40
18.0
 40
18.0
 40
18.0
 40
19.0
 40
19.0
 40
19.0
 40
20.0
 40
20.0
 40
20.0
 40
21.0
 40
21.0
 40
21.0
 40
22.0
 40
22.0
 40
22.0
 40
23.0
 40
23.0
 40
23.0
 40
24.0
 40
24.0
 40
24.0
 40
25.0
 40
25.0
 40
25.0
 40
26.0
 40
26.0
 40
26.0
 40
27.0
 40
27.0
 40
27.0
 40
28.0
 40
28.0
 40
28.0
 40
29.0
 40
29.0
 40
29.0
 40
30.0
 40
30.0
 40
30.0
 40
31.0
 40
31.0
 40
31.0
 40
32.0
 40
32.0
 40
32.0
 40
33.0
 40
33.0
 40
33.0
 40
34.0
 40
34.0
 40
34.0
 40
35.0
 40
35.0
 40
35.0
 40
36.0
 40
36.0
 40
36.0
 40
37.0
 40
37.0
 40
37.0
 40
38.0
 40
38.0
 40
38.0
 40
39.0
 40
39.0
 40
39.0
 40
40.0
 40
40.0
 40
40.0
 40
41.0
 40
41.0
 40
41.0
 40
42.0
 40
42.0
 40
42.0
 40
43.0
 40
43.0
 40
43.0
 40
44.0
 40
44.0
 40
44.0
 40
45.0
 40
45.0
 40
45.0
 40
46.0
 40
46.0
 40
46.0
 40
47.0
 40
47.0
 40
47.0
 40
48.0
 40
48.0
 40
48.0
 40
49.0
 40
49.0
 40
49.0
 40
50.0
 40
50.0
 40
50.0
 40
51.0
 40
51.0
 40
51.0
 40
52.0
 40
52.0
 40
52.0
 40
53.0
 40
53.0
 40
53.0
 40
54.0
 40
54.0
 40
54.0
 40
55.0
 40
55.0
 40
55.0
 40
56.0
 40
56.0
 40
56.0
 40
57.0
 40
57.0
 40
57.0
 40
58.0
 40
58.0
 40
58.0
 40
59.0
 40
59.0
 40
59.0
 40
60.0
 40
60.0
 40
60.0
 40
61.0
 40
61.0
 40
61.0
 40
62.0
 40
62.0
 40
62.0
 40
63.0
 40
63.0
 40
63.0
 40
64.0
 40
64.0
 40
64.0
 40
65.0
 40
65.0
 40
65.0
 40
66.0
 40
66.0
 40
66.0
 40
67.0
 40
67.0
 40
67.0
 40
68.0
 40
68.0
 40
68.0
 40
69.0
 40
69.0
 40
69.0
 40
70.0
 40
70.0
 40
70.0
 40
71.0
 40
71.0
 40
71.0
 40
72.0
 40
72.0
 40
72.0
 40
73.0
 40
73.0
 40
73.0
 40
74.0
 40
74.0
 40
74.0
 40
75.0
 40
75.0
 40
75.0
 40
76.0
 40
76.0
 40
76.0
 40
77.0
 40
77.0
 40
77.0
 40
78.0
 40
78.0
 40
78.0
 40
79.0
 40
79.0
 40
79.0
 40
80.0
 40
80.0
 40
80.0
 40
81.0
 40
81.0
 40
81.0
 40
82.0
 40
82.0
 40
82.0
 40
83.0
 40
83.0
 40
83.0
 40
84.0
 40
84.0
 40
84.0
 40
85.0
 40
85.0
 40
85.0
 40
86.0
 40
86.0
 40
86.0
 40
87.0
 40
87.0
 40
87.0
 40
88.0
 40
88.0
 40
88.0
 40
89.0
 40
89.0
 40
89.0
 40
90.0
 40
90.0
 40
90.0
 40
91.0
 40
91.0
 40
91.0
 40
92.0
 40
92.0
 40
92.0
 40
93.0
 40
93.0
 40
93.0
 40
94.0
 40
94.0
 40
94.0
 40
95.0
 40
95.0
 40
95.0
 40
96.0
 40
96.0
 40
96.0
 40
97.0
 40
97.0
 40
97.0
 40
98.0
 40
98.0
 40
98.0
 40
99.0
 40
99.0
 40
99.0
 40
100.0
 40
100.0
 40
100.0
 40
101.0
 40
101.0
 40
101.0
 40
102.0
 40
102.0
 40
102.0
 40
103.0
 40
103.0
 40
103.0
 40
104.0
 40
104.0
 40
104.0
 40
105.0
 40
105.0
 40
105.0
 40
106.0
 40
106.0
 40
106.0
 40
107.0
 40
107.0
 40
107.0
 40
108.0
 40
108.0
 40
108.0
 40
109.0
 40
109.0
 40
109.0
 40
110.0
 40
110.0
 40
110.0
 40
111.0
 40
111.0
 40
111.0
 40
112.0
 40
112.0
 40
112.0
 40
113.0
 40
113.0
 40
113.0
 40
114.0
 40
114.0
 40
114.0
 40
115.0
 40
115.0
 40
115.0
 40
116.0
 40
116.0
 40
116.0
 40
117.0
 40
117.0
 40
117.0
 40
118.0
 40
118.0
 40
118.0
 40
119.0
 40
119.0
 40
119.0
 40
120.0
 40
120.0
 40
120.0
 40
121.0
 40
121.0
 40
121.0
 40
122.0
 40
122.0
 40
122.0
 40
123.0
 40
123.0
 40
123.0
 40
124.0
 40
124.0
 40
124.0
 40
125.0
 40
125.0
 40
125.0
 40
126.0
 40
126.0
 40
126.0
 40
127.0
 40
127.0
 40
127.0
 40
128.0
 40
128.0
 40
128.0
 40
129.0
 40
129.0
 40
129.0
 40
130.0
 40
130.0
 40
130.0
 40
131.0
 40
131.0
 40
131.0
 40
132.0
 40
132.0
 40
132.0
 40
133.0
 40
133.0
 40
133.0
 40
134.0
 40
134.0
 40
134.0
 40
135.0
 40
135.0
 40
135.0
 40
136.0
 40
136.0
 40
136.0
 40
137.0
 40
137.0
 40
137.0
 40
138.0
 40
138.0
 40
138.0
 40
139.0
 40
139.0
 40
139.0
 40
140.0
 40
140.0
 40
140.0
 40
141.0
 40
141.0
 40
141.0
 40
142.0
 40
142.0
 40
142.0
 40
143.0
 40
143.0
 40
143.0
 40
144.0
 40
144.0
 40
144.0
 40
145.0
 40
145.0
 40
145.0
 40
146.0
 40
146.0
 40
146.0
 40
147.0
 40
147.0
 40
147.0
 40
147.0
 10
2.41527781376822
 20
8.320833457323411
 30
0.0
 10
2.41527781376822
 20
8.320833457323411
 30
0.0
 10
2.212500032968819
 20
8.312500123865902
 30
0.0
 10
2.212500032968819
 20
8.312500123865902
 30
0.0
 10
2.212500032968819
 20
8.312500123865902
 30
0.0
 10
2.093055586744513
 20
8.252777900753748
 30
0.0
 10
2.093055586744513
 20
8.252777900753748
 30
0.0
 10
1.887500028125941
 20
8.151389010354048
 30
0.0
 10
1.752777803896201
 20
7.987500119023025
 30
0.0
 10
1.722222247885333
 20
7.800000116229057
 30
0.0
 10
1.711111136608653
 20
7.726389004021054
 30
0.0
 10
1.719444470066163
 20
7.629166780350108
 30
0.0
 10
1.743055581529107
 20
7.56805566832837
 30
0.0
 10
1.756944470624956
 20
7.531944556679162
 30
0.0
 10
1.698611136422389
 20
7.400000110268592
 30
0.0
 10
1.641666691129406
 20
7.338888998246854
 30
0.0
 10
1.613888912937707
 20
7.308333442235985
 30
0.0
 10
1.540277800729705
 20
7.245833441304663
 30
0.0
 10
1.479166688707967
 20
7.201388996197945
 30
0.0
 10
1.322222241924868
 20
7.087500105611979
 30
0.0
 10
1.293055574823584
 20
7.058333438510695
 30
0.0
 10
1.255555574264791
 20
6.979166770664353
 30
0.0
 10
1.222222240434752
 20
6.908333436275521
 30
0.0
 10
1.209722240248487
 20
6.777777878774536
 30
0.0
 10
1.236111129530601
 20
6.777777878774536
 30
0.0
 10
1.244444462988111
 20
6.777777878774536
 30
0.0
 10
1.250000018626451
 20
6.794444545689556
 30
0.0
 10
1.250000018626451
 20
6.816666768242915
 30
0.0
 10
1.250000018626451
 20
6.948611214653484
 30
0.0
 10
1.315277797376943
 20
7.047222327234016
 30
0.0
 10
1.470833355250457
 20
7.148611217633717
 30
0.0
 10
1.53611113400095
 20
7.19166677383085
 30
0.0
 10
1.604166690570612
 20
7.238888996756738
 30
0.0
 10
1.622222246395216
 20
7.254166774762173
 30
0.0
 10
1.684722247326539
 20
7.312500108964741
 30
0.0
 10
1.650000024586915
 20
7.252777885852587
 30
0.0
 10
1.540277800729705
 20
7.118055661622848
 30
0.0
 10
1.418055576686229
 20
6.969444548297259
 30
0.0
 10
1.369444464850756
 20
6.879166769174237
 30
0.0
 10
1.348611131206982
 20
6.769444545317027
 30
0.0
 10
1.334722242111133
 20
6.700000099837779
 30
0.0
 10
1.343055575568642
 20
6.569444542336794
 30
0.0
 10
1.361111131393247
 20
6.569444542336794
 30
0.0
 10
1.366666687031586
 20
6.569444542336794
 30
0.0
 10
1.377777798308266
 20
6.602777876166832
 30
0.0
 10
1.387500020675361
 20
6.643055654544796
 30
0.0
 10
1.405555576499965
 20
6.722222322391139
 30
0.0
 10
1.484722244346307
 20
6.876388991355067
 30
0.0
 10
1.512500022538006
 20
6.886111213722162
 30
0.0
 10
1.52500002272427
 20
6.890277880450916
 30
0.0
 10
1.5222222449051
 20
6.876388991355067
 30
0.0
 10
1.505555577990081
 20
6.845833435344198
 30
0.0
 10
1.473611133069627
 20
6.786111212232046
 30
0.0
 10
1.470833355250457
 20
6.572222320155964
 30
0.0
 10
1.498611133442156
 20
6.502777874676716
 30
0.0
 10
1.513888911447591
 20
6.465277874117923
 30
0.0
 10
1.573611134559743
 20
6.41666676228245
 30
0.0
 10
1.602777801661027
 20
6.41666676228245
 30
0.0
 10
1.605555579480197
 20
6.41666676228245
 30
0.0
 10
1.613888912937707
 20
6.451388985022074
 30
0.0
 10
1.618055579666462
 20
6.493055652309622
 30
0.0
 10
1.629166690943141
 20
6.573611209065549
 30
0.0
 10
1.652777802406085
 20
6.598611209438078
 30
0.0
 10
1.652777802406085
 20
6.527777875049245
 30
0.0
 10
1.652777802406085
 20
6.505555652495886
 30
0.0
 10
1.66250002477318
 20
6.461111207389168
 30
0.0
 10
1.675000024959444
 20
6.430555651378299
 30
0.0
 10
1.693055580784049
 20
6.386111206271581
 30
0.0
 10
1.706944469879898
 20
6.372222317175732
 30
0.0
 10
1.748611137167447
 20
6.362500094808638
 30
0.0
 10
1.827777805013788
 20
6.341666761164863
 30
0.0
 10
1.837500027380883
 20
6.341666761164863
 30
0.0
 10
1.893055583764281
 20
6.366666761537392
 30
0.0
 10
1.922222250865565
 20
6.379166761723657
 30
0.0
 10
2.015277807807756
 20
6.400000095367431
 30
0.0
 10
2.098611142382853
 20
6.412500095553696
 30
0.0
 10
2.098611142382853
 20
6.412500095553696
 30
0.0
 10
2.250000033527612
 20
6.436111207016639
 30
0.0
 10
2.250000033527612
 20
6.436111207016639
 30
0.0
 10
2.250000033527612
 20
6.436111207016639
 30
0.0
 10
2.250000033527612
 20
6.498611207947962
 30
0.0
 10
2.250000033527612
 20
6.498611207947962
 30
0.0
 10
2.250000033527612
 20
6.498611207947962
 30
0.0
 10
2.250000033527612
 20
6.56250009778887
 30
0.0
 10
2.250000033527612
 20
6.56250009778887
 30
0.0
 10
2.250000033527612
 20
6.56250009778887
 30
0.0
 10
2.1680555878621
 20
6.586111209251813
 30
0.0
 10
2.1680555878621
 20
6.586111209251813
 30
0.0
 10
2.043055585999455
 20
6.623611209810607
 30
0.0
 10
1.956944473605188
 20
6.698611210928194
 30
0.0
 10
1.893055583764281
 20
6.829166768429179
 30
0.0
 10
1.893055583764281
 20
6.829166768429179
 30
0.0
 10
1.840277805200053
 20
6.93611121446722
 30
0.0
 10
1.840277805200053
 20
6.93611121446722
 30
0.0
 10
1.840277805200053
 20
6.93611121446722
 30
0.0
 10
1.840277805200053
 20
7.206944551836285
 30
0.0
 10
1.840277805200053
 20
7.206944551836285
 30
0.0
 10
1.840277805200053
 20
7.465277889019084
 30
0.0
 10
1.841666694109638
 20
7.481944555934104
 30
0.0
 10
1.873611139030092
 20
7.545833445775011
 30
0.0
 10
1.930555584323075
 20
7.661111225270562
 30
0.0
 10
2.1680555878621
 20
7.962500118650496
 30
0.0
 10
2.186111143686705
 20
7.943055673916306
 30
0.0
 10
2.19027781041546
 20
7.940277896097136
 30
0.0
 10
2.18750003259629
 20
7.909722340086267
 30
0.0
 10
2.17916669913878
 20
7.876389006256228
 30
0.0
 10
2.156944476585421
 20
7.779166782585282
 30
0.0
 10
2.209722255149649
 20
7.56805566832837
 30
0.0
 10
2.263888922623462
 20
7.534722334498332
 30
0.0
 10
2.281944478448066
 20
7.523611223221652
 30
0.0
 10
2.281944478448066
 20
7.519444556492898
 30
0.0
 10
2.250000033527612
 20
7.622222335802184
 30
0.0
 10
2.219444477516743
 20
7.720833448382714
 30
0.0
 10
2.212500032968819
 20
7.887500117532908
 30
0.0
 10
2.238888922250933
 20
7.934722340458796
 30
0.0
 10
2.252777811346782
 20
7.962500118650496
 30
0.0
 10
2.252777811346782
 20
7.96388900756008
 30
0.0
 10
2.231944477703008
 20
7.945833451735476
 30
0.0
 10
2.208333366240064
 20
7.927777895910871
 30
0.0
 10
2.201388921692139
 20
7.934722340458796
 30
0.0
 10
2.205555588420894
 20
7.973611229927175
 30
0.0
 10
2.206944477330479
 20
7.977777896655929
 30
0.0
 10
2.198611143872969
 20
7.981944563384685
 30
0.0
 10
2.18750003259629
 20
7.981944563384685
 30
0.0
 10
2.17638892131961
 20
7.981944563384685
 30
0.0
 10
2.172222254590855
 20
7.97500011883676
 30
0.0
 10
2.17638892131961
 20
7.968055674288835
 30
0.0
 10
2.180555588048365
 20
7.96111122974091
 30
0.0
 10
2.17638892131961
 20
7.95833345192174
 30
0.0
 10
2.165277810042931
 20
7.96111122974091
 30
0.0
 10
2.154166698766251
 20
7.965277896469665
 30
0.0
 10
2.147222254218326
 20
7.976389007746345
 30
0.0
 10
2.150000032037496
 20
7.984722341203855
 30
0.0
 10
2.151388920947081
 20
7.994444563570949
 30
0.0
 10
2.147222254218326
 20
7.998611230299704
 30
0.0
 10
2.138888920760817
 20
7.993055674661364
 30
0.0
 10
2.130555587303307
 20
7.988889007932609
 30
0.0
 10
2.126388920574552
 20
7.980555674475099
 30
0.0
 10
2.130555587303307
 20
7.97500011883676
 30
0.0
 10
2.138888920760817
 20
7.95833345192174
 30
0.0
 10
2.087500031106173
 20
7.881944561894568
 30
0.0
 10
2.070833364191154
 20
7.886111228623323
 30
0.0
 10
2.062500030733644
 20
7.887500117532908
 30
0.0
 10
2.055555586185719
 20
7.881944561894568
 30
0.0
 10
2.055555586185719
 20
7.875000117346644
 30
0.0
 10
2.055555586185719
 20
7.866666783889134
 30
0.0
 10
2.04722225272821
 20
7.861111228250794
 30
0.0
 10
2.03611114145153
 20
7.863889006069964
 30
0.0
 10
2.025000030174851
 20
7.866666783889134
 30
0.0
 10
2.016666696717341
 20
7.862500117160379
 30
0.0
 10
2.018055585626926
 20
7.854166783702869
 30
0.0
 10
2.019444474536511
 20
7.847222339154945
 30
0.0
 10
2.026388919084436
 20
7.841666783516605
 30
0.0
 10
2.03333336363236
 20
7.844444561335775
 30
0.0
 10
2.040277808180285
 20
7.847222339154945
 30
0.0
 10
2.027777807994021
 20
7.827777894420755
 30
0.0
 10
2.006944474350246
 20
7.802777894048226
 30
0.0
 10
1.986111140706472
 20
7.777777893675697
 30
0.0
 10
1.961111140333943
 20
7.756944560031923
 30
0.0
 10
1.952777806876434
 20
7.756944560031923
 30
0.0
 10
1.944444473418924
 20
7.756944560031923
 30
0.0
 10
1.937500028870999
 20
7.750000115483999
 30
0.0
 10
1.937500028870999
 20
7.743055670936073
 30
0.0
 10
1.937500028870999
 20
7.706944559286865
 30
0.0
 10
1.844444471928808
 20
7.548611223594181
 30
0.0
 10
1.831944471742543
 20
7.562500112690031
 30
0.0
 10
1.829166693923373
 20
7.5652778905092
 30
0.0
 10
1.825000027194619
 20
7.544444556865427
 30
0.0
 10
1.823611138285034
 20
7.518055667583312
 30
0.0
 10
1.822222249375449
 20
7.490277889391613
 30
0.0
 10
1.815277804827524
 20
7.463889000109499
 30
0.0
 10
1.808333360279599
 20
7.459722333380745
 30
0.0
 10
1.80000002682209
 20
7.454166777742405
 30
0.0
 10
1.798611137912505
 20
7.404166776997347
 30
0.0
 10
1.804166693550844
 20
7.330555664789344
 30
0.0
 10
1.808333360279599
 20
7.265277886038852
 30
0.0
 10
1.809722249189184
 20
7.212500107474625
 30
0.0
 10
1.805555582460429
 20
7.215277885293794
 30
0.0
 10
1.78888891554541
 20
7.225000107660889
 30
0.0
 10
1.805555582460429
 20
7.000000104308128
 30
0.0
 10
1.826388916104203
 20
6.916666769733031
 30
0.0
 10
1.838888916290468
 20
6.866666768987973
 30
0.0
 10
1.850000027567148
 20
6.815277879333329
 30
0.0
 10
1.851388916476732
 20
6.802777879147065
 30
0.0
 10
1.852777805386318
 20
6.7902778789608
 30
0.0
 10
1.856944472115072
 20
6.781944545503291
 30
0.0
 10
1.862500027753412
 20
6.784722323322461
 30
0.0
 10
1.870833361210922
 20
6.7902778789608
 30
0.0
 10
1.930555584323075
 20
6.716666766752799
 30
0.0
 10
1.930555584323075
 20
6.701388988747364
 30
0.0
 10
1.930555584323075
 20
6.69722232201861
 30
0.0
 10
1.92361113977515
 20
6.69722232201861
 30
0.0
 10
1.913888917408055
 20
6.702777877656949
 30
0.0
 10
1.90416669504096
 20
6.709722322204874
 30
0.0
 10
1.902777806131376
 20
6.706944544385704
 30
0.0
 10
1.908333361769715
 20
6.695833433109024
 30
0.0
 10
1.91527780631764
 20
6.68611121074193
 30
0.0
 10
1.922222250865565
 20
6.681944544013175
 30
0.0
 10
1.92638891759432
 20
6.68611121074193
 30
0.0
 10
1.930555584323075
 20
6.690277877470684
 30
0.0
 10
1.954166695786019
 20
6.67777787728442
 30
0.0
 10
1.977777807248963
 20
6.659722321459816
 30
0.0
 10
2.001388918711907
 20
6.640277876725626
 30
0.0
 10
2.027777807994021
 20
6.619444543081852
 30
0.0
 10
2.03611114145153
 20
6.612500098533928
 30
0.0
 10
2.04444447490904
 20
6.605555653986002
 30
0.0
 10
2.063888919643229
 20
6.595833431618908
 30
0.0
 10
2.080555586558249
 20
6.591666764890153
 30
0.0
 10
2.098611142382853
 20
6.586111209251813
 30
0.0
 10
2.106944475840363
 20
6.575000097975134
 30
0.0
 10
2.102777809111608
 20
6.566666764517624
 30
0.0
 10
2.097222253473268
 20
6.558333431060114
 30
0.0
 10
2.100000031292438
 20
6.555555653240944
 30
0.0
 10
2.106944475840363
 20
6.5597223199697
 30
0.0
 10
2.136111142941647
 20
6.577777875794303
 30
0.0
 10
2.205555588420894
 20
6.541666764145095
 30
0.0
 10
2.212500032968819
 20
6.505555652495886
 30
0.0
 10
2.220833366426328
 20
6.461111207389168
 30
0.0
 10
2.205555588420894
 20
6.452777873931658
 30
0.0
 10
2.090277808925343
 20
6.447222318293319
 30
0.0
 10
2.03611114145153
 20
6.444444540474149
 30
0.0
 10
1.979166696158548
 20
6.433333429197469
 30
0.0
 10
1.961111140333943
 20
6.42222231792079
 30
0.0
 10
1.933333362142244
 20
6.404166762096186
 30
0.0
 10
1.925000028684735
 20
6.404166762096186
 30
0.0
 10
1.884722250306771
 20
6.42222231792079
 30
0.0
 10
1.840277805200053
 20
6.444444540474149
 30
0.0
 10
1.840277805200053
 20
6.444444540474149
 30
0.0
 10
1.870833361210922
 20
6.418055651192035
 30
0.0
 10
1.870833361210922
 20
6.418055651192035
 30
0.0
 10
1.90138891722179
 20
6.393055650819506
 30
0.0
 10
1.90138891722179
 20
6.393055650819506
 30
0.0
 10
1.90138891722179
 20
6.393055650819506
 30
0.0
 10
1.870833361210922
 20
6.391666761909921
 30
0.0
 10
1.870833361210922
 20
6.391666761909921
 30
0.0
 10
1.854166694295902
 20
6.391666761909921
 30
0.0
 10
1.834722249561713
 20
6.390277873000336
 30
0.0
 10
1.826388916104203
 20
6.387500095181167
 30
0.0
 10
1.819444471556279
 20
6.384722317361997
 30
0.0
 10
1.79166669336458
 20
6.387500095181167
 30
0.0
 10
1.765277804082466
 20
6.393055650819506
 30
0.0
 10
1.731944470252427
 20
6.400000095367431
 30
0.0
 10
1.720833358975748
 20
6.40833342882494
 30
0.0
 10
1.727777803523672
 20
6.423611206830375
 30
0.0
 10
1.731944470252427
 20
6.436111207016639
 30
0.0
 10
1.730555581342842
 20
6.443055651564564
 30
0.0
 10
1.723611136794918
 20
6.438888984835809
 30
0.0
 10
1.709722247699068
 20
6.430555651378299
 30
0.0
 10
1.691666691874464
 20
6.475000096485018
 30
0.0
 10
1.688888914055294
 20
6.526388986139661
 30
0.0
 10
1.687500025145709
 20
6.544444541964265
 30
0.0
 10
1.67361113604986
 20
6.568055653427209
 30
0.0
 10
1.65972224695401
 20
6.579166764703889
 30
0.0
 10
1.634722246581481
 20
6.595833431618908
 30
0.0
 10
1.629166690943141
 20
6.595833431618908
 30
0.0
 10
1.608333357299367
 20
6.568055653427209
 30
0.0
 10
1.594444468203517
 20
6.55138898651219
 30
0.0
 10
1.583333356926838
 20
6.522222319410906
 30
0.0
 10
1.583333356926838
 20
6.501388985767132
 30
0.0
 10
1.583333356926838
 20
6.473611207575433
 30
0.0
 10
1.580555579107668
 20
6.469444540846678
 30
0.0
 10
1.569444467830988
 20
6.486111207761697
 30
0.0
 10
1.556944467644724
 20
6.504166763586302
 30
0.0
 10
1.555555578735139
 20
6.504166763586302
 30
0.0
 10
1.554166689825554
 20
6.486111207761697
 30
0.0
 10
1.554166689825554
 20
6.475000096485018
 30
0.0
 10
1.54444446745846
 20
6.490277874490452
 30
0.0
 10
1.53333335618178
 20
6.520833430501321
 30
0.0
 10
1.513888911447591
 20
6.575000097975134
 30
0.0
 10
1.508333355809251
 20
6.754166767311592
 30
0.0
 10
1.52777780054344
 20
6.743055656034912
 30
0.0
 10
1.53333335618178
 20
6.740277878215742
 30
0.0
 10
1.534722245091365
 20
6.752777878402007
 30
0.0
 10
1.53055557836261
 20
6.770833434226611
 30
0.0
 10
1.526388911633855
 20
6.794444545689556
 30
0.0
 10
1.53055557836261
 20
6.805555656966235
 30
0.0
 10
1.543055578548875
 20
6.805555656966235
 30
0.0
 10
1.558333356554309
 20
6.805555656966235
 30
0.0
 10
1.558333356554309
 20
6.808333434785405
 30
0.0
 10
1.54166668963929
 20
6.819444546062085
 30
0.0
 10
1.52500002272427
 20
6.830555657338764
 30
0.0
 10
1.52500002272427
 20
6.833333435157934
 30
0.0
 10
1.540277800729705
 20
6.833333435157934
 30
0.0
 10
1.555555578735139
 20
6.833333435157934
 30
0.0
 10
1.555555578735139
 20
6.837500101886689
 30
0.0
 10
1.54166668963929
 20
6.854166768801708
 30
0.0
 10
1.531944467272195
 20
6.865277880078387
 30
0.0
 10
1.529166689453025
 20
6.875000102445483
 30
0.0
 10
1.53611113400095
 20
6.875000102445483
 30
0.0
 10
1.54166668963929
 20
6.875000102445483
 30
0.0
 10
1.540277800729705
 20
6.881944546993407
 30
0.0
 10
1.531944467272195
 20
6.890277880450916
 30
0.0
 10
1.519444467085931
 20
6.902777880637181
 30
0.0
 10
1.504166689080496
 20
6.902777880637181
 30
0.0
 10
1.472222244160042
 20
6.888888991541332
 30
0.0
 10
1.448611132697098
 20
6.879166769174237
 30
0.0
 10
1.434722243601249
 20
6.866666768987973
 30
0.0
 10
1.441666688149173
 20
6.862500102259218
 30
0.0
 10
1.450000021606683
 20
6.858333435530463
 30
0.0
 10
1.440277799239589
 20
6.843055657525028
 30
0.0
 10
1.422222243414984
 20
6.829166768429179
 30
0.0
 10
1.422222243414984
 20
6.829166768429179
 30
0.0
 10
1.388888909584945
 20
6.80416676805665
 30
0.0
 10
1.388888909584945
 20
6.80416676805665
 30
0.0
 10
1.388888909584945
 20
6.80416676805665
 30
0.0
 10
1.40416668759038
 20
6.843055657525028
 30
0.0
 10
1.40416668759038
 20
6.843055657525028
 30
0.0
 10
1.411111132138305
 20
6.863888991168803
 30
0.0
 10
1.425000021234154
 20
6.888888991541332
 30
0.0
 10
1.433333354691664
 20
6.898611213908426
 30
0.0
 10
1.441666688149173
 20
6.908333436275521
 30
0.0
 10
1.444444465968343
 20
6.916666769733031
 30
0.0
 10
1.438888910330003
 20
6.916666769733031
 30
0.0
 10
1.434722243601249
 20
6.916666769733031
 30
0.0
 10
1.447222243787513
 20
6.94166677010556
 30
0.0
 10
1.466666688521702
 20
6.972222326116429
 30
0.0
 10
1.487500022165477
 20
7.004166771036882
 30
0.0
 10
1.512500022538006
 20
7.026388993590241
 30
0.0
 10
1.5222222449051
 20
7.022222326861487
 30
0.0
 10
1.53333335618178
 20
7.018055660132731
 30
0.0
 10
1.537500022910535
 20
7.025000104680657
 30
0.0
 10
1.534722245091365
 20
7.041666771595676
 30
0.0
 10
1.531944467272195
 20
7.058333438510695
 30
0.0
 10
1.543055578548875
 20
7.079166772154469
 30
0.0
 10
1.563888912192649
 20
7.095833439069489
 30
0.0
 10
1.581944468017253
 20
7.109722328165339
 30
0.0
 10
1.597222246022687
 20
7.129166772899528
 30
0.0
 10
1.597222246022687
 20
7.138888995266622
 30
0.0
 10
1.597222246022687
 20
7.147222328724132
 30
0.0
 10
1.604166690570612
 20
7.150000106543302
 30
0.0
 10
1.611111135118537
 20
7.145833439814547
 30
0.0
 10
1.619444468576046
 20
7.140277884176207
 30
0.0
 10
1.623611135304801
 20
7.144444550904962
 30
0.0
 10
1.622222246395216
 20
7.155555662181641
 30
0.0
 10
1.619444468576046
 20
7.165277884548736
 30
0.0
 10
1.625000024214386
 20
7.172222329096661
 30
0.0
 10
1.634722246581481
 20
7.170833440187076
 30
0.0
 10
1.644444468948575
 20
7.168055662367906
 30
0.0
 10
1.64861113567733
 20
7.176388995825416
 30
0.0
 10
1.644444468948575
 20
7.187500107102096
 30
0.0
 10
1.638888913310236
 20
7.198611218378775
 30
0.0
 10
1.64583335785816
 20
7.211111218565039
 30
0.0
 10
1.658333358044425
 20
7.216666774203379
 30
0.0
 10
1.683333358416954
 20
7.226388996570474
 30
0.0
 10
1.687500025145709
 20
7.265277886038852
 30
0.0
 10
1.66527780259235
 20
7.287500108592212
 30
0.0
 10
1.65416669131567
 20
7.298611219868891
 30
0.0
 10
1.65694446913484
 20
7.309722331145571
 30
0.0
 10
1.679166691688199
 20
7.327777886970174
 30
0.0
 10
1.694444469693634
 20
7.341666776066024
 30
0.0
 10
1.708333358789483
 20
7.362500109709799
 30
0.0
 10
1.708333358789483
 20
7.372222332076893
 30
0.0
 10
1.708333358789483
 20
7.383333443353572
 30
0.0
 10
1.716666692246993
 20
7.388888998991912
 30
0.0
 10
1.727777803523672
 20
7.384722332263158
 30
0.0
 10
1.740277803709937
 20
7.379166776624818
 30
0.0
 10
1.744444470438692
 20
7.384722332263158
 30
0.0
 10
1.740277803709937
 20
7.402777888087761
 30
0.0
 10
1.736111136981182
 20
7.416666777183611
 30
0.0
 10
1.740277803709937
 20
7.431944555189046
 30
0.0
 10
1.748611137167447
 20
7.4361112219178
 30
0.0
 10
1.758333359534541
 20
7.443055666465725
 30
0.0
 10
1.761111137353711
 20
7.4361112219178
 30
0.0
 10
1.755555581715371
 20
7.420833443912366
 30
0.0
 10
1.750000026077032
 20
7.404166776997347
 30
0.0
 10
1.751388914986616
 20
7.401388999178177
 30
0.0
 10
1.759722248444126
 20
7.412500110454857
 30
0.0
 10
1.772222248630391
 20
7.429166777369876
 30
0.0
 10
1.772222248630391
 20
7.477777889205349
 30
0.0
 10
1.759722248444126
 20
7.687500114552676
 30
0.0
 10
1.754166692805786
 20
7.784722338223622
 30
0.0
 10
1.790277804454995
 20
7.944444562825891
 30
0.0
 10
1.820833360465864
 20
7.95555567410257
 30
0.0
 10
1.827777805013788
 20
7.95833345192174
 30
0.0
 10
1.833333360652128
 20
7.970833452108005
 30
0.0
 10
1.833333360652128
 20
7.981944563384685
 30
0.0
 10
1.833333360652128
 20
7.993055674661364
 30
0.0
 10
1.841666694109638
 20
8.000000119209289
 30
0.0
 10
1.851388916476732
 20
7.995833452480534
 30
0.0
 10
1.862500027753412
 20
7.991666785751779
 30
0.0
 10
1.870833361210922
 20
7.997222341390119
 30
0.0
 10
1.870833361210922
 20
8.008333452666798
 30
0.0
 10
1.870833361210922
 20
8.018055675033894
 30
0.0
 10
1.863888916662997
 20
8.022222341762647
 30
0.0
 10
1.856944472115072
 20
8.018055675033894
 30
0.0
 10
1.850000027567148
 20
8.013889008305138
 30
0.0
 10
1.847222249747978
 20
8.018055675033894
 30
0.0
 10
1.850000027567148
 20
8.029166786310572
 30
0.0
 10
1.854166694295902
 20
8.040277897587252
 30
0.0
 10
1.865277805572582
 20
8.047222342135176
 30
0.0
 10
1.873611139030092
 20
8.044444564316007
 30
0.0
 10
1.883333361397186
 20
8.043055675406423
 30
0.0
 10
1.887500028125941
 20
8.045833453225592
 30
0.0
 10
1.883333361397186
 20
8.052777897773516
 30
0.0
 10
1.879166694668431
 20
8.059722342321441
 30
0.0
 10
1.894444472673866
 20
8.075000120326876
 30
0.0
 10
1.91805558413681
 20
8.088889009422725
 30
0.0
 10
1.940277806690169
 20
8.102777898518574
 30
0.0
 10
1.954166695786019
 20
8.119444565433594
 30
0.0
 10
1.950000029057264
 20
8.127777898891103
 30
0.0
 10
1.944444473418924
 20
8.136111232348614
 30
0.0
 10
1.947222251238094
 20
8.138889010167783
 30
0.0
 10
1.955555584695604
 20
8.133333454529443
 30
0.0
 10
1.963888918153113
 20
8.129166787800688
 30
0.0
 10
1.973611140520208
 20
8.130555676710274
 30
0.0
 10
1.979166696158548
 20
8.138889010167783
 30
0.0
 10
1.984722251796887
 20
8.147222343625292
 30
0.0
 10
1.994444474163982
 20
8.150000121444463
 30
0.0
 10
2.001388918711907
 20
8.144444565806123
 30
0.0
 10
2.008333363259831
 20
8.140277899077368
 30
0.0
 10
2.012500029988586
 20
8.144444565806123
 30
0.0
 10
2.011111141079001
 20
8.155555677082803
 30
0.0
 10
2.008333363259831
 20
8.165277899449897
 30
0.0
 10
2.015277807807756
 20
8.172222343997821
 30
0.0
 10
2.025000030174851
 20
8.169444566178652
 30
0.0
 10
2.03611114145153
 20
8.168055677269068
 30
0.0
 10
2.040277808180285
 20
8.170833455088237
 30
0.0
 10
2.03611114145153
 20
8.177777899636161
 30
0.0
 10
2.027777807994021
 20
8.19166678873201
 30
0.0
 10
2.098611142382853
 20
8.227777900381219
 30
0.0
 10
2.163888921133346
 20
8.241666789477068
 30
0.0
 10
2.18750003259629
 20
8.247222345115408
 30
0.0
 10
2.208333366240064
 20
8.258333456392088
 30
0.0
 10
2.208333366240064
 20
8.266666789849598
 30
0.0
 10
2.208333366240064
 20
8.275000123307108
 30
0.0
 10
2.216666699697573
 20
8.277777901126277
 30
0.0
 10
2.227777810974253
 20
8.273611234397524
 30
0.0
 10
2.238888922250933
 20
8.269444567668768
 30
0.0
 10
2.251388922437197
 20
8.269444567668768
 30
0.0
 10
2.256944478075537
 20
8.275000123307108
 30
0.0
 10
2.262500033713877
 20
8.280555678945448
 30
0.0
 10
2.336111145921879
 20
8.284722345674202
 30
0.0
 10
2.422222258316145
 20
8.284722345674202
 30
0.0
 10
2.545833371269206
 20
8.286111234583788
 30
0.0
 10
2.584722260737584
 20
8.290277901312542
 30
0.0
 10
2.611111150019698
 20
8.309722346046731
 30
0.0
 10
2.629166705844302
 20
8.322222346232996
 30
0.0
 10
2.638888928211397
 20
8.331944568600091
 30
0.0
 10
2.631944483663472
 20
8.330555679690506
 30
0.0
 10
2.623611150205963
 20
8.32916679078092
 30
0.0
 10
2.526388926535017
 20
8.325000124052166
 30
0.0
 10
2.41527781376822
 20
8.320833457323411
 30
0.0
  0
HATCH
  5
7F
330
79
100
AcDbEntity
  8
Layer 1
 62
    18
420
        0
440
 33554483
100
AcDbHatch
 10
0.0
 20
0.0
 30
0.0
210
0.0
220
0.0
230
1.0
  2
SOLID
 70
     1
 71
     1
 91
        2
 92
        1
 93
        1
 72
     4
 94
        3
 73
     0
 74
     0
 95
       14
 96
       10
 40
0.0
 40
0.0
 40
0.0
 40
0.0
 40
1.0
 40
1.0
 40
1.0
 40
2.0
 40
2.0
 40
2.0
 40
3.0
 40
3.0
 40
3.0
 40
3.0
 10
1.3930555763137
 20
6.770833434226611
 10
1.388888909584945
 20
6.758333434040347
 10
1.381944465037021
 20
6.751388989492422
 10
1.379166687217851
 20
6.755555656221177
 10
1.375000020489096
 20
6.759722322949932
 10
1.376388909398681
 20
6.768055656407441
 10
1.381944465037021
 20
6.776388989864951
 10
1.394444465223285
 20
6.79861121241831
 10
1.402777798680795
 20
6.794444545689556
 10
1.3930555763137
 20
6.770833434226611
 97
        0
 97
        1
330
7D
 92
        1
 93
        1
 72
     4
 94
        3
 73
     0
 74
     0
 95
      446
 96
      442
 40
0.0
 40
0.0
 40
0.0
 40
0.0
 40
1.0
 40
1.0
 40
1.0
 40
2.0
 40
2.0
 40
2.0
 40
3.0
 40
3.0
 40
3.0
 40
4.0
 40
4.0
 40
4.0
 40
5.0
 40
5.0
 40
5.0
 40
6.0
 40
6.0
 40
6.0
 40
7.0
 40
7.0
 40
7.0
 40
8.0
 40
8.0
 40
8.0
 40
9.0
 40
9.0
 40
9.0
 40
10.0
 40
10.0
 40
10.0
 40
11.0
 40
11.0
 40
11.0
 40
12.0
 40
12.0
 40
12.0
 40
13.0
 40
13.0
 40
13.0
 40
14.0
 40
14.0
 40
14.0
 40
15.0
 40
15.0
 40
15.0
 40
16.0
 40
16.0
 40
16.0
 40
17.0
 40
17.0
 40
17.0
 40
18.0
 40
18.0
 40
18.0
 40
19.0
 40
19.0
 40
19.0
 40
20.0
 40
20.0
 40
20.0
 40
21.0
 40
21.0
 40
21.0
 40
22.0
 40
22.0
 40
22.0
 40
23.0
 40
23.0
 40
23.0
 40
24.0
 40
24.0
 40
24.0
 40
25.0
 40
25.0
 40
25.0
 40
26.0
 40
26.0
 40
26.0
 40
27.0
 40
27.0
 40
27.0
 40
28.0
 40
28.0
 40
28.0
 40
29.0
 40
29.0
 40
29.0
 40
30.0
 40
30.0
 40
30.0
 40
31.0
 40
31.0
 40
31.0
 40
32.0
 40
32.0
 40
32.0
 40
33.0
 40
33.0
 40
33.0
 40
34.0
 40
34.0
 40
34.0
 40
35.0
 40
35.0
 40
35.0
 40
36.0
 40
36.0
 40
36.0
 40
37.0
 40
37.0
 40
37.0
 40
38.0
 40
38.0
 40
38.0
 40
39.0
 40
39.0
 40
39.0
 40
40.0
 40
40.0
 40
40.0
 40
41.0
 40
41.0
 40
41.0
 40
42.0
 40
42.0
 40
42.0
 40
43.0
 40
43.0
 40
43.0
 40
44.0
 40
44.0
 40
44.0
 40
45.0
 40
45.0
 40
45.0
 40
46.0
 40
46.0
 40
46.0
 40
47.0
 40
47.0
 40
47.0
 40
48.0
 40
48.0
 40
48.0
 40
49.0
 40
49.0
 40
49.0
 40
50.0
 40
50.0
 40
50.0
 40
51.0
 40
51.0
 40
51.0
 40
52.0
 40
52.0
 40
52.0
 40
53.0
 40
53.0
 40
53.0
 40
54.0
 40
54.0
 40
54.0
 40
55.0
 40
55.0
 40
55.0
 40
56.0
 40
56.0
 40
56.0
 40
57.0
 40
57.0
 40
57.0
 40
58.0
 40
58.0
 40
58.0
 40
59.0
 40
59.0
 40
59.0
 40
60.0
 40
60.0
 40
60.0
 40
61.0
 40
61.0
 40
61.0
 40
62.0
 40
62.0
 40
62.0
 40
63.0
 40
63.0
 40
63.0
 40
64.0
 40
64.0
 40
64.0
 40
65.0
 40
65.0
 40
65.0
 40
66.0
 40
66.0
 40
66.0
 40
67.0
 40
67.0
 40
67.0
 40
68.0
 40
68.0
 40
68.0
 40
69.0
 40
69.0
 40
69.0
 40
70.0
 40
70.0
 40
70.0
 40
71.0
 40
71.0
 40
71.0
 40
72.0
 40
72.0
 40
72.0
 40
73.0
 40
73.0
 40
73.0
 40
74.0
 40
74.0
 40
74.0
 40
75.0
 40
75.0
 40
75.0
 40
76.0
 40
76.0
 40
76.0
 40
77.0
 40
77.0
 40
77.0
 40
78.0
 40
78.0
 40
78.0
 40
79.0
 40
79.0
 40
79.0
 40
80.0
 40
80.0
 40
80.0
 40
81.0
 40
81.0
 40
81.0
 40
82.0
 40
82.0
 40
82.0
 40
83.0
 40
83.0
 40
83.0
 40
84.0
 40
84.0
 40
84.0
 40
85.0
 40
85.0
 40
85.0
 40
86.0
 40
86.0
 40
86.0
 40
87.0
 40
87.0
 40
87.0
 40
88.0
 40
88.0
 40
88.0
 40
89.0
 40
89.0
 40
89.0
 40
90.0
 40
90.0
 40
90.0
 40
91.0
 40
91.0
 40
91.0
 40
92.0
 40
92.0
 40
92.0
 40
93.0
 40
93.0
 40
93.0
 40
94.0
 40
94.0
 40
94.0
 40
95.0
 40
95.0
 40
95.0
 40
96.0
 40
96.0
 40
96.0
 40
97.0
 40
97.0
 40
97.0
 40
98.0
 40
98.0
 40
98.0
 40
99.0
 40
99.0
 40
99.0
 40
100.0
 40
100.0
 40
100.0
 40
101.0
 40
101.0
 40
101.0
 40
102.0
 40
102.0
 40
102.0
 40
103.0
 40
103.0
 40
103.0
 40
104.0
 40
104.0
 40
104.0
 40
105.0
 40
105.0
 40
105.0
 40
106.0
 40
106.0
 40
106.0
 40
107.0
 40
107.0
 40
107.0
 40
108.0
 40
108.0
 40
108.0
 40
109.0
 40
109.0
 40
109.0
 40
110.0
 40
110.0
 40
110.0
 40
111.0
 40
111.0
 40
111.0
 40
112.0
 40
112.0
 40
112.0
 40
113.0
 40
113.0
 40
113.0
 40
114.0
 40
114.0
 40
114.0
 40
115.0
 40
115.0
 40
115.0
 40
116.0
 40
116.0
 40
116.0
 40
117.0
 40
117.0
 40
117.0
 40
118.0
 40
118.0
 40
118.0
 40
119.0
 40
119.0
 40
119.0
 40
120.0
 40
120.0
 40
120.0
 40
121.0
 40
121.0
 40
121.0
 40
122.0
 40
122.0
 40
122.0
 40
123.0
 40
123.0
 40
123.0
 40
124.0
 40
124.0
 40
124.0
 40
125.0
 40
125.0
 40
125.0
 40
126.0
 40
126.0
 40
126.0
 40
127.0
 40
127.0
 40
127.0
 40
128.0
 40
128.0
 40
128.0
 40
129.0
 40
129.0
 40
129.0
 40
130.0
 40
130.0
 40
130.0
 40
131.0
 40
131.0
 40
131.0
 40
132.0
 40
132.0
 40
132.0
 40
133.0
 40
133.0
 40
133.0
 40
134.0
 40
134.0
 40
134.0
 40
135.0
 40
135.0
 40
135.0
 40
136.0
 40
136.0
 40
136.0
 40
137.0
 40
137.0
 40
137.0
 40
138.0
 40
138.0
 40
138.0
 40
139.0
 40
139.0
 40
139.0
 40
140.0
 40
140.0
 40
140.0
 40
141.0
 40
141.0
 40
141.0
 40
142.0
 40
142.0
 40
142.0
 40
143.0
 40
143.0
 40
143.0
 40
144.0
 40
144.0
 40
144.0
 40
145.0
 40
145.0
 40
145.0
 40
146.0
 40
146.0
 40
146.0
 40
147.0
 40
147.0
 40
147.0
 40
147.0
 10
2.41527781376822
 20
8.320833457323411
 10
2.41527781376822
 20
8.320833457323411
 10
2.212500032968819
 20
8.312500123865902
 10
2.212500032968819
 20
8.312500123865902
 10
2.212500032968819
 20
8.312500123865902
 10
2.093055586744513
 20
8.252777900753748
 10
2.093055586744513
 20
8.252777900753748
 10
1.887500028125941
 20
8.151389010354048
 10
1.752777803896201
 20
7.987500119023025
 10
1.722222247885333
 20
7.800000116229057
 10
1.711111136608653
 20
7.726389004021054
 10
1.719444470066163
 20
7.629166780350108
 10
1.743055581529107
 20
7.56805566832837
 10
1.756944470624956
 20
7.531944556679162
 10
1.698611136422389
 20
7.400000110268592
 10
1.641666691129406
 20
7.338888998246854
 10
1.613888912937707
 20
7.308333442235985
 10
1.540277800729705
 20
7.245833441304663
 10
1.479166688707967
 20
7.201388996197945
 10
1.322222241924868
 20
7.087500105611979
 10
1.293055574823584
 20
7.058333438510695
 10
1.255555574264791
 20
6.979166770664353
 10
1.222222240434752
 20
6.908333436275521
 10
1.209722240248487
 20
6.777777878774536
 10
1.236111129530601
 20
6.777777878774536
 10
1.244444462988111
 20
6.777777878774536
 10
1.250000018626451
 20
6.794444545689556
 10
1.250000018626451
 20
6.816666768242915
 10
1.250000018626451
 20
6.948611214653484
 10
1.315277797376943
 20
7.047222327234016
 10
1.470833355250457
 20
7.148611217633717
 10
1.53611113400095
 20
7.19166677383085
 10
1.604166690570612
 20
7.238888996756738
 10
1.622222246395216
 20
7.254166774762173
 10
1.684722247326539
 20
7.312500108964741
 10
1.650000024586915
 20
7.252777885852587
 10
1.540277800729705
 20
7.118055661622848
 10
1.418055576686229
 20
6.969444548297259
 10
1.369444464850756
 20
6.879166769174237
 10
1.348611131206982
 20
6.769444545317027
 10
1.334722242111133
 20
6.700000099837779
 10
1.343055575568642
 20
6.569444542336794
 10
1.361111131393247
 20
6.569444542336794
 10
1.366666687031586
 20
6.569444542336794
 10
1.377777798308266
 20
6.602777876166832
 10
1.387500020675361
 20
6.643055654544796
 10
1.405555576499965
 20
6.722222322391139
 10
1.484722244346307
 20
6.876388991355067
 10
1.512500022538006
 20
6.886111213722162
 10
1.52500002272427
 20
6.890277880450916
 10
1.5222222449051
 20
6.876388991355067
 10
1.505555577990081
 20
6.845833435344198
 10
1.473611133069627
 20
6.786111212232046
 10
1.470833355250457
 20
6.572222320155964
 10
1.498611133442156
 20
6.502777874676716
 10
1.513888911447591
 20
6.465277874117923
 10
1.573611134559743
 20
6.41666676228245
 10
1.602777801661027
 20
6.41666676228245
 10
1.605555579480197
 20
6.41666676228245
 10
1.613888912937707
 20
6.451388985022074
 10
1.618055579666462
 20
6.493055652309622
 10
1.629166690943141
 20
6.573611209065549
 10
1.652777802406085
 20
6.598611209438078
 10
1.652777802406085
 20
6.527777875049245
 10
1.652777802406085
 20
6.505555652495886
 10
1.66250002477318
 20
6.461111207389168
 10
1.675000024959444
 20
6.430555651378299
 10
1.693055580784049
 20
6.386111206271581
 10
1.706944469879898
 20
6.372222317175732
 10
1.748611137167447
 20
6.362500094808638
 10
1.827777805013788
 20
6.341666761164863
 10
1.837500027380883
 20
6.341666761164863
 10
1.893055583764281
 20
6.366666761537392
 10
1.922222250865565
 20
6.379166761723657
 10
2.015277807807756
 20
6.400000095367431
 10
2.098611142382853
 20
6.412500095553696
 10
2.098611142382853
 20
6.412500095553696
 10
2.250000033527612
 20
6.436111207016639
 10
2.250000033527612
 20
6.436111207016639
 10
2.250000033527612
 20
6.436111207016639
 10
2.250000033527612
 20
6.498611207947962
 10
2.250000033527612
 20
6.498611207947962
 10
2.250000033527612
 20
6.498611207947962
 10
2.250000033527612
 20
6.56250009778887
 10
2.250000033527612
 20
6.56250009778887
 10
2.250000033527612
 20
6.56250009778887
 10
2.1680555878621
 20
6.586111209251813
 10
2.1680555878621
 20
6.586111209251813
 10
2.043055585999455
 20
6.623611209810607
 10
1.956944473605188
 20
6.698611210928194
 10
1.893055583764281
 20
6.829166768429179
 10
1.893055583764281
 20
6.829166768429179
 10
1.840277805200053
 20
6.93611121446722
 10
1.840277805200053
 20
6.93611121446722
 10
1.840277805200053
 20
6.93611121446722
 10
1.840277805200053
 20
7.206944551836285
 10
1.840277805200053
 20
7.206944551836285
 10
1.840277805200053
 20
7.465277889019084
 10
1.841666694109638
 20
7.481944555934104
 10
1.873611139030092
 20
7.545833445775011
 10
1.930555584323075
 20
7.661111225270562
 10
2.1680555878621
 20
7.962500118650496
 10
2.186111143686705
 20
7.943055673916306
 10
2.19027781041546
 20
7.940277896097136
 10
2.18750003259629
 20
7.909722340086267
 10
2.17916669913878
 20
7.876389006256228
 10
2.156944476585421
 20
7.779166782585282
 10
2.209722255149649
 20
7.56805566832837
 10
2.263888922623462
 20
7.534722334498332
 10
2.281944478448066
 20
7.523611223221652
 10
2.281944478448066
 20
7.519444556492898
 10
2.250000033527612
 20
7.622222335802184
 10
2.219444477516743
 20
7.720833448382714
 10
2.212500032968819
 20
7.887500117532908
 10
2.238888922250933
 20
7.934722340458796
 10
2.252777811346782
 20
7.962500118650496
 10
2.252777811346782
 20
7.96388900756008
 10
2.231944477703008
 20
7.945833451735476
 10
2.208333366240064
 20
7.927777895910871
 10
2.201388921692139
 20
7.934722340458796
 10
2.205555588420894
 20
7.973611229927175
 10
2.206944477330479
 20
7.977777896655929
 10
2.198611143872969
 20
7.981944563384685
 10
2.18750003259629
 20
7.981944563384685
 10
2.17638892131961
 20
7.981944563384685
 10
2.172222254590855
 20
7.97500011883676
 10
2.17638892131961
 20
7.968055674288835
 10
2.180555588048365
 20
7.96111122974091
 10
2.17638892131961
 20
7.95833345192174
 10
2.165277810042931
 20
7.96111122974091
 10
2.154166698766251
 20
7.965277896469665
 10
2.147222254218326
 20
7.976389007746345
 10
2.150000032037496
 20
7.984722341203855
 10
2.151388920947081
 20
7.994444563570949
 10
2.147222254218326
 20
7.998611230299704
 10
2.138888920760817
 20
7.993055674661364
 10
2.130555587303307
 20
7.988889007932609
 10
2.126388920574552
 20
7.980555674475099
 10
2.130555587303307
 20
7.97500011883676
 10
2.138888920760817
 20
7.95833345192174
 10
2.087500031106173
 20
7.881944561894568
 10
2.070833364191154
 20
7.886111228623323
 10
2.062500030733644
 20
7.887500117532908
 10
2.055555586185719
 20
7.881944561894568
 10
2.055555586185719
 20
7.875000117346644
 10
2.055555586185719
 20
7.866666783889134
 10
2.04722225272821
 20
7.861111228250794
 10
2.03611114145153
 20
7.863889006069964
 10
2.025000030174851
 20
7.866666783889134
 10
2.016666696717341
 20
7.862500117160379
 10
2.018055585626926
 20
7.854166783702869
 10
2.019444474536511
 20
7.847222339154945
 10
2.026388919084436
 20
7.841666783516605
 10
2.03333336363236
 20
7.844444561335775
 10
2.040277808180285
 20
7.847222339154945
 10
2.027777807994021
 20
7.827777894420755
 10
2.006944474350246
 20
7.802777894048226
 10
1.986111140706472
 20
7.777777893675697
 10
1.961111140333943
 20
7.756944560031923
 10
1.952777806876434
 20
7.756944560031923
 10
1.944444473418924
 20
7.756944560031923
 10
1.937500028870999
 20
7.750000115483999
 10
1.937500028870999
 20
7.743055670936073
 10
1.937500028870999
 20
7.706944559286865
 10
1.844444471928808
 20
7.548611223594181
 10
1.831944471742543
 20
7.562500112690031
 10
1.829166693923373
 20
7.5652778905092
 10
1.825000027194619
 20
7.544444556865427
 10
1.823611138285034
 20
7.518055667583312
 10
1.822222249375449
 20
7.490277889391613
 10
1.815277804827524
 20
7.463889000109499
 10
1.808333360279599
 20
7.459722333380745
 10
1.80000002682209
 20
7.454166777742405
 10
1.798611137912505
 20
7.404166776997347
 10
1.804166693550844
 20
7.330555664789344
 10
1.808333360279599
 20
7.265277886038852
 10
1.809722249189184
 20
7.212500107474625
 10
1.805555582460429
 20
7.215277885293794
 10
1.78888891554541
 20
7.225000107660889
 10
1.805555582460429
 20
7.000000104308128
 10
1.826388916104203
 20
6.916666769733031
 10
1.838888916290468
 20
6.866666768987973
 10
1.850000027567148
 20
6.815277879333329
 10
1.851388916476732
 20
6.802777879147065
 10
1.852777805386318
 20
6.7902778789608
 10
1.856944472115072
 20
6.781944545503291
 10
1.862500027753412
 20
6.784722323322461
 10
1.870833361210922
 20
6.7902778789608
 10
1.930555584323075
 20
6.716666766752799
 10
1.930555584323075
 20
6.701388988747364
 10
1.930555584323075
 20
6.69722232201861
 10
1.92361113977515
 20
6.69722232201861
 10
1.913888917408055
 20
6.702777877656949
 10
1.90416669504096
 20
6.709722322204874
 10
1.902777806131376
 20
6.706944544385704
 10
1.908333361769715
 20
6.695833433109024
 10
1.91527780631764
 20
6.68611121074193
 10
1.922222250865565
 20
6.681944544013175
 10
1.92638891759432
 20
6.68611121074193
 10
1.930555584323075
 20
6.690277877470684
 10
1.954166695786019
 20
6.67777787728442
 10
1.977777807248963
 20
6.659722321459816
 10
2.001388918711907
 20
6.640277876725626
 10
2.027777807994021
 20
6.619444543081852
 10
2.03611114145153
 20
6.612500098533928
 10
2.04444447490904
 20
6.605555653986002
 10
2.063888919643229
 20
6.595833431618908
 10
2.080555586558249
 20
6.591666764890153
 10
2.098611142382853
 20
6.586111209251813
 10
2.106944475840363
 20
6.575000097975134
 10
2.102777809111608
 20
6.566666764517624
 10
2.097222253473268
 20
6.558333431060114
 10
2.100000031292438
 20
6.555555653240944
 10
2.106944475840363
 20
6.5597223199697
 10
2.136111142941647
 20
6.577777875794303
 10
2.205555588420894
 20
6.541666764145095
 10
2.212500032968819
 20
6.505555652495886
 10
2.220833366426328
 20
6.461111207389168
 10
2.205555588420894
 20
6.452777873931658
 10
2.090277808925343
 20
6.447222318293319
 10
2.03611114145153
 20
6.444444540474149
 10
1.979166696158548
 20
6.433333429197469
 10
1.961111140333943
 20
6.42222231792079
 10
1.933333362142244
 20
6.404166762096186
 10
1.925000028684735
 20
6.404166762096186
 10
1.884722250306771
 20
6.42222231792079
 10
1.840277805200053
 20
6.444444540474149
 10
1.840277805200053
 20
6.444444540474149
 10
1.870833361210922
 20
6.418055651192035
 10
1.870833361210922
 20
6.418055651192035
 10
1.90138891722179
 20
6.393055650819506
 10
1.90138891722179
 20
6.393055650819506
 10
1.90138891722179
 20
6.393055650819506
 10
1.870833361210922
 20
6.391666761909921
 10
1.870833361210922
 20
6.391666761909921
 10
1.854166694295902
 20
6.391666761909921
 10
1.834722249561713
 20
6.390277873000336
 10
1.826388916104203
 20
6.387500095181167
 10
1.819444471556279
 20
6.384722317361997
 10
1.79166669336458
 20
6.387500095181167
 10
1.765277804082466
 20
6.393055650819506
 10
1.731944470252427
 20
6.400000095367431
 10
1.720833358975748
 20
6.40833342882494
 10
1.727777803523672
 20
6.423611206830375
 10
1.731944470252427
 20
6.436111207016639
 10
1.730555581342842
 20
6.443055651564564
 10
1.723611136794918
 20
6.438888984835809
 10
1.709722247699068
 20
6.430555651378299
 10
1.691666691874464
 20
6.475000096485018
 10
1.688888914055294
 20
6.526388986139661
 10
1.687500025145709
 20
6.544444541964265
 10
1.67361113604986
 20
6.568055653427209
 10
1.65972224695401
 20
6.579166764703889
 10
1.634722246581481
 20
6.595833431618908
 10
1.629166690943141
 20
6.595833431618908
 10
1.608333357299367
 20
6.568055653427209
 10
1.594444468203517
 20
6.55138898651219
 10
1.583333356926838
 20
6.522222319410906
 10
1.583333356926838
 20
6.501388985767132
 10
1.583333356926838
 20
6.473611207575433
 10
1.580555579107668
 20
6.469444540846678
 10
1.569444467830988
 20
6.486111207761697
 10
1.556944467644724
 20
6.504166763586302
 10
1.555555578735139
 20
6.504166763586302
 10
1.554166689825554
 20
6.486111207761697
 10
1.554166689825554
 20
6.475000096485018
 10
1.54444446745846
 20
6.490277874490452
 10
1.53333335618178
 20
6.520833430501321
 10
1.513888911447591
 20
6.575000097975134
 10
1.508333355809251
 20
6.754166767311592
 10
1.52777780054344
 20
6.743055656034912
 10
1.53333335618178
 20
6.740277878215742
 10
1.534722245091365
 20
6.752777878402007
 10
1.53055557836261
 20
6.770833434226611
 10
1.526388911633855
 20
6.794444545689556
 10
1.53055557836261
 20
6.805555656966235
 10
1.543055578548875
 20
6.805555656966235
 10
1.558333356554309
 20
6.805555656966235
 10
1.558333356554309
 20
6.808333434785405
 10
1.54166668963929
 20
6.819444546062085
 10
1.52500002272427
 20
6.830555657338764
 10
1.52500002272427
 20
6.833333435157934
 10
1.540277800729705
 20
6.833333435157934
 10
1.555555578735139
 20
6.833333435157934
 10
1.555555578735139
 20
6.837500101886689
 10
1.54166668963929
 20
6.854166768801708
 10
1.531944467272195
 20
6.865277880078387
 10
1.529166689453025
 20
6.875000102445483
 10
1.53611113400095
 20
6.875000102445483
 10
1.54166668963929
 20
6.875000102445483
 10
1.540277800729705
 20
6.881944546993407
 10
1.531944467272195
 20
6.890277880450916
 10
1.519444467085931
 20
6.902777880637181
 10
1.504166689080496
 20
6.902777880637181
 10
1.472222244160042
 20
6.888888991541332
 10
1.448611132697098
 20
6.879166769174237
 10
1.434722243601249
 20
6.866666768987973
 10
1.441666688149173
 20
6.862500102259218
 10
1.450000021606683
 20
6.858333435530463
 10
1.440277799239589
 20
6.843055657525028
 10
1.422222243414984
 20
6.829166768429179
 10
1.422222243414984
 20
6.829166768429179
 10
1.388888909584945
 20
6.80416676805665
 10
1.388888909584945
 20
6.80416676805665
 10
1.388888909584945
 20
6.80416676805665
 10
1.40416668759038
 20
6.843055657525028
 10
1.40416668759038
 20
6.843055657525028
 10
1.411111132138305
 20
6.863888991168803
 10
1.425000021234154
 20
6.888888991541332
 10
1.433333354691664
 20
6.898611213908426
 10
1.441666688149173
 20
6.908333436275521
 10
1.444444465968343
 20
6.916666769733031
 10
1.438888910330003
 20
6.916666769733031
 10
1.434722243601249
 20
6.916666769733031
 10
1.447222243787513
 20
6.94166677010556
 10
1.466666688521702
 20
6.972222326116429
 10
1.487500022165477
 20
7.004166771036882
 10
1.512500022538006
 20
7.026388993590241
 10
1.5222222449051
 20
7.022222326861487
 10
1.53333335618178
 20
7.018055660132731
 10
1.537500022910535
 20
7.025000104680657
 10
1.534722245091365
 20
7.041666771595676
 10
1.531944467272195
 20
7.058333438510695
 10
1.543055578548875
 20
7.079166772154469
 10
1.563888912192649
 20
7.095833439069489
 10
1.581944468017253
 20
7.109722328165339
 10
1.597222246022687
 20
7.129166772899528
 10
1.597222246022687
 20
7.138888995266622
 10
1.597222246022687
 20
7.147222328724132
 10
1.604166690570612
 20
7.150000106543302
 10
1.611111135118537
 20
7.145833439814547
 10
1.619444468576046
 20
7.140277884176207
 10
1.623611135304801
 20
7.144444550904962
 10
1.622222246395216
 20
7.155555662181641
 10
1.619444468576046
 20
7.165277884548736
 10
1.625000024214386
 20
7.172222329096661
 10
1.634722246581481
 20
7.170833440187076
 10
1.644444468948575
 20
7.168055662367906
 10
1.64861113567733
 20
7.176388995825416
 10
1.644444468948575
 20
7.187500107102096
 10
1.638888913310236
 20
7.198611218378775
 10
1.64583335785816
 20
7.211111218565039
 10
1.658333358044425
 20
7.216666774203379
 10
1.683333358416954
 20
7.226388996570474
 10
1.687500025145709
 20
7.265277886038852
 10
1.66527780259235
 20
7.287500108592212
 10
1.65416669131567
 20
7.298611219868891
 10
1.65694446913484
 20
7.309722331145571
 10
1.679166691688199
 20
7.327777886970174
 10
1.694444469693634
 20
7.341666776066024
 10
1.708333358789483
 20
7.362500109709799
 10
1.708333358789483
 20
7.372222332076893
 10
1.708333358789483
 20
7.383333443353572
 10
1.716666692246993
 20
7.388888998991912
 10
1.727777803523672
 20
7.384722332263158
 10
1.740277803709937
 20
7.379166776624818
 10
1.744444470438692
 20
7.384722332263158
 10
1.740277803709937
 20
7.402777888087761
 10
1.736111136981182
 20
7.416666777183611
 10
1.740277803709937
 20
7.431944555189046
 10
1.748611137167447
 20
7.4361112219178
 10
1.758333359534541
 20
7.443055666465725
 10
1.761111137353711
 20
7.4361112219178
 10
1.755555581715371
 20
7.420833443912366
 10
1.750000026077032
 20
7.404166776997347
 10
1.751388914986616
 20
7.401388999178177
 10
1.759722248444126
 20
7.412500110454857
 10
1.772222248630391
 20
7.429166777369876
 10
1.772222248630391
 20
7.477777889205349
 10
1.759722248444126
 20
7.687500114552676
 10
1.754166692805786
 20
7.784722338223622
 10
1.790277804454995
 20
7.944444562825891
 10
1.820833360465864
 20
7.95555567410257
 10
1.827777805013788
 20
7.95833345192174
 10
1.833333360652128
 20
7.970833452108005
 10
1.833333360652128
 20
7.981944563384685
 10
1.833333360652128
 20
7.993055674661364
 10
1.841666694109638
 20
8.000000119209289
 10
1.851388916476732
 20
7.995833452480534
 10
1.862500027753412
 20
7.991666785751779
 10
1.870833361210922
 20
7.997222341390119
 10
1.870833361210922
 20
8.008333452666798
 10
1.870833361210922
 20
8.018055675033894
 10
1.863888916662997
 20
8.022222341762647
 10
1.856944472115072
 20
8.018055675033894
 10
1.850000027567148
 20
8.013889008305138
 10
1.847222249747978
 20
8.018055675033894
 10
1.850000027567148
 20
8.029166786310572
 10
1.854166694295902
 20
8.040277897587252
 10
1.865277805572582
 20
8.047222342135176
 10
1.873611139030092
 20
8.044444564316007
 10
1.883333361397186
 20
8.043055675406423
 10
1.887500028125941
 20
8.045833453225592
 10
1.883333361397186
 20
8.052777897773516
 10
1.879166694668431
 20
8.059722342321441
 10
1.894444472673866
 20
8.075000120326876
 10
1.91805558413681
 20
8.088889009422725
 10
1.940277806690169
 20
8.102777898518574
 10
1.954166695786019
 20
8.119444565433594
 10
1.950000029057264
 20
8.127777898891103
 10
1.944444473418924
 20
8.136111232348614
 10
1.947222251238094
 20
8.138889010167783
 10
1.955555584695604
 20
8.133333454529443
 10
1.963888918153113
 20
8.129166787800688
 10
1.973611140520208
 20
8.130555676710274
 10
1.979166696158548
 20
8.138889010167783
 10
1.984722251796887
 20
8.147222343625292
 10
1.994444474163982
 20
8.150000121444463
 10
2.001388918711907
 20
8.144444565806123
 10
2.008333363259831
 20
8.140277899077368
 10
2.012500029988586
 20
8.144444565806123
 10
2.011111141079001
 20
8.155555677082803
 10
2.008333363259831
 20
8.165277899449897
 10
2.015277807807756
 20
8.172222343997821
 10
2.025000030174851
 20
8.169444566178652
 10
2.03611114145153
 20
8.168055677269068
 10
2.040277808180285
 20
8.170833455088237
 10
2.03611114145153
 20
8.177777899636161
 10
2.027777807994021
 20
8.19166678873201
 10
2.098611142382853
 20
8.227777900381219
 10
2.163888921133346
 20
8.241666789477068
 10
2.18750003259629
 20
8.247222345115408
 10
2.208333366240064
 20
8.258333456392088
 10
2.208333366240064
 20
8.266666789849598
 10
2.208333366240064
 20
8.275000123307108
 10
2.216666699697573
 20
8.277777901126277
 10
2.227777810974253
 20
8.273611234397524
 10
2.238888922250933
 20
8.269444567668768
 10
2.251388922437197
 20
8.269444567668768
 10
2.256944478075537
 20
8.275000123307108
 10
2.262500033713877
 20
8.280555678945448
 10
2.336111145921879
 20
8.284722345674202
 10
2.422222258316145
 20
8.284722345674202
 10
2.545833371269206
 20
8.286111234583788
 10
2.584722260737584
 20
8.290277901312542
 10
2.611111150019698
 20
8.309722346046731
 10
2.629166705844302
 20
8.322222346232996
 10
2.638888928211397
 20
8.331944568600091
 10
2.631944483663472
 20
8.330555679690506
 10
2.623611150205963
 20
8.32916679078092
 10
2.526388926535017
 20
8.325000124052166
 10
2.41527781376822
 20
8.320833457323411
 97
        0
 97
        1
330
7E
 75
     2
 76
     1
 98
        1
 10
0.0
 20
0.0
450
        0
451
        0
460
0.0
461
0.0
452
        0
462
0.0
453
        0
470

  0
SPLINE
  5
80
330
79
100
AcDbEntity
  8
Layer 1
100
AcDbSpline
210
0.0
220
0.0
230
1.0
 70
     9
 71
     3
 72
   119
 73
   115
 74
     0
 42
0.0000000001
 43
0.0000000001
 40
0.0
 40
0.0
 40
0.0
 40
0.0
 40
1.0
 40
1.0
 40
1.0
 40
2.0
 40
2.0
 40
2.0
 40
3.0
 40
3.0
 40
3.0
 40
4.0
 40
4.0
 40
4.0
 40
5.0
 40
5.0
 40
5.0
 40
6.0
 40
6.0
 40
6.0
 40
7.0
 40
7.0
 40
7.0
 40
8.0
 40
8.0
 40
8.0
 40
9.0
 40
9.0
 40
9.0
 40
10.0
 40
10.0
 40
10.0
 40
11.0
 40
11.0
 40
11.0
 40
12.0
 40
12.0
 40
12.0
 40
13.0
 40
13.0
 40
13.0
 40
14.0
 40
14.0
 40
14.0
 40
15.0
 40
15.0
 40
15.0
 40
16.0
 40
16.0
 40
16.0
 40
17.0
 40
17.0
 40
17.0
 40
18.0
 40
18.0
 40
18.0
 40
19.0
 40
19.0
 40
19.0
 40
20.0
 40
20.0
 40
20.0
 40
21.0
 40
21.0
 40
21.0
 40
22.0
 40
22.0
 40
22.0
 40
23.0
 40
23.0
 40
23.0
 40
24.0
 40
24.0
 40
24.0
 40
25.0
 40
25.0
 40
25.0
 40
26.0
 40
26.0
 40
26.0
 40
27.0
 40
27.0
 40
27.0
 40
28.0
 40
28.0
 40
28.0
 40
29.0
 40
29.0
 40
29.0
 40
30.0
 40
30.0
 40
30.0
 40
31.0
 40
31.0
 40
31.0
 40
32.0
 40
32.0
 40
32.0
 40
33.0
 40
33.0
 40
33.0
 40
34.0
 40
34.0
 40
34.0
 40
35.0
 40
35.0
 40
35.0
 40
36.0
 40
36.0
 40
36.0
 40
37.0
 40
37.0
 40
37.0
 40
38.0
 40
38.0
 40
38.0
 40
38.0
 10
2.759722263345287
 20
8.297222345860467
 30
0.0
 10
2.783333374808231
 20
8.287500123493373
 30
0.0
 10
2.80833337518076
 20
8.270833456578353
 30
0.0
 10
2.812500041909515
 20
8.262500123120844
 30
0.0
 10
2.820833375367025
 20
8.251389011844164
 30
0.0
 10
2.826388931005365
 20
8.252777900753748
 30
0.0
 10
2.834722264462874
 20
8.265277900940013
 30
0.0
 10
2.843055597920384
 20
8.280555678945448
 30
0.0
 10
2.855555598106649
 20
8.279166790035862
 30
0.0
 10
2.895833376484612
 20
8.259722345301673
 30
0.0
 10
2.923611154676311
 20
8.245833456205824
 30
0.0
 10
2.952777821777594
 20
8.240277900567484
 30
0.0
 10
2.961111155235105
 20
8.244444567296239
 30
0.0
 10
2.970833377602199
 20
8.251389011844164
 30
0.0
 10
2.972222266511784
 20
8.247222345115408
 30
0.0
 10
2.965277821963859
 20
8.23611123383873
 30
0.0
 10
2.95694448850635
 20
8.222222344742879
 30
0.0
 10
2.95972226632552
 20
8.21944456692371
 30
0.0
 10
2.976388933240539
 20
8.226389011471635
 30
0.0
 10
3.002777822522653
 20
8.23611123383873
 30
0.0
 10
3.045833378719786
 20
8.198611233279937
 30
0.0
 10
3.033333378533522
 20
8.177777899636161
 30
0.0
 10
3.027777822895182
 20
8.168055677269068
 30
0.0
 10
3.030555600714352
 20
8.166666788359481
 30
0.0
 10
3.040277823081446
 20
8.172222343997821
 30
0.0
 10
3.048611156538956
 20
8.177777899636161
 30
0.0
 10
3.052777823267711
 20
8.187500122003257
 30
0.0
 10
3.048611156538956
 20
8.194444566551181
 30
0.0
 10
3.044444489810201
 20
8.200000122189521
 30
0.0
 10
3.056944489996466
 20
8.198611233279937
 30
0.0
 10
3.07500004582107
 20
8.190277899822426
 30
0.0
 10
3.097222268374429
 20
8.179166788545746
 30
0.0
 10
3.104166712922354
 20
8.170833455088237
 30
0.0
 10
3.093055601645674
 20
8.163889010540312
 30
0.0
 10
3.08333337927858
 20
8.156944565992388
 30
0.0
 10
3.093055601645674
 20
8.152777899263632
 30
0.0
 10
3.115277824199033
 20
8.152777899263632
 30
0.0
 10
3.136111157842808
 20
8.152777899263632
 30
0.0
 10
3.152777824757827
 20
8.147222343625292
 30
0.0
 10
3.152777824757827
 20
8.140277899077368
 30
0.0
 10
3.152777824757827
 20
8.131944565619859
 30
0.0
 10
3.172222269492016
 20
8.115277898704839
 30
0.0
 10
3.194444492045375
 20
8.10138900960899
 30
0.0
 10
3.218055603508319
 20
8.087500120513141
 30
0.0
 10
3.233333381513754
 20
8.069444564688536
 30
0.0
 10
3.230555603694584
 20
8.059722342321441
 30
0.0
 10
3.226388936965829
 20
8.050000119954347
 30
0.0
 10
3.230555603694584
 20
8.041666786496836
 30
0.0
 10
3.241666714971263
 20
8.041666786496836
 30
0.0
 10
3.261111159705453
 20
8.041666786496836
 30
0.0
 10
3.34722227209972
 20
7.916666784634192
 30
0.0
 10
3.34722227209972
 20
7.886111228623323
 30
0.0
 10
3.34722227209972
 20
7.875000117346644
 30
0.0
 10
3.352777827738059
 20
7.861111228250794
 30
0.0
 10
3.361111161195569
 20
7.852777894793284
 30
0.0
 10
3.368055605743494
 20
7.845833450245359
 30
0.0
 10
3.376388939201003
 20
7.82083344987283
 30
0.0
 10
3.377777828110588
 20
7.798611227319471
 30
0.0
 10
3.379166717020173
 20
7.775000115856528
 30
0.0
 10
3.384722272658513
 20
7.751389004393583
 30
0.0
 10
3.390277828296853
 20
7.743055670936073
 30
0.0
 10
3.395833383935193
 20
7.736111226388149
 30
0.0
 10
3.406944495211872
 20
7.695833448010185
 30
0.0
 10
3.415277828669382
 20
7.654166780722637
 30
0.0
 10
3.423611162126892
 20
7.612500113435089
 30
0.0
 10
3.437500051222741
 20
7.569444557237956
 30
0.0
 10
3.447222273589836
 20
7.559722334870861
 30
0.0
 10
3.455555607047345
 20
7.550000112503767
 30
0.0
 10
3.45694449595693
 20
7.541666779046257
 30
0.0
 10
3.450000051409006
 20
7.541666779046257
 30
0.0
 10
3.444444495770666
 20
7.541666779046257
 30
0.0
 10
3.45138894031859
 20
7.531944556679162
 30
0.0
 10
3.466666718324025
 20
7.520833445402482
 30
0.0
 10
3.493055607606139
 20
7.500000111758708
 30
0.0
 10
3.493055607606139
 20
7.500000111758708
 30
0.0
 10
3.46527782941444
 20
7.509722334125803
 30
0.0
 10
3.450000051409006
 20
7.515277889764142
 30
0.0
 10
3.479166718510289
 20
7.477777889205349
 30
0.0
 10
3.529166719255347
 20
7.426388999550706
 30
0.0
 10
3.605555609282519
 20
7.348611220613949
 30
0.0
 10
3.644444498750898
 20
7.322222331331835
 30
0.0
 10
3.772222278432713
 20
7.263888997129267
 30
0.0
 10
3.85555561300781
 20
7.225000107660889
 30
0.0
 10
3.941666725402076
 20
7.176388995825416
 30
0.0
 10
3.962500059045851
 20
7.155555662181641
 30
0.0
 10
4.016666726519663
 20
7.105555661436583
 30
0.0
 10
4.054166727078457
 20
7.027777882499826
 30
0.0
 10
4.065277838355137
 20
6.948611214653484
 30
0.0
 10
4.077777838541401
 20
6.843055657525028
 30
0.0
 10
4.095833394366005
 20
6.829166768429179
 30
0.0
 10
4.09722228327559
 20
6.923611214280955
 30
0.0
 10
4.09722228327559
 20
7.020833437951901
 30
0.0
 10
4.055555615988042
 20
7.123611217261188
 30
0.0
 10
3.991666726147134
 20
7.18333344037334
 30
0.0
 10
3.969444503593775
 20
7.204166774017115
 30
0.0
 10
3.879166724470754
 20
7.255555663671757
 30
0.0
 10
3.791666723166902
 20
7.298611219868891
 30
0.0
 10
3.623611165107124
 20
7.381944554443988
 30
0.0
 10
3.543055608351197
 20
7.445833444284895
 30
0.0
 10
3.498611163244479
 20
7.530555667769577
 30
0.0
 10
3.484722274148629
 20
7.558333445961276
 30
0.0
 10
3.452777829228175
 20
7.651389002903467
 30
0.0
 10
3.430555606674816
 20
7.737500115297734
 30
0.0
 10
3.369444494653079
 20
7.96111122974091
 30
0.0
 10
3.32222227172719
 20
8.038889008677667
 30
0.0
 10
3.177777825130356
 20
8.156944565992388
 30
0.0
 10
3.06666671236356
 20
8.247222345115408
 30
0.0
 10
2.886111154117518
 20
8.320833457323411
 30
0.0
 10
2.779166708079476
 20
8.318055679504242
 30
0.0
 10
2.779166708079476
 20
8.318055679504242
 30
0.0
 10
2.715277818238569
 20
8.316666790594656
 30
0.0
 10
2.715277818238569
 20
8.316666790594656
 30
0.0
 10
2.715277818238569
 20
8.316666790594656
 30
0.0
 10
2.759722263345287
 20
8.297222345860467
 30
0.0
 10
2.759722263345287
 20
8.297222345860467
 30
0.0
  0
HATCH
  5
81
330
79
100
AcDbEntity
  8
Layer 1
 62
    18
420
        0
440
 33554687
100
AcDbHatch
 10
0.0
 20
0.0
 30
0.0
210
0.0
220
0.0
230
1.0
  2
SOLID
 70
     1
 71
     1
 91
        1
 92
        1
 93
        1
 72
     4
 94
        3
 73
     0
 74
     0
 95
      119
 96
      115
 40
0.0
 40
0.0
 40
0.0
 40
0.0
 40
1.0
 40
1.0
 40
1.0
 40
2.0
 40
2.0
 40
2.0
 40
3.0
 40
3.0
 40
3.0
 40
4.0
 40
4.0
 40
4.0
 40
5.0
 40
5.0
 40
5.0
 40
6.0
 40
6.0
 40
6.0
 40
7.0
 40
7.0
 40
7.0
 40
8.0
 40
8.0
 40
8.0
 40
9.0
 40
9.0
 40
9.0
 40
10.0
 40
10.0
 40
10.0
 40
11.0
 40
11.0
 40
11.0
 40
12.0
 40
12.0
 40
12.0
 40
13.0
 40
13.0
 40
13.0
 40
14.0
 40
14.0
 40
14.0
 40
15.0
 40
15.0
 40
15.0
 40
16.0
 40
16.0
 40
16.0
 40
17.0
 40
17.0
 40
17.0
 40
18.0
 40
18.0
 40
18.0
 40
19.0
 40
19.0
 40
19.0
 40
20.0
 40
20.0
 40
20.0
 40
21.0
 40
21.0
 40
21.0
 40
22.0
 40
22.0
 40
22.0
 40
23.0
 40
23.0
 40
23.0
 40
24.0
 40
24.0
 40
24.0
 40
25.0
 40
25.0
 40
25.0
 40
26.0
 40
26.0
 40
26.0
 40
27.0
 40
27.0
 40
27.0
 40
28.0
 40
28.0
 40
28.0
 40
29.0
 40
29.0
 40
29.0
 40
30.0
 40
30.0
 40
30.0
 40
31.0
 40
31.0
 40
31.0
 40
32.0
 40
32.0
 40
32.0
 40
33.0
 40
33.0
 40
33.0
 40
34.0
 40
34.0
 40
34.0
 40
35.0
 40
35.0
 40
35.0
 40
36.0
 40
36.0
 40
36.0
 40
37.0
 40
37.0
 40
37.0
 40
38.0
 40
38.0
 40
38.0
 40
38.0
 10
2.759722263345287
 20
8.297222345860467
 10
2.783333374808231
 20
8.287500123493373
 10
2.80833337518076
 20
8.270833456578353
 10
2.812500041909515
 20
8.262500123120844
 10
2.820833375367025
 20
8.251389011844164
 10
2.826388931005365
 20
8.252777900753748
 10
2.834722264462874
 20
8.265277900940013
 10
2.843055597920384
 20
8.280555678945448
 10
2.855555598106649
 20
8.279166790035862
 10
2.895833376484612
 20
8.259722345301673
 10
2.923611154676311
 20
8.245833456205824
 10
2.952777821777594
 20
8.240277900567484
 10
2.961111155235105
 20
8.244444567296239
 10
2.970833377602199
 20
8.251389011844164
 10
2.972222266511784
 20
8.247222345115408
 10
2.965277821963859
 20
8.23611123383873
 10
2.95694448850635
 20
8.222222344742879
 10
2.95972226632552
 20
8.21944456692371
 10
2.976388933240539
 20
8.226389011471635
 10
3.002777822522653
 20
8.23611123383873
 10
3.045833378719786
 20
8.198611233279937
 10
3.033333378533522
 20
8.177777899636161
 10
3.027777822895182
 20
8.168055677269068
 10
3.030555600714352
 20
8.166666788359481
 10
3.040277823081446
 20
8.172222343997821
 10
3.048611156538956
 20
8.177777899636161
 10
3.052777823267711
 20
8.187500122003257
 10
3.048611156538956
 20
8.194444566551181
 10
3.044444489810201
 20
8.200000122189521
 10
3.056944489996466
 20
8.198611233279937
 10
3.07500004582107
 20
8.190277899822426
 10
3.097222268374429
 20
8.179166788545746
 10
3.104166712922354
 20
8.170833455088237
 10
3.093055601645674
 20
8.163889010540312
 10
3.08333337927858
 20
8.156944565992388
 10
3.093055601645674
 20
8.152777899263632
 10
3.115277824199033
 20
8.152777899263632
 10
3.136111157842808
 20
8.152777899263632
 10
3.152777824757827
 20
8.147222343625292
 10
3.152777824757827
 20
8.140277899077368
 10
3.152777824757827
 20
8.131944565619859
 10
3.172222269492016
 20
8.115277898704839
 10
3.194444492045375
 20
8.10138900960899
 10
3.218055603508319
 20
8.087500120513141
 10
3.233333381513754
 20
8.069444564688536
 10
3.230555603694584
 20
8.059722342321441
 10
3.226388936965829
 20
8.050000119954347
 10
3.230555603694584
 20
8.041666786496836
 10
3.241666714971263
 20
8.041666786496836
 10
3.261111159705453
 20
8.041666786496836
 10
3.34722227209972
 20
7.916666784634192
 10
3.34722227209972
 20
7.886111228623323
 10
3.34722227209972
 20
7.875000117346644
 10
3.352777827738059
 20
7.861111228250794
 10
3.361111161195569
 20
7.852777894793284
 10
3.368055605743494
 20
7.845833450245359
 10
3.376388939201003
 20
7.82083344987283
 10
3.377777828110588
 20
7.798611227319471
 10
3.379166717020173
 20
7.775000115856528
 10
3.384722272658513
 20
7.751389004393583
 10
3.390277828296853
 20
7.743055670936073
 10
3.395833383935193
 20
7.736111226388149
 10
3.406944495211872
 20
7.695833448010185
 10
3.415277828669382
 20
7.654166780722637
 10
3.423611162126892
 20
7.612500113435089
 10
3.437500051222741
 20
7.569444557237956
 10
3.447222273589836
 20
7.559722334870861
 10
3.455555607047345
 20
7.550000112503767
 10
3.45694449595693
 20
7.541666779046257
 10
3.450000051409006
 20
7.541666779046257
 10
3.444444495770666
 20
7.541666779046257
 10
3.45138894031859
 20
7.531944556679162
 10
3.466666718324025
 20
7.520833445402482
 10
3.493055607606139
 20
7.500000111758708
 10
3.493055607606139
 20
7.500000111758708
 10
3.46527782941444
 20
7.509722334125803
 10
3.450000051409006
 20
7.515277889764142
 10
3.479166718510289
 20
7.477777889205349
 10
3.529166719255347
 20
7.426388999550706
 10
3.605555609282519
 20
7.348611220613949
 10
3.644444498750898
 20
7.322222331331835
 10
3.772222278432713
 20
7.263888997129267
 10
3.85555561300781
 20
7.225000107660889
 10
3.941666725402076
 20
7.176388995825416
 10
3.962500059045851
 20
7.155555662181641
 10
4.016666726519663
 20
7.105555661436583
 10
4.054166727078457
 20
7.027777882499826
 10
4.065277838355137
 20
6.948611214653484
 10
4.077777838541401
 20
6.843055657525028
 10
4.095833394366005
 20
6.829166768429179
 10
4.09722228327559
 20
6.923611214280955
 10
4.09722228327559
 20
7.020833437951901
 10
4.055555615988042
 20
7.123611217261188
 10
3.991666726147134
 20
7.18333344037334
 10
3.969444503593775
 20
7.204166774017115
 10
3.879166724470754
 20
7.255555663671757
 10
3.791666723166902
 20
7.298611219868891
 10
3.623611165107124
 20
7.381944554443988
 10
3.543055608351197
 20
7.445833444284895
 10
3.498611163244479
 20
7.530555667769577
 10
3.484722274148629
 20
7.558333445961276
 10
3.452777829228175
 20
7.651389002903467
 10
3.430555606674816
 20
7.737500115297734
 10
3.369444494653079
 20
7.96111122974091
 10
3.32222227172719
 20
8.038889008677667
 10
3.177777825130356
 20
8.156944565992388
 10
3.06666671236356
 20
8.247222345115408
 10
2.886111154117518
 20
8.320833457323411
 10
2.779166708079476
 20
8.318055679504242
 10
2.779166708079476
 20
8.318055679504242
 10
2.715277818238569
 20
8.316666790594656
 10
2.715277818238569
 20
8.316666790594656
 10
2.715277818238569
 20
8.316666790594656
 10
2.759722263345287
 20
8.297222345860467
 10
2.759722263345287
 20
8.297222345860467
 97
        0
 97
        1
330
80
 75
     2
 76
     1
 98
        1
 10
0.0
 20
0.0
450
        0
451
        0
460
0.0
461
0.0
452
        0
462
0.0
453
        0
470

  0
SPLINE
  5
82
330
79
100
AcDbEntity
  8
Layer 1
100
AcDbSpline
210
0.0
220
0.0
230
1.0
 70
     9
 71
     3
 72
   143
 73
   139
 74
     0
 42
0.0000000001
 43
0.0000000001
 40
0.0
 40
0.0
 40
0.0
 40
0.0
 40
1.0
 40
1.0
 40
1.0
 40
2.0
 40
2.0
 40
2.0
 40
3.0
 40
3.0
 40
3.0
 40
4.0
 40
4.0
 40
4.0
 40
5.0
 40
5.0
 40
5.0
 40
6.0
 40
6.0
 40
6.0
 40
7.0
 40
7.0
 40
7.0
 40
8.0
 40
8.0
 40
8.0
 40
9.0
 40
9.0
 40
9.0
 40
10.0
 40
10.0
 40
10.0
 40
11.0
 40
11.0
 40
11.0
 40
12.0
 40
12.0
 40
12.0
 40
13.0
 40
13.0
 40
13.0
 40
14.0
 40
14.0
 40
14.0
 40
15.0
 40
15.0
 40
15.0
 40
16.0
 40
16.0
 40
16.0
 40
17.0
 40
17.0
 40
17.0
 40
18.0
 40
18.0
 40
18.0
 40
19.0
 40
19.0
 40
19.0
 40
20.0
 40
20.0
 40
20.0
 40
21.0
 40
21.0
 40
21.0
 40
22.0
 40
22.0
 40
22.0
 40
23.0
 40
23.0
 40
23.0
 40
24.0
 40
24.0
 40
24.0
 40
25.0
 40
25.0
 40
25.0
 40
26.0
 40
26.0
 40
26.0
 40
27.0
 40
27.0
 40
27.0
 40
28.0
 40
28.0
 40
28.0
 40
29.0
 40
29.0
 40
29.0
 40
30.0
 40
30.0
 40
30.0
 40
31.0
 40
31.0
 40
31.0
 40
32.0
 40
32.0
 40
32.0
 40
33.0
 40
33.0
 40
33.0
 40
34.0
 40
34.0
 40
34.0
 40
35.0
 40
35.0
 40
35.0
 40
36.0
 40
36.0
 40
36.0
 40
37.0
 40
37.0
 40
37.0
 40
38.0
 40
38.0
 40
38.0
 40
39.0
 40
39.0
 40
39.0
 40
40.0
 40
40.0
 40
40.0
 40
41.0
 40
41.0
 40
41.0
 40
42.0
 40
42.0
 40
42.0
 40
43.0
 40
43.0
 40
43.0
 40
44.0
 40
44.0
 40
44.0
 40
45.0
 40
45.0
 40
45.0
 40
46.0
 40
46.0
 40
46.0
 40
46.0
 10
2.244444477889272
 20
7.984722341203855
 30
0.0
 10
2.248611144618027
 20
7.977777896655929
 30
0.0
 10
2.258333366985122
 20
7.976389007746345
 30
0.0
 10
2.266666700442631
 20
7.980555674475099
 30
0.0
 10
2.277777811719311
 20
7.987500119023025
 30
0.0
 10
2.279166700628896
 20
7.981944563384685
 30
0.0
 10
2.269444478261801
 20
7.96388900756008
 30
0.0
 10
2.243055588979687
 20
7.908333451176682
 30
0.0
 10
2.256944478075537
 20
7.788889004952377
 30
0.0
 10
2.30000003427267
 20
7.70277789255811
 30
0.0
 10
2.337500034831464
 20
7.626389002530938
 30
0.0
 10
2.43472225850241
 20
7.526389001040822
 30
0.0
 10
2.452777814327014
 20
7.545833445775011
 30
0.0
 10
2.456944481055769
 20
7.550000112503767
 30
0.0
 10
2.43750003632158
 20
7.594444557610485
 30
0.0
 10
2.409722258129881
 20
7.645833447265127
 30
0.0
 10
2.350000035017728
 20
7.752777893303168
 30
0.0
 10
2.352777812836898
 20
7.780555671494867
 30
0.0
 10
2.41527781376822
 20
7.688889003462261
 30
0.0
 10
2.495833370524147
 20
7.57361122396671
 30
0.0
 10
2.633333372573057
 20
7.484722333753274
 30
0.0
 10
2.565277816003395
 20
7.594444557610485
 30
0.0
 10
2.519444481987092
 20
7.665277891999316
 30
0.0
 10
2.509722259619997
 20
7.70277789255811
 30
0.0
 10
2.527777815444601
 20
7.731944559659394
 30
0.0
 10
2.537500037811696
 20
7.748611226574413
 30
0.0
 10
2.541666704540451
 20
7.750000115483999
 30
0.0
 10
2.537500037811696
 20
7.736111226388149
 30
0.0
 10
2.520833370896677
 20
7.675000114366412
 30
0.0
 10
2.656944484036001
 20
7.541666779046257
 30
0.0
 10
2.773611152441137
 20
7.504166778487463
 30
0.0
 10
2.865277820473743
 20
7.475000111386179
 30
0.0
 10
2.877777820660007
 20
7.486111222662858
 30
0.0
 10
2.858333375925818
 20
7.580555668514635
 30
0.0
 10
2.838888931191629
 20
7.670833447637656
 30
0.0
 10
2.82500004209578
 20
7.680555670004751
 30
0.0
 10
2.82500004209578
 20
7.602777891067994
 30
0.0
 10
2.826388931005365
 20
7.558333445961276
 30
0.0
 10
2.81944448645744
 20
7.534722334498332
 30
0.0
 10
2.806944486271175
 20
7.530555667769577
 30
0.0
 10
2.794444486084911
 20
7.526389001040822
 30
0.0
 10
2.791666708265741
 20
7.530555667769577
 30
0.0
 10
2.798611152813666
 20
7.541666779046257
 30
0.0
 10
2.806944486271175
 20
7.554166779232521
 30
0.0
 10
2.80277781954242
 20
7.554166779232521
 30
0.0
 10
2.777777819169891
 20
7.541666779046257
 30
0.0
 10
2.761111152254872
 20
7.531944556679162
 30
0.0
 10
2.750000040978193
 20
7.530555667769577
 30
0.0
 10
2.754166707706947
 20
7.537500112317502
 30
0.0
 10
2.758333374435702
 20
7.544444556865427
 30
0.0
 10
2.741666707520683
 20
7.558333445961276
 30
0.0
 10
2.715277818238569
 20
7.566666779418786
 30
0.0
 10
2.69027781786604
 20
7.57638900178588
 30
0.0
 10
2.661111150764756
 20
7.594444557610485
 30
0.0
 10
2.650000039488077
 20
7.606944557796749
 30
0.0
 10
2.634722261482642
 20
7.626389002530938
 30
0.0
 10
2.634722261482642
 20
7.629166780350108
 30
0.0
 10
2.650000039488077
 20
7.619444557983014
 30
0.0
 10
2.665277817493511
 20
7.609722335615919
 30
0.0
 10
2.666666706403096
 20
7.613889002344674
 30
0.0
 10
2.652777817307246
 20
7.637500113807618
 30
0.0
 10
2.644444483849737
 20
7.654166780722637
 30
0.0
 10
2.631944483663472
 20
7.663889003089732
 30
0.0
 10
2.625000039115548
 20
7.659722336360977
 30
0.0
 10
2.608333372200528
 20
7.650000113993883
 30
0.0
 10
2.5555555936363
 20
7.701389003648525
 30
0.0
 10
2.5555555936363
 20
7.727777892930639
 30
0.0
 10
2.5555555936363
 20
7.737500115297734
 30
0.0
 10
2.544444482359621
 20
7.755555671122338
 30
0.0
 10
2.531944482173356
 20
7.765277893489432
 30
0.0
 10
2.519444481987092
 20
7.776389004766112
 30
0.0
 10
2.512500037439167
 20
7.777777893675697
 30
0.0
 10
2.518055593077507
 20
7.769444560218188
 30
0.0
 10
2.523611148715847
 20
7.761111226760678
 30
0.0
 10
2.515277815258337
 20
7.743055670936073
 30
0.0
 10
2.500000037252902
 20
7.729166781840224
 30
0.0
 10
2.472222259061203
 20
7.704166781467695
 30
0.0
 10
2.461111147784524
 20
7.672222336547242
 30
0.0
 10
2.484722259247468
 20
7.687500114552676
 30
0.0
 10
2.493055592704978
 20
7.691666781281431
 30
0.0
 10
2.497222259433732
 20
7.681944558914336
 30
0.0
 10
2.495833370524147
 20
7.666666780908902
 30
0.0
 10
2.494444481614563
 20
7.638889002717203
 30
0.0
 10
2.493055592704978
 20
7.638889002717203
 30
0.0
 10
2.476388925789958
 20
7.661111225270562
 30
0.0
 10
2.466666703422863
 20
7.675000114366412
 30
0.0
 10
2.458333369965354
 20
7.690277892371845
 30
0.0
 10
2.458333369965354
 20
7.697222336919771
 30
0.0
 10
2.458333369965354
 20
7.70277789255811
 30
0.0
 10
2.448611147598259
 20
7.70833344819645
 30
0.0
 10
2.436111147411995
 20
7.70833344819645
 30
0.0
 10
2.425000036135315
 20
7.70833344819645
 30
0.0
 10
2.41805559158739
 20
7.71388900383479
 30
0.0
 10
2.42361114722573
 20
7.720833448382714
 30
0.0
 10
2.427777813954485
 20
7.727777892930639
 30
0.0
 10
2.425000036135315
 20
7.737500115297734
 30
0.0
 10
2.416666702677805
 20
7.743055670936073
 30
0.0
 10
2.408333369220296
 20
7.748611226574413
 30
0.0
 10
2.405555591401126
 20
7.758333448941508
 30
0.0
 10
2.409722258129881
 20
7.765277893489432
 30
0.0
 10
2.413888924858636
 20
7.772222338037358
 30
0.0
 10
2.408333369220296
 20
7.773611226946942
 30
0.0
 10
2.397222257943616
 20
7.769444560218188
 30
0.0
 10
2.386111146666937
 20
7.765277893489432
 30
0.0
 10
2.365277813023162
 20
7.768055671308602
 30
0.0
 10
2.350000035017728
 20
7.776389004766112
 30
0.0
 10
2.330555590283539
 20
7.786111227133207
 30
0.0
 10
2.323611145735614
 20
7.786111227133207
 30
0.0
 10
2.323611145735614
 20
7.770833449127772
 30
0.0
 10
2.323611145735614
 20
7.761111226760678
 30
0.0
 10
2.333333368102709
 20
7.755555671122338
 30
0.0
 10
2.344444479379388
 20
7.761111226760678
 30
0.0
 10
2.359722257384823
 20
7.766666782399018
 30
0.0
 10
2.362500035203993
 20
7.763889004579848
 30
0.0
 10
2.352777812836898
 20
7.748611226574413
 30
0.0
 10
2.345833368288973
 20
7.737500115297734
 30
0.0
 10
2.340277812650633
 20
7.72500011511147
 30
0.0
 10
2.340277812650633
 20
7.71944455947313
 30
0.0
 10
2.340277812650633
 20
7.715277892744374
 30
0.0
 10
2.336111145921879
 20
7.706944559286865
 30
0.0
 10
2.331944479193124
 20
7.70277789255811
 30
0.0
 10
2.318055590097274
 20
7.688889003462261
 30
0.0
 10
2.287500034086406
 20
7.81527789423449
 30
0.0
 10
2.29444447863433
 20
7.859722339341209
 30
0.0
 10
2.2972222564535
 20
7.883333450804153
 30
0.0
 10
2.295833367543915
 20
7.898611228809587
 30
0.0
 10
2.290277811905575
 20
7.894444562080833
 30
0.0
 10
2.266666700442631
 20
7.880555672984983
 30
0.0
 10
2.262500033713877
 20
7.919444562453362
 30
0.0
 10
2.283333367357651
 20
7.951389007373816
 30
0.0
 10
2.295833367543915
 20
7.970833452108005
 30
0.0
 10
2.301388923182255
 20
7.986111230113439
 30
0.0
 10
2.295833367543915
 20
7.987500119023025
 30
0.0
 10
2.288888922995991
 20
7.987500119023025
 30
0.0
 10
2.273611144990556
 20
7.990277896842194
 30
0.0
 10
2.259722255894707
 20
7.993055674661364
 30
0.0
 10
2.247222255708442
 20
7.995833452480534
 30
0.0
 10
2.238888922250933
 20
7.991666785751779
 30
0.0
 10
2.244444477889272
 20
7.984722341203855
 30
0.0
  0
HATCH
  5
83
330
79
100
AcDbEntity
  8
Layer 1
 62
    18
420
        0
440
 33554687
100
AcDbHatch
 10
0.0
 20
0.0
 30
0.0
210
0.0
220
0.0
230
1.0
  2
SOLID
 70
     1
 71
     1
 91
        1
 92
        1
 93
        1
 72
     4
 94
        3
 73
     0
 74
     0
 95
      143
 96
      139
 40
0.0
 40
0.0
 40
0.0
 40
0.0
 40
1.0
 40
1.0
 40
1.0
 40
2.0
 40
2.0
 40
2.0
 40
3.0
 40
3.0
 40
3.0
 40
4.0
 40
4.0
 40
4.0
 40
5.0
 40
5.0
 40
5.0
 40
6.0
 40
6.0
 40
6.0
 40
7.0
 40
7.0
 40
7.0
 40
8.0
 40
8.0
 40
8.0
 40
9.0
 40
9.0
 40
9.0
 40
10.0
 40
10.0
 40
10.0
 40
11.0
 40
11.0
 40
11.0
 40
12.0
 40
12.0
 40
12.0
 40
13.0
 40
13.0
 40
13.0
 40
14.0
 40
14.0
 40
14.0
 40
15.0
 40
15.0
 40
15.0
 40
16.0
 40
16.0
 40
16.0
 40
17.0
 40
17.0
 40
17.0
 40
18.0
 40
18.0
 40
18.0
 40
19.0
 40
19.0
 40
19.0
 40
20.0
 40
20.0
 40
20.0
 40
21.0
 40
21.0
 40
21.0
 40
22.0
 40
22.0
 40
22.0
 40
23.0
 40
23.0
 40
23.0
 40
24.0
 40
24.0
 40
24.0
 40
25.0
 40
25.0
 40
25.0
 40
26.0
 40
26.0
 40
26.0
 40
27.0
 40
27.0
 40
27.0
 40
28.0
 40
28.0
 40
28.0
 40
29.0
 40
29.0
 40
29.0
 40
30.0
 40
30.0
 40
30.0
 40
31.0
 40
31.0
 40
31.0
 40
32.0
 40
32.0
 40
32.0
 40
33.0
 40
33.0
 40
33.0
 40
34.0
 40
34.0
 40
34.0
 40
35.0
 40
35.0
 40
35.0
 40
36.0
 40
36.0
 40
36.0
 40
37.0
 40
37.0
 40
37.0
 40
38.0
 40
38.0
 40
38.0
 40
39.0
 40
39.0
 40
39.0
 40
40.0
 40
40.0
 40
40.0
 40
41.0
 40
41.0
 40
41.0
 40
42.0
 40
42.0
 40
42.0
 40
43.0
 40
43.0
 40
43.0
 40
44.0
 40
44.0
 40
44.0
 40
45.0
 40
45.0
 40
45.0
 40
46.0
 40
46.0
 40
46.0
 40
46.0
 10
2.244444477889272
 20
7.984722341203855
 10
2.248611144618027
 20
7.977777896655929
 10
2.258333366985122
 20
7.976389007746345
 10
2.266666700442631
 20
7.980555674475099
 10
2.277777811719311
 20
7.987500119023025
 10
2.279166700628896
 20
7.981944563384685
 10
2.269444478261801
 20
7.96388900756008
 10
2.243055588979687
 20
7.908333451176682
 10
2.256944478075537
 20
7.788889004952377
 10
2.30000003427267
 20
7.70277789255811
 10
2.337500034831464
 20
7.626389002530938
 10
2.43472225850241
 20
7.526389001040822
 10
2.452777814327014
 20
7.545833445775011
 10
2.456944481055769
 20
7.550000112503767
 10
2.43750003632158
 20
7.594444557610485
 10
2.409722258129881
 20
7.645833447265127
 10
2.350000035017728
 20
7.752777893303168
 10
2.352777812836898
 20
7.780555671494867
 10
2.41527781376822
 20
7.688889003462261
 10
2.495833370524147
 20
7.57361122396671
 10
2.633333372573057
 20
7.484722333753274
 10
2.565277816003395
 20
7.594444557610485
 10
2.519444481987092
 20
7.665277891999316
 10
2.509722259619997
 20
7.70277789255811
 10
2.527777815444601
 20
7.731944559659394
 10
2.537500037811696
 20
7.748611226574413
 10
2.541666704540451
 20
7.750000115483999
 10
2.537500037811696
 20
7.736111226388149
 10
2.520833370896677
 20
7.675000114366412
 10
2.656944484036001
 20
7.541666779046257
 10
2.773611152441137
 20
7.504166778487463
 10
2.865277820473743
 20
7.475000111386179
 10
2.877777820660007
 20
7.486111222662858
 10
2.858333375925818
 20
7.580555668514635
 10
2.838888931191629
 20
7.670833447637656
 10
2.82500004209578
 20
7.680555670004751
 10
2.82500004209578
 20
7.602777891067994
 10
2.826388931005365
 20
7.558333445961276
 10
2.81944448645744
 20
7.534722334498332
 10
2.806944486271175
 20
7.530555667769577
 10
2.794444486084911
 20
7.526389001040822
 10
2.791666708265741
 20
7.530555667769577
 10
2.798611152813666
 20
7.541666779046257
 10
2.806944486271175
 20
7.554166779232521
 10
2.80277781954242
 20
7.554166779232521
 10
2.777777819169891
 20
7.541666779046257
 10
2.761111152254872
 20
7.531944556679162
 10
2.750000040978193
 20
7.530555667769577
 10
2.754166707706947
 20
7.537500112317502
 10
2.758333374435702
 20
7.544444556865427
 10
2.741666707520683
 20
7.558333445961276
 10
2.715277818238569
 20
7.566666779418786
 10
2.69027781786604
 20
7.57638900178588
 10
2.661111150764756
 20
7.594444557610485
 10
2.650000039488077
 20
7.606944557796749
 10
2.634722261482642
 20
7.626389002530938
 10
2.634722261482642
 20
7.629166780350108
 10
2.650000039488077
 20
7.619444557983014
 10
2.665277817493511
 20
7.609722335615919
 10
2.666666706403096
 20
7.613889002344674
 10
2.652777817307246
 20
7.637500113807618
 10
2.644444483849737
 20
7.654166780722637
 10
2.631944483663472
 20
7.663889003089732
 10
2.625000039115548
 20
7.659722336360977
 10
2.608333372200528
 20
7.650000113993883
 10
2.5555555936363
 20
7.701389003648525
 10
2.5555555936363
 20
7.727777892930639
 10
2.5555555936363
 20
7.737500115297734
 10
2.544444482359621
 20
7.755555671122338
 10
2.531944482173356
 20
7.765277893489432
 10
2.519444481987092
 20
7.776389004766112
 10
2.512500037439167
 20
7.777777893675697
 10
2.518055593077507
 20
7.769444560218188
 10
2.523611148715847
 20
7.761111226760678
 10
2.515277815258337
 20
7.743055670936073
 10
2.500000037252902
 20
7.729166781840224
 10
2.472222259061203
 20
7.704166781467695
 10
2.461111147784524
 20
7.672222336547242
 10
2.484722259247468
 20
7.687500114552676
 10
2.493055592704978
 20
7.691666781281431
 10
2.497222259433732
 20
7.681944558914336
 10
2.495833370524147
 20
7.666666780908902
 10
2.494444481614563
 20
7.638889002717203
 10
2.493055592704978
 20
7.638889002717203
 10
2.476388925789958
 20
7.661111225270562
 10
2.466666703422863
 20
7.675000114366412
 10
2.458333369965354
 20
7.690277892371845
 10
2.458333369965354
 20
7.697222336919771
 10
2.458333369965354
 20
7.70277789255811
 10
2.448611147598259
 20
7.70833344819645
 10
2.436111147411995
 20
7.70833344819645
 10
2.425000036135315
 20
7.70833344819645
 10
2.41805559158739
 20
7.71388900383479
 10
2.42361114722573
 20
7.720833448382714
 10
2.427777813954485
 20
7.727777892930639
 10
2.425000036135315
 20
7.737500115297734
 10
2.416666702677805
 20
7.743055670936073
 10
2.408333369220296
 20
7.748611226574413
 10
2.405555591401126
 20
7.758333448941508
 10
2.409722258129881
 20
7.765277893489432
 10
2.413888924858636
 20
7.772222338037358
 10
2.408333369220296
 20
7.773611226946942
 10
2.397222257943616
 20
7.769444560218188
 10
2.386111146666937
 20
7.765277893489432
 10
2.365277813023162
 20
7.768055671308602
 10
2.350000035017728
 20
7.776389004766112
 10
2.330555590283539
 20
7.786111227133207
 10
2.323611145735614
 20
7.786111227133207
 10
2.323611145735614
 20
7.770833449127772
 10
2.323611145735614
 20
7.761111226760678
 10
2.333333368102709
 20
7.755555671122338
 10
2.344444479379388
 20
7.761111226760678
 10
2.359722257384823
 20
7.766666782399018
 10
2.362500035203993
 20
7.763889004579848
 10
2.352777812836898
 20
7.748611226574413
 10
2.345833368288973
 20
7.737500115297734
 10
2.340277812650633
 20
7.72500011511147
 10
2.340277812650633
 20
7.71944455947313
 10
2.340277812650633
 20
7.715277892744374
 10
2.336111145921879
 20
7.706944559286865
 10
2.331944479193124
 20
7.70277789255811
 10
2.318055590097274
 20
7.688889003462261
 10
2.287500034086406
 20
7.81527789423449
 10
2.29444447863433
 20
7.859722339341209
 10
2.2972222564535
 20
7.883333450804153
 10
2.295833367543915
 20
7.898611228809587
 10
2.290277811905575
 20
7.894444562080833
 10
2.266666700442631
 20
7.880555672984983
 10
2.262500033713877
 20
7.919444562453362
 10
2.283333367357651
 20
7.951389007373816
 10
2.295833367543915
 20
7.970833452108005
 10
2.301388923182255
 20
7.986111230113439
 10
2.295833367543915
 20
7.987500119023025
 10
2.288888922995991
 20
7.987500119023025
 10
2.273611144990556
 20
7.990277896842194
 10
2.259722255894707
 20
7.993055674661364
 10
2.247222255708442
 20
7.995833452480534
 10
2.238888922250933
 20
7.991666785751779
 10
2.244444477889272
 20
7.984722341203855
 97
        0
 97
        1
330
82
 75
     2
 76
     1
 98
        1
 10
0.0
 20
0.0
450
        0
451
        0
460
0.0
461
0.0
452
        0
462
0.0
453
        0
470

  0
SPLINE
  5
84
330
79
100
AcDbEntity
  8
Layer 1
100
AcDbSpline
210
0.0
220
0.0
230
1.0
 70
     9
 71
     3
 72
    14
 73
    10
 74
     0
 42
0.0000000001
 43
0.0000000001
 40
0.0
 40
0.0
 40
0.0
 40
0.0
 40
1.0
 40
1.0
 40
1.0
 40
2.0
 40
2.0
 40
2.0
 40
3.0
 40
3.0
 40
3.0
 40
3.0
 10
2.312500034458935
 20
7.956944563012156
 30
0.0
 10
2.306944478820595
 20
7.948611229554646
 30
0.0
 10
2.30555558991101
 20
7.940277896097136
 30
0.0
 10
2.309722256639765
 20
7.936111229368381
 30
0.0
 10
2.312500034458935
 20
7.931944562639626
 30
0.0
 10
2.319444479006859
 20
7.938889007187551
 30
0.0
 10
2.323611145735614
 20
7.951389007373816
 30
0.0
 10
2.333333368102709
 20
7.97500011883676
 30
0.0
 10
2.325000034645199
 20
7.979166785565515
 30
0.0
 10
2.312500034458935
 20
7.956944563012156
 30
0.0
  0
HATCH
  5
85
330
79
100
AcDbEntity
  8
Layer 1
 62
    18
420
        0
440
 33554687
100
AcDbHatch
 10
0.0
 20
0.0
 30
0.0
210
0.0
220
0.0
230
1.0
  2
SOLID
 70
     1
 71
     1
 91
        1
 92
        1
 93
        1
 72
     4
 94
        3
 73
     0
 74
     0
 95
       14
 96
       10
 40
0.0
 40
0.0
 40
0.0
 40
0.0
 40
1.0
 40
1.0
 40
1.0
 40
2.0
 40
2.0
 40
2.0
 40
3.0
 40
3.0
 40
3.0
 40
3.0
 10
2.312500034458935
 20
7.956944563012156
 10
2.306944478820595
 20
7.948611229554646
 10
2.30555558991101
 20
7.940277896097136
 10
2.309722256639765
 20
7.936111229368381
 10
2.312500034458935
 20
7.931944562639626
 10
2.319444479006859
 20
7.938889007187551
 10
2.323611145735614
 20
7.951389007373816
 10
2.333333368102709
 20
7.97500011883676
 10
2.325000034645199
 20
7.979166785565515
 10
2.312500034458935
 20
7.956944563012156
 97
        0
 97
        1
330
84
 75
     2
 76
     1
 98
        1
 10
0.0
 20
0.0
450
        0
451
        0
460
0.0
461
0.0
452
        0
462
0.0
453
        0
470

  0
SPLINE
  5
86
330
79
100
AcDbEntity
  8
Layer 1
100
AcDbSpline
210
0.0
220
0.0
230
1.0
 70
     9
 71
     3
 72
    14
 73
    10
 74
     0
 42
0.0000000001
 43
0.0000000001
 40
0.0
 40
0.0
 40
0.0
 40
0.0
 40
1.0
 40
1.0
 40
1.0
 40
2.0
 40
2.0
 40
2.0
 40
3.0
 40
3.0
 40
3.0
 40
3.0
 10
3.348611161009305
 20
7.825000116601586
 30
0.0
 10
3.348611161009305
 20
7.809722338596151
 30
0.0
 10
3.352777827738059
 20
7.805555671867396
 30
0.0
 10
3.356944494466814
 20
7.816666783144076
 30
0.0
 10
3.361111161195569
 20
7.82638900551117
 30
0.0
 10
3.359722272285984
 20
7.838889005697435
 30
0.0
 10
3.355555605557229
 20
7.843055672426189
 30
0.0
 10
3.351388938828474
 20
7.848611228064529
 30
0.0
 10
3.34722227209972
 20
7.840277894607019
 30
0.0
 10
3.348611161009305
 20
7.825000116601586
 30
0.0
  0
HATCH
  5
87
330
79
100
AcDbEntity
  8
Layer 1
 62
    18
420
        0
440
 33554687
100
AcDbHatch
 10
0.0
 20
0.0
 30
0.0
210
0.0
220
0.0
230
1.0
  2
SOLID
 70
     1
 71
     1
 91
        1
 92
        1
 93
        1
 72
     4
 94
        3
 73
     0
 74
     0
 95
       14
 96
       10
 40
0.0
 40
0.0
 40
0.0
 40
0.0
 40
1.0
 40
1.0
 40
1.0
 40
2.0
 40
2.0
 40
2.0
 40
3.0
 40
3.0
 40
3.0
 40
3.0
 10
3.348611161009305
 20
7.825000116601586
 10
3.348611161009305
 20
7.809722338596151
 10
3.352777827738059
 20
7.805555671867396
 10
3.356944494466814
 20
7.816666783144076
 10
3.361111161195569
 20
7.82638900551117
 10
3.359722272285984
 20
7.838889005697435
 10
3.355555605557229
 20
7.843055672426189
 10
3.351388938828474
 20
7.848611228064529
 10
3.34722227209972
 20
7.840277894607019
 10
3.348611161009305
 20
7.825000116601586
 97
        0
 97
        1
330
86
 75
     2
 76
     1
 98
        1
 10
0.0
 20
0.0
450
        0
451
        0
460
0.0
461
0.0
452
        0
462
0.0
453
        0
470

  0
SPLINE
  5
88
330
79
100
AcDbEntity
  8
Layer 1
100
AcDbSpline
210
0.0
220
0.0
230
1.0
 70
     9
 71
     3
 72
    17
 73
    13
 74
     0
 42
0.0000000001
 43
0.0000000001
 40
0.0
 40
0.0
 40
0.0
 40
0.0
 40
1.0
 40
1.0
 40
1.0
 40
2.0
 40
2.0
 40
2.0
 40
3.0
 40
3.0
 40
3.0
 40
4.0
 40
4.0
 40
4.0
 40
4.0
 10
2.097222253473268
 20
7.736111226388149
 30
0.0
 10
2.097222253473268
 20
7.729166781840224
 30
0.0
 10
2.104166698021193
 20
7.7222223372923
 30
0.0
 10
2.112500031478703
 20
7.7222223372923
 30
0.0
 10
2.119444476026627
 20
7.7222223372923
 30
0.0
 10
2.122222253845797
 20
7.729166781840224
 30
0.0
 10
2.118055587117042
 20
7.736111226388149
 30
0.0
 10
2.113888920388288
 20
7.744444559845659
 30
0.0
 10
2.106944475840363
 20
7.750000115483999
 30
0.0
 10
2.102777809111608
 20
7.750000115483999
 30
0.0
 10
2.100000031292438
 20
7.750000115483999
 30
0.0
 10
2.097222253473268
 20
7.744444559845659
 30
0.0
 10
2.097222253473268
 20
7.736111226388149
 30
0.0
  0
HATCH
  5
89
330
79
100
AcDbEntity
  8
Layer 1
 62
    18
420
        0
440
 33554687
100
AcDbHatch
 10
0.0
 20
0.0
 30
0.0
210
0.0
220
0.0
230
1.0
  2
SOLID
 70
     1
 71
     1
 91
        1
 92
        1
 93
        1
 72
     4
 94
        3
 73
     0
 74
     0
 95
       17
 96
       13
 40
0.0
 40
0.0
 40
0.0
 40
0.0
 40
1.0
 40
1.0
 40
1.0
 40
2.0
 40
2.0
 40
2.0
 40
3.0
 40
3.0
 40
3.0
 40
4.0
 40
4.0
 40
4.0
 40
4.0
 10
2.097222253473268
 20
7.736111226388149
 10
2.097222253473268
 20
7.729166781840224
 10
2.104166698021193
 20
7.7222223372923
 10
2.112500031478703
 20
7.7222223372923
 10
2.119444476026627
 20
7.7222223372923
 10
2.122222253845797
 20
7.729166781840224
 10
2.118055587117042
 20
7.736111226388149
 10
2.113888920388288
 20
7.744444559845659
 10
2.106944475840363
 20
7.750000115483999
 10
2.102777809111608
 20
7.750000115483999
 10
2.100000031292438
 20
7.750000115483999
 10
2.097222253473268
 20
7.744444559845659
 10
2.097222253473268
 20
7.736111226388149
 97
        0
 97
        1
330
88
 75
     2
 76
     1
 98
        1
 10
0.0
 20
0.0
450
        0
451
        0
460
0.0
461
0.0
452
        0
462
0.0
453
        0
470

  0
SPLINE
  5
8A
330
79
100
AcDbEntity
  8
Layer 1
100
AcDbSpline
210
0.0
220
0.0
230
1.0
 70
     9
 71
     3
 72
    14
 73
    10
 74
     0
 42
0.0000000001
 43
0.0000000001
 40
0.0
 40
0.0
 40
0.0
 40
0.0
 40
1.0
 40
1.0
 40
1.0
 40
2.0
 40
2.0
 40
2.0
 40
3.0
 40
3.0
 40
3.0
 40
3.0
 10
3.376388939201003
 20
7.71388900383479
 30
0.0
 10
3.376388939201003
 20
7.698611225829355
 30
0.0
 10
3.380555605929758
 20
7.694444559100601
 30
0.0
 10
3.384722272658513
 20
7.70555567037728
 30
0.0
 10
3.388888939387268
 20
7.715277892744374
 30
0.0
 10
3.387500050477683
 20
7.727777892930639
 30
0.0
 10
3.383333383748928
 20
7.731944559659394
 30
0.0
 10
3.379166717020173
 20
7.737500115297734
 30
0.0
 10
3.375000050291419
 20
7.729166781840224
 30
0.0
 10
3.376388939201003
 20
7.71388900383479
 30
0.0
  0
HATCH
  5
8B
330
79
100
AcDbEntity
  8
Layer 1
 62
    18
420
        0
440
 33554687
100
AcDbHatch
 10
0.0
 20
0.0
 30
0.0
210
0.0
220
0.0
230
1.0
  2
SOLID
 70
     1
 71
     1
 91
        1
 92
        1
 93
        1
 72
     4
 94
        3
 73
     0
 74
     0
 95
       14
 96
       10
 40
0.0
 40
0.0
 40
0.0
 40
0.0
 40
1.0
 40
1.0
 40
1.0
 40
2.0
 40
2.0
 40
2.0
 40
3.0
 40
3.0
 40
3.0
 40
3.0
 10
3.376388939201003
 20
7.71388900383479
 10
3.376388939201003
 20
7.698611225829355
 10
3.380555605929758
 20
7.694444559100601
 10
3.384722272658513
 20
7.70555567037728
 10
3.388888939387268
 20
7.715277892744374
 10
3.387500050477683
 20
7.727777892930639
 10
3.383333383748928
 20
7.731944559659394
 10
3.379166717020173
 20
7.737500115297734
 10
3.375000050291419
 20
7.729166781840224
 10
3.376388939201003
 20
7.71388900383479
 97
        0
 97
        1
330
8A
 75
     2
 76
     1
 98
        1
 10
0.0
 20
0.0
450
        0
451
        0
460
0.0
461
0.0
452
        0
462
0.0
453
        0
470

  0
SPLINE
  5
8C
330
79
100
AcDbEntity
  8
Layer 1
100
AcDbSpline
210
0.0
220
0.0
230
1.0
 70
     9
 71
     3
 72
    14
 73
    10
 74
     0
 42
0.0000000001
 43
0.0000000001
 40
0.0
 40
0.0
 40
0.0
 40
0.0
 40
1.0
 40
1.0
 40
1.0
 40
2.0
 40
2.0
 40
2.0
 40
3.0
 40
3.0
 40
3.0
 40
3.0
 10
2.03611114145153
 20
7.698611225829355
 30
0.0
 10
2.027777807994021
 20
7.679166781095166
 30
0.0
 10
2.029166696903605
 20
7.677777892185581
 30
0.0
 10
2.043055585999455
 20
7.690277892371845
 30
0.0
 10
2.05277780836655
 20
7.700000114738941
 30
0.0
 10
2.056944475095304
 20
7.71111122601562
 30
0.0
 10
2.05277780836655
 20
7.715277892744374
 30
0.0
 10
2.048611141637795
 20
7.71944455947313
 30
0.0
 10
2.040277808180285
 20
7.712500114925205
 30
0.0
 10
2.03611114145153
 20
7.698611225829355
 30
0.0
  0
HATCH
  5
8D
330
79
100
AcDbEntity
  8
Layer 1
 62
    18
420
        0
440
 33554687
100
AcDbHatch
 10
0.0
 20
0.0
 30
0.0
210
0.0
220
0.0
230
1.0
  2
SOLID
 70
     1
 71
     1
 91
        1
 92
        1
 93
        1
 72
     4
 94
        3
 73
     0
 74
     0
 95
       14
 96
       10
 40
0.0
 40
0.0
 40
0.0
 40
0.0
 40
1.0
 40
1.0
 40
1.0
 40
2.0
 40
2.0
 40
2.0
 40
3.0
 40
3.0
 40
3.0
 40
3.0
 10
2.03611114145153
 20
7.698611225829355
 10
2.027777807994021
 20
7.679166781095166
 10
2.029166696903605
 20
7.677777892185581
 10
2.043055585999455
 20
7.690277892371845
 10
2.05277780836655
 20
7.700000114738941
 10
2.056944475095304
 20
7.71111122601562
 10
2.05277780836655
 20
7.715277892744374
 10
2.048611141637795
 20
7.71944455947313
 10
2.040277808180285
 20
7.712500114925205
 10
2.03611114145153
 20
7.698611225829355
 97
        0
 97
        1
330
8C
 75
     2
 76
     1
 98
        1
 10
0.0
 20
0.0
450
        0
451
        0
460
0.0
461
0.0
452
        0
462
0.0
453
        0
470

  0
SPLINE
  5
8E
330
79
100
AcDbEntity
  8
Layer 1
100
AcDbSpline
210
0.0
220
0.0
230
1.0
 70
     9
 71
     3
 72
    17
 73
    13
 74
     0
 42
0.0000000001
 43
0.0000000001
 40
0.0
 40
0.0
 40
0.0
 40
0.0
 40
1.0
 40
1.0
 40
1.0
 40
2.0
 40
2.0
 40
2.0
 40
3.0
 40
3.0
 40
3.0
 40
4.0
 40
4.0
 40
4.0
 40
4.0
 10
2.866666709383328
 20
6.701388988747364
 30
0.0
 10
2.861111153744989
 20
6.690277877470684
 30
0.0
 10
2.852777820287478
 20
6.68333343292276
 30
0.0
 10
2.845833375739554
 20
6.687500099651515
 30
0.0
 10
2.840277820101214
 20
6.69166676638027
 30
0.0
 10
2.837500042282044
 20
6.704166766566534
 30
0.0
 10
2.841666709010799
 20
6.715277877843213
 30
0.0
 10
2.847222264649139
 20
6.726388989119893
 30
0.0
 10
2.855555598106649
 20
6.733333433667818
 30
0.0
 10
2.862500042654573
 20
6.729166766939063
 30
0.0
 10
2.868055598292913
 20
6.725000100210309
 30
0.0
 10
2.870833376112083
 20
6.712500100024044
 30
0.0
 10
2.866666709383328
 20
6.701388988747364
 30
0.0
  0
SPLINE
  5
8F
330
79
100
AcDbEntity
  8
Layer 1
100
AcDbSpline
210
0.0
220
0.0
230
1.0
 70
     9
 71
     3
 72
   233
 73
   229
 74
     0
 42
0.0000000001
 43
0.0000000001
 40
0.0
 40
0.0
 40
0.0
 40
0.0
 40
1.0
 40
1.0
 40
1.0
 40
2.0
 40
2.0
 40
2.0
 40
3.0
 40
3.0
 40
3.0
 40
4.0
 40
4.0
 40
4.0
 40
5.0
 40
5.0
 40
5.0
 40
6.0
 40
6.0
 40
6.0
 40
7.0
 40
7.0
 40
7.0
 40
8.0
 40
8.0
 40
8.0
 40
9.0
 40
9.0
 40
9.0
 40
10.0
 40
10.0
 40
10.0
 40
11.0
 40
11.0
 40
11.0
 40
12.0
 40
12.0
 40
12.0
 40
13.0
 40
13.0
 40
13.0
 40
14.0
 40
14.0
 40
14.0
 40
15.0
 40
15.0
 40
15.0
 40
16.0
 40
16.0
 40
16.0
 40
17.0
 40
17.0
 40
17.0
 40
18.0
 40
18.0
 40
18.0
 40
19.0
 40
19.0
 40
19.0
 40
20.0
 40
20.0
 40
20.0
 40
21.0
 40
21.0
 40
21.0
 40
22.0
 40
22.0
 40
22.0
 40
23.0
 40
23.0
 40
23.0
 40
24.0
 40
24.0
 40
24.0
 40
25.0
 40
25.0
 40
25.0
 40
26.0
 40
26.0
 40
26.0
 40
27.0
 40
27.0
 40
27.0
 40
28.0
 40
28.0
 40
28.0
 40
29.0
 40
29.0
 40
29.0
 40
30.0
 40
30.0
 40
30.0
 40
31.0
 40
31.0
 40
31.0
 40
32.0
 40
32.0
 40
32.0
 40
33.0
 40
33.0
 40
33.0
 40
34.0
 40
34.0
 40
34.0
 40
35.0
 40
35.0
 40
35.0
 40
36.0
 40
36.0
 40
36.0
 40
37.0
 40
37.0
 40
37.0
 40
38.0
 40
38.0
 40
38.0
 40
39.0
 40
39.0
 40
39.0
 40
40.0
 40
40.0
 40
40.0
 40
41.0
 40
41.0
 40
41.0
 40
42.0
 40
42.0
 40
42.0
 40
43.0
 40
43.0
 40
43.0
 40
44.0
 40
44.0
 40
44.0
 40
45.0
 40
45.0
 40
45.0
 40
46.0
 40
46.0
 40
46.0
 40
47.0
 40
47.0
 40
47.0
 40
48.0
 40
48.0
 40
48.0
 40
49.0
 40
49.0
 40
49.0
 40
50.0
 40
50.0
 40
50.0
 40
51.0
 40
51.0
 40
51.0
 40
52.0
 40
52.0
 40
52.0
 40
53.0
 40
53.0
 40
53.0
 40
54.0
 40
54.0
 40
54.0
 40
55.0
 40
55.0
 40
55.0
 40
56.0
 40
56.0
 40
56.0
 40
57.0
 40
57.0
 40
57.0
 40
58.0
 40
58.0
 40
58.0
 40
59.0
 40
59.0
 40
59.0
 40
60.0
 40
60.0
 40
60.0
 40
61.0
 40
61.0
 40
61.0
 40
62.0
 40
62.0
 40
62.0
 40
63.0
 40
63.0
 40
63.0
 40
64.0
 40
64.0
 40
64.0
 40
65.0
 40
65.0
 40
65.0
 40
66.0
 40
66.0
 40
66.0
 40
67.0
 40
67.0
 40
67.0
 40
68.0
 40
68.0
 40
68.0
 40
69.0
 40
69.0
 40
69.0
 40
70.0
 40
70.0
 40
70.0
 40
71.0
 40
71.0
 40
71.0
 40
72.0
 40
72.0
 40
72.0
 40
73.0
 40
73.0
 40
73.0
 40
74.0
 40
74.0
 40
74.0
 40
75.0
 40
75.0
 40
75.0
 40
76.0
 40
76.0
 40
76.0
 40
76.0
 10
2.847222264649139
 20
7.676389003275996
 30
0.0
 10
2.847222264649139
 20
7.672222336547242
 30
0.0
 10
2.873611153931253
 20
7.606944557796749
 30
0.0
 10
2.905555598851707
 20
7.531944556679162
 30
0.0
 10
2.958333377415934
 20
7.408333443726101
 30
0.0
 10
2.96250004414469
 20
7.386111221172742
 30
0.0
 10
2.95972226632552
 20
7.295833442049721
 30
0.0
 10
2.958333377415934
 20
7.240277885666323
 30
0.0
 10
2.95972226632552
 20
7.19444455165002
 30
0.0
 10
2.963888933054274
 20
7.19444455165002
 30
0.0
 10
2.968055599783029
 20
7.19444455165002
 30
0.0
 10
2.987500044517219
 20
7.225000107660889
 30
0.0
 10
3.006944489251408
 20
7.263888997129267
 30
0.0
 10
3.061111156725221
 20
7.370833443167308
 30
0.0
 10
3.127777824385298
 20
7.390277887901497
 30
0.0
 10
3.194444492045375
 20
7.319444553512665
 30
0.0
 10
3.313888938269681
 20
7.190277884921265
 30
0.0
 10
3.2013889365933
 20
6.958333437020579
 30
0.0
 10
3.018055600528087
 20
6.958333437020579
 30
0.0
 10
2.969444488692614
 20
6.958333437020579
 30
0.0
 10
2.963888933054274
 20
6.954166770291824
 30
0.0
 10
2.94027782159133
 20
6.897222324998842
 30
0.0
 10
2.908333376670876
 20
6.819444546062085
 30
0.0
 10
2.836111153372459
 20
6.734722322577403
 30
0.0
 10
2.756944485526117
 20
6.684722321832345
 30
0.0
 10
2.756944485526117
 20
6.684722321832345
 30
0.0
 10
2.694444484594795
 20
6.645833432363966
 30
0.0
 10
2.694444484594795
 20
6.645833432363966
 30
0.0
 10
2.694444484594795
 20
6.645833432363966
 30
0.0
 10
2.694444484594795
 20
6.538888986325925
 30
0.0
 10
2.694444484594795
 20
6.538888986325925
 30
0.0
 10
2.694444484594795
 20
6.479166763213773
 30
0.0
 10
2.69583337350438
 20
6.430555651378299
 30
0.0
 10
2.69861115132355
 20
6.430555651378299
 30
0.0
 10
2.700000040233135
 20
6.430555651378299
 30
0.0
 10
2.752777818797362
 20
6.420833429011205
 30
0.0
 10
2.815277819728685
 20
6.41111120664411
 30
0.0
 10
2.95972226632552
 20
6.384722317361997
 30
0.0
 10
3.061111156725221
 20
6.355555650260712
 30
0.0
 10
3.120833379837373
 20
6.319444538611504
 30
0.0
 10
3.161111158215337
 20
6.29583342714856
 30
0.0
 10
3.176388936220771
 20
6.294444538238975
 30
0.0
 10
3.238888937152093
 20
6.305555649515654
 30
0.0
 10
3.277777826620472
 20
6.313888982973164
 30
0.0
 10
3.312500049360096
 20
6.322222316430674
 30
0.0
 10
3.315277827179266
 20
6.323611205340259
 30
0.0
 10
3.329166716275115
 20
6.338888983345693
 30
0.0
 10
3.345833383190135
 20
6.479166763213773
 30
0.0
 10
3.33333338300387
 20
6.491666763400037
 30
0.0
 10
3.31666671608885
 20
6.508333430315056
 30
0.0
 10
3.290277826806736
 20
6.443055651564564
 30
0.0
 10
3.301388938083416
 20
6.40555565100577
 30
0.0
 10
3.306944493721756
 20
6.380555650633241
 30
0.0
 10
3.288888937897151
 20
6.358333428079882
 30
0.0
 10
3.256944492976698
 20
6.352777872441542
 30
0.0
 10
3.250000048428773
 20
6.351388983531958
 30
0.0
 10
3.237500048242509
 20
6.348611205712788
 30
0.0
 10
3.229166714784999
 20
6.347222316803203
 30
0.0
 10
3.19027782531662
 20
6.338888983345693
 30
0.0
 10
3.125000046566128
 20
6.350000094622373
 30
0.0
 10
3.105555601831939
 20
6.368055650446977
 30
0.0
 10
3.094444490555259
 20
6.379166761723657
 30
0.0
 10
3.076388934730655
 20
6.384722317361997
 30
0.0
 10
3.065277823453975
 20
6.380555650633241
 30
0.0
 10
3.054166712177296
 20
6.376388983904487
 30
0.0
 10
3.040277823081446
 20
6.379166761723657
 30
0.0
 10
3.034722267443107
 20
6.387500095181167
 30
0.0
 10
3.030555600714352
 20
6.395833428638676
 30
0.0
 10
3.011111155980163
 20
6.4027778731866
 30
0.0
 10
2.991666711245973
 20
6.4027778731866
 30
0.0
 10
2.973611155421369
 20
6.4027778731866
 30
0.0
 10
2.958333377415934
 20
6.409722317734526
 30
0.0
 10
2.958333377415934
 20
6.418055651192035
 30
0.0
 10
2.958333377415934
 20
6.426388984649545
 30
0.0
 10
2.94583337722967
 20
6.430555651378299
 30
0.0
 10
2.930555599224236
 20
6.426388984649545
 30
0.0
 10
2.915277821218801
 20
6.42222231792079
 30
0.0
 10
2.875000042840838
 20
6.427777873559129
 30
0.0
 10
2.841666709010799
 20
6.437500095926225
 30
0.0
 10
2.80833337518076
 20
6.448611207202904
 30
0.0
 10
2.776388930260307
 20
6.452777873931658
 30
0.0
 10
2.772222263531552
 20
6.448611207202904
 30
0.0
 10
2.768055596802797
 20
6.443055651564564
 30
0.0
 10
2.763888930074042
 20
6.447222318293319
 30
0.0
 10
2.763888930074042
 20
6.455555651750828
 30
0.0
 10
2.763888930074042
 20
6.463888985208338
 30
0.0
 10
2.754166707706947
 20
6.468055651937093
 30
0.0
 10
2.743055596430268
 20
6.463888985208338
 30
0.0
 10
2.726388929515249
 20
6.456944540660414
 30
0.0
 10
2.723611151696079
 20
6.466666763027508
 30
0.0
 10
2.727777818424833
 20
6.515277874862981
 30
0.0
 10
2.730555596244003
 20
6.54861120869302
 30
0.0
 10
2.727777818424833
 20
6.586111209251813
 30
0.0
 10
2.720833373876909
 20
6.598611209438078
 30
0.0
 10
2.705555595871474
 20
6.629166765448947
 30
0.0
 10
2.8138889308191
 20
6.702777877656949
 30
0.0
 10
2.841666709010799
 20
6.68055565510359
 30
0.0
 10
2.854166709197063
 20
6.668055654917325
 30
0.0
 10
2.862500042654573
 20
6.670833432736495
 30
0.0
 10
2.872222265021668
 20
6.690277877470684
 30
0.0
 10
2.879166709569592
 20
6.704166766566534
 30
0.0
 10
2.881944487388762
 20
6.723611211300723
 30
0.0
 10
2.879166709569592
 20
6.731944544758233
 30
0.0
 10
2.870833376112083
 20
6.756944545130762
 30
0.0
 10
2.912500043399631
 20
6.79583343459914
 30
0.0
 10
2.933333377043405
 20
6.783333434412876
 30
0.0
 10
2.9430555994105
 20
6.777777878774536
 30
0.0
 10
2.947222266139255
 20
6.777777878774536
 30
0.0
 10
2.941666710500915
 20
6.783333434412876
 30
0.0
 10
2.927777821405065
 20
6.800000101327896
 30
0.0
 10
2.95972226632552
 20
6.876388991355067
 30
0.0
 10
2.976388933240539
 20
6.865277880078387
 30
0.0
 10
2.984722266698049
 20
6.861111213349633
 30
0.0
 10
2.986111155607634
 20
6.863888991168803
 30
0.0
 10
2.980555599969294
 20
6.873611213535897
 30
0.0
 10
2.96250004414469
 20
6.901388991727596
 30
0.0
 10
2.998611155793898
 20
6.929166769919295
 30
0.0
 10
3.044444489810201
 20
6.922222325371371
 30
0.0
 10
3.079166712549825
 20
6.918055658642615
 30
0.0
 10
3.102777824012769
 20
6.929166769919295
 30
0.0
 10
3.161111158215337
 20
6.976388992845183
 30
0.0
 10
3.2013889365933
 20
7.008333437765637
 30
0.0
 10
3.234722270423339
 20
7.04305566050526
 30
0.0
 10
3.236111159332924
 20
7.052777882872355
 30
0.0
 10
3.236111159332924
 20
7.06250010523945
 30
0.0
 10
3.247222270609603
 20
7.079166772154469
 30
0.0
 10
3.261111159705453
 20
7.091666772340734
 30
0.0
 10
3.279166715530057
 20
7.106944550346169
 30
0.0
 10
3.284722271168397
 20
7.129166772899528
 30
0.0
 10
3.283333382258812
 20
7.175000106915831
 30
0.0
 10
3.281944493349227
 20
7.209722329655455
 30
0.0
 10
3.276388937710887
 20
7.241666774575908
 30
0.0
 10
3.272222270982132
 20
7.245833441304663
 30
0.0
 10
3.268055604253377
 20
7.251388996943003
 30
0.0
 10
3.263888937524622
 20
7.266666774948437
 30
0.0
 10
3.263888937524622
 20
7.280555664044286
 30
0.0
 10
3.263888937524622
 20
7.297222330959306
 30
0.0
 10
3.258333381886283
 20
7.302777886597645
 30
0.0
 10
3.247222270609603
 20
7.297222330959306
 30
0.0
 10
3.236111159332924
 20
7.290277886411381
 30
0.0
 10
3.234722270423339
 20
7.294444553140136
 30
0.0
 10
3.240277826061678
 20
7.309722331145571
 30
0.0
 10
3.245833381700018
 20
7.32361122024142
 30
0.0
 10
3.243055603880848
 20
7.33194455369893
 30
0.0
 10
3.231944492604169
 20
7.32916677587976
 30
0.0
 10
3.222222270237074
 20
7.327777886970174
 30
0.0
 10
3.216666714598734
 20
7.3347223315181
 30
0.0
 10
3.218055603508319
 20
7.343055664975609
 30
0.0
 10
3.220833381327489
 20
7.352777887342703
 30
0.0
 10
3.218055603508319
 20
7.359722331890629
 30
0.0
 10
3.211111158960395
 20
7.359722331890629
 30
0.0
 10
3.205555603322055
 20
7.358333442981043
 30
0.0
 10
3.191666714226205
 20
7.358333442981043
 30
0.0
 10
3.180555602949526
 20
7.359722331890629
 30
0.0
 10
3.162500047124922
 20
7.361111220800213
 30
0.0
 10
3.162500047124922
 20
7.362500109709799
 30
0.0
 10
3.180555602949526
 20
7.375000109896063
 30
0.0
 10
3.191666714226205
 20
7.381944554443988
 30
0.0
 10
3.19583338095496
 20
7.388888998991912
 30
0.0
 10
3.187500047497451
 20
7.390277887901497
 30
0.0
 10
3.180555602949526
 20
7.390277887901497
 30
0.0
 10
3.156944491486582
 20
7.393055665720667
 30
0.0
 10
3.134722268933223
 20
7.395833443539837
 30
0.0
 10
3.113888935289448
 20
7.398611221359007
 30
0.0
 10
3.100000046193599
 20
7.395833443539837
 30
0.0
 10
3.104166712922354
 20
7.388888998991912
 30
0.0
 10
3.108333379651109
 20
7.383333443353572
 30
0.0
 10
3.098611157284014
 20
7.380555665534402
 30
0.0
 10
3.08333337927858
 20
7.384722332263158
 30
0.0
 10
3.06666671236356
 20
7.388888998991912
 30
0.0
 10
3.055555601086881
 20
7.384722332263158
 30
0.0
 10
3.055555601086881
 20
7.373611220986478
 30
0.0
 10
3.055555601086881
 20
7.363888998619383
 30
0.0
 10
3.051388934358126
 20
7.361111220800213
 30
0.0
 10
3.045833378719786
 20
7.365277887528968
 30
0.0
 10
3.041666711991031
 20
7.370833443167308
 30
0.0
 10
3.029166711804767
 20
7.363888998619383
 30
0.0
 10
3.018055600528087
 20
7.350000109523534
 30
0.0
 10
3.006944489251408
 20
7.33750010933727
 30
0.0
 10
3.001388933613068
 20
7.3347223315181
 30
0.0
 10
3.006944489251408
 20
7.344444553885194
 30
0.0
 10
3.011111155980163
 20
7.352777887342703
 30
0.0
 10
3.006944489251408
 20
7.361111220800213
 30
0.0
 10
2.997222266884313
 20
7.361111220800213
 30
0.0
 10
2.986111155607634
 20
7.361111220800213
 30
0.0
 10
2.984722266698049
 20
7.365277887528968
 30
0.0
 10
2.993055600155558
 20
7.372222332076893
 30
0.0
 10
3.013888933799333
 20
7.386111221172742
 30
0.0
 10
3.018055600528087
 20
7.420833443912366
 30
0.0
 10
2.998611155793898
 20
7.408333443726101
 30
0.0
 10
2.986111155607634
 20
7.401388999178177
 30
0.0
 10
2.984722266698049
 20
7.405555665906931
 30
0.0
 10
2.990277822336388
 20
7.422222332821951
 30
0.0
 10
2.995833377974728
 20
7.4361112219178
 30
0.0
 10
2.994444489065143
 20
7.443055666465725
 30
0.0
 10
2.986111155607634
 20
7.437500110827386
 30
0.0
 10
2.977777822150124
 20
7.43333344409863
 30
0.0
 10
2.972222266511784
 20
7.434722333008216
 30
0.0
 10
2.972222266511784
 20
7.443055666465725
 30
0.0
 10
2.972222266511784
 20
7.45000011101365
 30
0.0
 10
2.968055599783029
 20
7.466666777928669
 30
0.0
 10
2.96250004414469
 20
7.480555667024519
 30
0.0
 10
2.955555599596765
 20
7.498611222849123
 30
0.0
 10
2.958333377415934
 20
7.501389000668293
 30
0.0
 10
2.972222266511784
 20
7.493055667210783
 30
0.0
 10
2.984722266698049
 20
7.486111222662858
 30
0.0
 10
2.987500044517219
 20
7.487500111572444
 30
0.0
 10
2.980555599969294
 20
7.498611222849123
 30
0.0
 10
2.975000044330954
 20
7.506944556306633
 30
0.0
 10
2.963888933054274
 20
7.509722334125803
 30
0.0
 10
2.955555599596765
 20
7.505555667397048
 30
0.0
 10
2.947222266139255
 20
7.500000111758708
 30
0.0
 10
2.9430555994105
 20
7.504166778487463
 30
0.0
 10
2.947222266139255
 20
7.515277889764142
 30
0.0
 10
2.95138893286801
 20
7.526389001040822
 30
0.0
 10
2.961111155235105
 20
7.534722334498332
 30
0.0
 10
2.969444488692614
 20
7.534722334498332
 30
0.0
 10
2.976388933240539
 20
7.534722334498332
 30
0.0
 10
2.987500044517219
 20
7.538889001227087
 30
0.0
 10
2.993055600155558
 20
7.543055667955841
 30
0.0
 10
2.997222266884313
 20
7.548611223594181
 30
0.0
 10
2.983333377788463
 20
7.551389001413351
 30
0.0
 10
2.961111155235105
 20
7.548611223594181
 30
0.0
 10
2.925000043585896
 20
7.545833445775011
 30
0.0
 10
2.918055599037971
 20
7.551389001413351
 30
0.0
 10
2.904166709942122
 20
7.597222335429655
 30
0.0
 10
2.891666709755857
 20
7.640277891626787
 30
0.0
 10
2.847222264649139
 20
7.701389003648525
 30
0.0
 10
2.847222264649139
 20
7.676389003275996
 30
0.0
  0
HATCH
  5
90
330
79
100
AcDbEntity
  8
Layer 1
 62
    18
420
        0
440
 33554687
100
AcDbHatch
 10
0.0
 20
0.0
 30
0.0
210
0.0
220
0.0
230
1.0
  2
SOLID
 70
     1
 71
     1
 91
        2
 92
        1
 93
        1
 72
     4
 94
        3
 73
     0
 74
     0
 95
       17
 96
       13
 40
0.0
 40
0.0
 40
0.0
 40
0.0
 40
1.0
 40
1.0
 40
1.0
 40
2.0
 40
2.0
 40
2.0
 40
3.0
 40
3.0
 40
3.0
 40
4.0
 40
4.0
 40
4.0
 40
4.0
 10
2.866666709383328
 20
6.701388988747364
 10
2.861111153744989
 20
6.690277877470684
 10
2.852777820287478
 20
6.68333343292276
 10
2.845833375739554
 20
6.687500099651515
 10
2.840277820101214
 20
6.69166676638027
 10
2.837500042282044
 20
6.704166766566534
 10
2.841666709010799
 20
6.715277877843213
 10
2.847222264649139
 20
6.726388989119893
 10
2.855555598106649
 20
6.733333433667818
 10
2.862500042654573
 20
6.729166766939063
 10
2.868055598292913
 20
6.725000100210309
 10
2.870833376112083
 20
6.712500100024044
 10
2.866666709383328
 20
6.701388988747364
 97
        0
 97
        1
330
8E
 92
        1
 93
        1
 72
     4
 94
        3
 73
     0
 74
     0
 95
      233
 96
      229
 40
0.0
 40
0.0
 40
0.0
 40
0.0
 40
1.0
 40
1.0
 40
1.0
 40
2.0
 40
2.0
 40
2.0
 40
3.0
 40
3.0
 40
3.0
 40
4.0
 40
4.0
 40
4.0
 40
5.0
 40
5.0
 40
5.0
 40
6.0
 40
6.0
 40
6.0
 40
7.0
 40
7.0
 40
7.0
 40
8.0
 40
8.0
 40
8.0
 40
9.0
 40
9.0
 40
9.0
 40
10.0
 40
10.0
 40
10.0
 40
11.0
 40
11.0
 40
11.0
 40
12.0
 40
12.0
 40
12.0
 40
13.0
 40
13.0
 40
13.0
 40
14.0
 40
14.0
 40
14.0
 40
15.0
 40
15.0
 40
15.0
 40
16.0
 40
16.0
 40
16.0
 40
17.0
 40
17.0
 40
17.0
 40
18.0
 40
18.0
 40
18.0
 40
19.0
 40
19.0
 40
19.0
 40
20.0
 40
20.0
 40
20.0
 40
21.0
 40
21.0
 40
21.0
 40
22.0
 40
22.0
 40
22.0
 40
23.0
 40
23.0
 40
23.0
 40
24.0
 40
24.0
 40
24.0
 40
25.0
 40
25.0
 40
25.0
 40
26.0
 40
26.0
 40
26.0
 40
27.0
 40
27.0
 40
27.0
 40
28.0
 40
28.0
 40
28.0
 40
29.0
 40
29.0
 40
29.0
 40
30.0
 40
30.0
 40
30.0
 40
31.0
 40
31.0
 40
31.0
 40
32.0
 40
32.0
 40
32.0
 40
33.0
 40
33.0
 40
33.0
 40
34.0
 40
34.0
 40
34.0
 40
35.0
 40
35.0
 40
35.0
 40
36.0
 40
36.0
 40
36.0
 40
37.0
 40
37.0
 40
37.0
 40
38.0
 40
38.0
 40
38.0
 40
39.0
 40
39.0
 40
39.0
 40
40.0
 40
40.0
 40
40.0
 40
41.0
 40
41.0
 40
41.0
 40
42.0
 40
42.0
 40
42.0
 40
43.0
 40
43.0
 40
43.0
 40
44.0
 40
44.0
 40
44.0
 40
45.0
 40
45.0
 40
45.0
 40
46.0
 40
46.0
 40
46.0
 40
47.0
 40
47.0
 40
47.0
 40
48.0
 40
48.0
 40
48.0
 40
49.0
 40
49.0
 40
49.0
 40
50.0
 40
50.0
 40
50.0
 40
51.0
 40
51.0
 40
51.0
 40
52.0
 40
52.0
 40
52.0
 40
53.0
 40
53.0
 40
53.0
 40
54.0
 40
54.0
 40
54.0
 40
55.0
 40
55.0
 40
55.0
 40
56.0
 40
56.0
 40
56.0
 40
57.0
 40
57.0
 40
57.0
 40
58.0
 40
58.0
 40
58.0
 40
59.0
 40
59.0
 40
59.0
 40
60.0
 40
60.0
 40
60.0
 40
61.0
 40
61.0
 40
61.0
 40
62.0
 40
62.0
 40
62.0
 40
63.0
 40
63.0
 40
63.0
 40
64.0
 40
64.0
 40
64.0
 40
65.0
 40
65.0
 40
65.0
 40
66.0
 40
66.0
 40
66.0
 40
67.0
 40
67.0
 40
67.0
 40
68.0
 40
68.0
 40
68.0
 40
69.0
 40
69.0
 40
69.0
 40
70.0
 40
70.0
 40
70.0
 40
71.0
 40
71.0
 40
71.0
 40
72.0
 40
72.0
 40
72.0
 40
73.0
 40
73.0
 40
73.0
 40
74.0
 40
74.0
 40
74.0
 40
75.0
 40
75.0
 40
75.0
 40
76.0
 40
76.0
 40
76.0
 40
76.0
 10
2.847222264649139
 20
7.676389003275996
 10
2.847222264649139
 20
7.672222336547242
 10
2.873611153931253
 20
7.606944557796749
 10
2.905555598851707
 20
7.531944556679162
 10
2.958333377415934
 20
7.408333443726101
 10
2.96250004414469
 20
7.386111221172742
 10
2.95972226632552
 20
7.295833442049721
 10
2.958333377415934
 20
7.240277885666323
 10
2.95972226632552
 20
7.19444455165002
 10
2.963888933054274
 20
7.19444455165002
 10
2.968055599783029
 20
7.19444455165002
 10
2.987500044517219
 20
7.225000107660889
 10
3.006944489251408
 20
7.263888997129267
 10
3.061111156725221
 20
7.370833443167308
 10
3.127777824385298
 20
7.390277887901497
 10
3.194444492045375
 20
7.319444553512665
 10
3.313888938269681
 20
7.190277884921265
 10
3.2013889365933
 20
6.958333437020579
 10
3.018055600528087
 20
6.958333437020579
 10
2.969444488692614
 20
6.958333437020579
 10
2.963888933054274
 20
6.954166770291824
 10
2.94027782159133
 20
6.897222324998842
 10
2.908333376670876
 20
6.819444546062085
 10
2.836111153372459
 20
6.734722322577403
 10
2.756944485526117
 20
6.684722321832345
 10
2.756944485526117
 20
6.684722321832345
 10
2.694444484594795
 20
6.645833432363966
 10
2.694444484594795
 20
6.645833432363966
 10
2.694444484594795
 20
6.645833432363966
 10
2.694444484594795
 20
6.538888986325925
 10
2.694444484594795
 20
6.538888986325925
 10
2.694444484594795
 20
6.479166763213773
 10
2.69583337350438
 20
6.430555651378299
 10
2.69861115132355
 20
6.430555651378299
 10
2.700000040233135
 20
6.430555651378299
 10
2.752777818797362
 20
6.420833429011205
 10
2.815277819728685
 20
6.41111120664411
 10
2.95972226632552
 20
6.384722317361997
 10
3.061111156725221
 20
6.355555650260712
 10
3.120833379837373
 20
6.319444538611504
 10
3.161111158215337
 20
6.29583342714856
 10
3.176388936220771
 20
6.294444538238975
 10
3.238888937152093
 20
6.305555649515654
 10
3.277777826620472
 20
6.313888982973164
 10
3.312500049360096
 20
6.322222316430674
 10
3.315277827179266
 20
6.323611205340259
 10
3.329166716275115
 20
6.338888983345693
 10
3.345833383190135
 20
6.479166763213773
 10
3.33333338300387
 20
6.491666763400037
 10
3.31666671608885
 20
6.508333430315056
 10
3.290277826806736
 20
6.443055651564564
 10
3.301388938083416
 20
6.40555565100577
 10
3.306944493721756
 20
6.380555650633241
 10
3.288888937897151
 20
6.358333428079882
 10
3.256944492976698
 20
6.352777872441542
 10
3.250000048428773
 20
6.351388983531958
 10
3.237500048242509
 20
6.348611205712788
 10
3.229166714784999
 20
6.347222316803203
 10
3.19027782531662
 20
6.338888983345693
 10
3.125000046566128
 20
6.350000094622373
 10
3.105555601831939
 20
6.368055650446977
 10
3.094444490555259
 20
6.379166761723657
 10
3.076388934730655
 20
6.384722317361997
 10
3.065277823453975
 20
6.380555650633241
 10
3.054166712177296
 20
6.376388983904487
 10
3.040277823081446
 20
6.379166761723657
 10
3.034722267443107
 20
6.387500095181167
 10
3.030555600714352
 20
6.395833428638676
 10
3.011111155980163
 20
6.4027778731866
 10
2.991666711245973
 20
6.4027778731866
 10
2.973611155421369
 20
6.4027778731866
 10
2.958333377415934
 20
6.409722317734526
 10
2.958333377415934
 20
6.418055651192035
 10
2.958333377415934
 20
6.426388984649545
 10
2.94583337722967
 20
6.430555651378299
 10
2.930555599224236
 20
6.426388984649545
 10
2.915277821218801
 20
6.42222231792079
 10
2.875000042840838
 20
6.427777873559129
 10
2.841666709010799
 20
6.437500095926225
 10
2.80833337518076
 20
6.448611207202904
 10
2.776388930260307
 20
6.452777873931658
 10
2.772222263531552
 20
6.448611207202904
 10
2.768055596802797
 20
6.443055651564564
 10
2.763888930074042
 20
6.447222318293319
 10
2.763888930074042
 20
6.455555651750828
 10
2.763888930074042
 20
6.463888985208338
 10
2.754166707706947
 20
6.468055651937093
 10
2.743055596430268
 20
6.463888985208338
 10
2.726388929515249
 20
6.456944540660414
 10
2.723611151696079
 20
6.466666763027508
 10
2.727777818424833
 20
6.515277874862981
 10
2.730555596244003
 20
6.54861120869302
 10
2.727777818424833
 20
6.586111209251813
 10
2.720833373876909
 20
6.598611209438078
 10
2.705555595871474
 20
6.629166765448947
 10
2.8138889308191
 20
6.702777877656949
 10
2.841666709010799
 20
6.68055565510359
 10
2.854166709197063
 20
6.668055654917325
 10
2.862500042654573
 20
6.670833432736495
 10
2.872222265021668
 20
6.690277877470684
 10
2.879166709569592
 20
6.704166766566534
 10
2.881944487388762
 20
6.723611211300723
 10
2.879166709569592
 20
6.731944544758233
 10
2.870833376112083
 20
6.756944545130762
 10
2.912500043399631
 20
6.79583343459914
 10
2.933333377043405
 20
6.783333434412876
 10
2.9430555994105
 20
6.777777878774536
 10
2.947222266139255
 20
6.777777878774536
 10
2.941666710500915
 20
6.783333434412876
 10
2.927777821405065
 20
6.800000101327896
 10
2.95972226632552
 20
6.876388991355067
 10
2.976388933240539
 20
6.865277880078387
 10
2.984722266698049
 20
6.861111213349633
 10
2.986111155607634
 20
6.863888991168803
 10
2.980555599969294
 20
6.873611213535897
 10
2.96250004414469
 20
6.901388991727596
 10
2.998611155793898
 20
6.929166769919295
 10
3.044444489810201
 20
6.922222325371371
 10
3.079166712549825
 20
6.918055658642615
 10
3.102777824012769
 20
6.929166769919295
 10
3.161111158215337
 20
6.976388992845183
 10
3.2013889365933
 20
7.008333437765637
 10
3.234722270423339
 20
7.04305566050526
 10
3.236111159332924
 20
7.052777882872355
 10
3.236111159332924
 20
7.06250010523945
 10
3.247222270609603
 20
7.079166772154469
 10
3.261111159705453
 20
7.091666772340734
 10
3.279166715530057
 20
7.106944550346169
 10
3.284722271168397
 20
7.129166772899528
 10
3.283333382258812
 20
7.175000106915831
 10
3.281944493349227
 20
7.209722329655455
 10
3.276388937710887
 20
7.241666774575908
 10
3.272222270982132
 20
7.245833441304663
 10
3.268055604253377
 20
7.251388996943003
 10
3.263888937524622
 20
7.266666774948437
 10
3.263888937524622
 20
7.280555664044286
 10
3.263888937524622
 20
7.297222330959306
 10
3.258333381886283
 20
7.302777886597645
 10
3.247222270609603
 20
7.297222330959306
 10
3.236111159332924
 20
7.290277886411381
 10
3.234722270423339
 20
7.294444553140136
 10
3.240277826061678
 20
7.309722331145571
 10
3.245833381700018
 20
7.32361122024142
 10
3.243055603880848
 20
7.33194455369893
 10
3.231944492604169
 20
7.32916677587976
 10
3.222222270237074
 20
7.327777886970174
 10
3.216666714598734
 20
7.3347223315181
 10
3.218055603508319
 20
7.343055664975609
 10
3.220833381327489
 20
7.352777887342703
 10
3.218055603508319
 20
7.359722331890629
 10
3.211111158960395
 20
7.359722331890629
 10
3.205555603322055
 20
7.358333442981043
 10
3.191666714226205
 20
7.358333442981043
 10
3.180555602949526
 20
7.359722331890629
 10
3.162500047124922
 20
7.361111220800213
 10
3.162500047124922
 20
7.362500109709799
 10
3.180555602949526
 20
7.375000109896063
 10
3.191666714226205
 20
7.381944554443988
 10
3.19583338095496
 20
7.388888998991912
 10
3.187500047497451
 20
7.390277887901497
 10
3.180555602949526
 20
7.390277887901497
 10
3.156944491486582
 20
7.393055665720667
 10
3.134722268933223
 20
7.395833443539837
 10
3.113888935289448
 20
7.398611221359007
 10
3.100000046193599
 20
7.395833443539837
 10
3.104166712922354
 20
7.388888998991912
 10
3.108333379651109
 20
7.383333443353572
 10
3.098611157284014
 20
7.380555665534402
 10
3.08333337927858
 20
7.384722332263158
 10
3.06666671236356
 20
7.388888998991912
 10
3.055555601086881
 20
7.384722332263158
 10
3.055555601086881
 20
7.373611220986478
 10
3.055555601086881
 20
7.363888998619383
 10
3.051388934358126
 20
7.361111220800213
 10
3.045833378719786
 20
7.365277887528968
 10
3.041666711991031
 20
7.370833443167308
 10
3.029166711804767
 20
7.363888998619383
 10
3.018055600528087
 20
7.350000109523534
 10
3.006944489251408
 20
7.33750010933727
 10
3.001388933613068
 20
7.3347223315181
 10
3.006944489251408
 20
7.344444553885194
 10
3.011111155980163
 20
7.352777887342703
 10
3.006944489251408
 20
7.361111220800213
 10
2.997222266884313
 20
7.361111220800213
 10
2.986111155607634
 20
7.361111220800213
 10
2.984722266698049
 20
7.365277887528968
 10
2.993055600155558
 20
7.372222332076893
 10
3.013888933799333
 20
7.386111221172742
 10
3.018055600528087
 20
7.420833443912366
 10
2.998611155793898
 20
7.408333443726101
 10
2.986111155607634
 20
7.401388999178177
 10
2.984722266698049
 20
7.405555665906931
 10
2.990277822336388
 20
7.422222332821951
 10
2.995833377974728
 20
7.4361112219178
 10
2.994444489065143
 20
7.443055666465725
 10
2.986111155607634
 20
7.437500110827386
 10
2.977777822150124
 20
7.43333344409863
 10
2.972222266511784
 20
7.434722333008216
 10
2.972222266511784
 20
7.443055666465725
 10
2.972222266511784
 20
7.45000011101365
 10
2.968055599783029
 20
7.466666777928669
 10
2.96250004414469
 20
7.480555667024519
 10
2.955555599596765
 20
7.498611222849123
 10
2.958333377415934
 20
7.501389000668293
 10
2.972222266511784
 20
7.493055667210783
 10
2.984722266698049
 20
7.486111222662858
 10
2.987500044517219
 20
7.487500111572444
 10
2.980555599969294
 20
7.498611222849123
 10
2.975000044330954
 20
7.506944556306633
 10
2.963888933054274
 20
7.509722334125803
 10
2.955555599596765
 20
7.505555667397048
 10
2.947222266139255
 20
7.500000111758708
 10
2.9430555994105
 20
7.504166778487463
 10
2.947222266139255
 20
7.515277889764142
 10
2.95138893286801
 20
7.526389001040822
 10
2.961111155235105
 20
7.534722334498332
 10
2.969444488692614
 20
7.534722334498332
 10
2.976388933240539
 20
7.534722334498332
 10
2.987500044517219
 20
7.538889001227087
 10
2.993055600155558
 20
7.543055667955841
 10
2.997222266884313
 20
7.548611223594181
 10
2.983333377788463
 20
7.551389001413351
 10
2.961111155235105
 20
7.548611223594181
 10
2.925000043585896
 20
7.545833445775011
 10
2.918055599037971
 20
7.551389001413351
 10
2.904166709942122
 20
7.597222335429655
 10
2.891666709755857
 20
7.640277891626787
 10
2.847222264649139
 20
7.701389003648525
 10
2.847222264649139
 20
7.676389003275996
 97
        0
 97
        1
330
8F
 75
     2
 76
     1
 98
        1
 10
0.0
 20
0.0
450
        0
451
        0
460
0.0
461
0.0
452
        0
462
0.0
453
        0
470

  0
SPLINE
  5
91
330
79
100
AcDbEntity
  8
Layer 1
100
AcDbSpline
210
0.0
220
0.0
230
1.0
 70
     9
 71
     3
 72
    14
 73
    10
 74
     0
 42
0.0000000001
 43
0.0000000001
 40
0.0
 40
0.0
 40
0.0
 40
0.0
 40
1.0
 40
1.0
 40
1.0
 40
2.0
 40
2.0
 40
2.0
 40
3.0
 40
3.0
 40
3.0
 40
3.0
 10
1.854166694295902
 20
7.623611224711768
 30
0.0
 10
1.848611138657563
 20
7.615277891254258
 30
0.0
 10
1.847222249747978
 20
7.606944557796749
 30
0.0
 10
1.851388916476732
 20
7.602777891067994
 30
0.0
 10
1.854166694295902
 20
7.598611224339239
 30
0.0
 10
1.861111138843827
 20
7.605555668887164
 30
0.0
 10
1.865277805572582
 20
7.618055669073428
 30
0.0
 10
1.875000027939677
 20
7.641666780536373
 30
0.0
 10
1.866666694482167
 20
7.645833447265127
 30
0.0
 10
1.854166694295902
 20
7.623611224711768
 30
0.0
  0
HATCH
  5
92
330
79
100
AcDbEntity
  8
Layer 1
 62
    18
420
        0
440
 33554687
100
AcDbHatch
 10
0.0
 20
0.0
 30
0.0
210
0.0
220
0.0
230
1.0
  2
SOLID
 70
     1
 71
     1
 91
        1
 92
        1
 93
        1
 72
     4
 94
        3
 73
     0
 74
     0
 95
       14
 96
       10
 40
0.0
 40
0.0
 40
0.0
 40
0.0
 40
1.0
 40
1.0
 40
1.0
 40
2.0
 40
2.0
 40
2.0
 40
3.0
 40
3.0
 40
3.0
 40
3.0
 10
1.854166694295902
 20
7.623611224711768
 10
1.848611138657563
 20
7.615277891254258
 10
1.847222249747978
 20
7.606944557796749
 10
1.851388916476732
 20
7.602777891067994
 10
1.854166694295902
 20
7.598611224339239
 10
1.861111138843827
 20
7.605555668887164
 10
1.865277805572582
 20
7.618055669073428
 10
1.875000027939677
 20
7.641666780536373
 10
1.866666694482167
 20
7.645833447265127
 10
1.854166694295902
 20
7.623611224711768
 97
        0
 97
        1
330
91
 75
     2
 76
     1
 98
        1
 10
0.0
 20
0.0
450
        0
451
        0
460
0.0
461
0.0
452
        0
462
0.0
453
        0
470

  0
SPLINE
  5
93
330
79
100
AcDbEntity
  8
Layer 1
100
AcDbSpline
210
0.0
220
0.0
230
1.0
 70
    11
 71
     3
 72
    14
 73
    10
 74
     0
 42
0.0000000001
 43
0.0000000001
 40
0.0
 40
0.0
 40
0.0
 40
0.0
 40
1.0
 40
1.0
 40
1.0
 40
2.0
 40
2.0
 40
2.0
 40
3.0
 40
3.0
 40
3.0
 40
3.0
 10
2.312500034458935
 20
7.527777889950407
 30
0.0
 10
2.30833336773018
 20
7.519444556492898
 30
0.0
 10
2.31388892336852
 20
7.518055667583312
 30
0.0
 10
2.325000034645199
 20
7.522222334312067
 30
0.0
 10
2.350000035017728
 20
7.531944556679162
 30
0.0
 10
2.354166701746483
 20
7.541666779046257
 30
0.0
 10
2.334722257012294
 20
7.541666779046257
 30
0.0
 10
2.326388923554784
 20
7.541666779046257
 30
0.0
 10
2.316666701187689
 20
7.536111223407917
 30
0.0
 10
2.312500034458935
 20
7.527777889950407
 30
0.0
  0
HATCH
  5
94
330
79
100
AcDbEntity
  8
Layer 1
 62
    18
420
        0
440
 33554687
100
AcDbHatch
 10
0.0
 20
0.0
 30
0.0
210
0.0
220
0.0
230
1.0
  2
SOLID
 70
     1
 71
     1
 91
        1
 92
        1
 93
        1
 72
     4
 94
        3
 73
     0
 74
     0
 95
       14
 96
       10
 40
0.0
 40
0.0
 40
0.0
 40
0.0
 40
1.0
 40
1.0
 40
1.0
 40
2.0
 40
2.0
 40
2.0
 40
3.0
 40
3.0
 40
3.0
 40
3.0
 10
2.312500034458935
 20
7.527777889950407
 10
2.30833336773018
 20
7.519444556492898
 10
2.31388892336852
 20
7.518055667583312
 10
2.325000034645199
 20
7.522222334312067
 10
2.350000035017728
 20
7.531944556679162
 10
2.354166701746483
 20
7.541666779046257
 10
2.334722257012294
 20
7.541666779046257
 10
2.326388923554784
 20
7.541666779046257
 10
2.316666701187689
 20
7.536111223407917
 10
2.312500034458935
 20
7.527777889950407
 97
        0
 97
        1
330
93
 75
     2
 76
     1
 98
        1
 10
0.0
 20
0.0
450
        0
451
        0
460
0.0
461
0.0
452
        0
462
0.0
453
        0
470

  0
SPLINE
  5
95
330
79
100
AcDbEntity
  8
Layer 1
100
AcDbSpline
210
0.0
220
0.0
230
1.0
 70
     9
 71
     3
 72
    20
 73
    16
 74
     0
 42
0.0000000001
 43
0.0000000001
 40
0.0
 40
0.0
 40
0.0
 40
0.0
 40
1.0
 40
1.0
 40
1.0
 40
2.0
 40
2.0
 40
2.0
 40
3.0
 40
3.0
 40
3.0
 40
4.0
 40
4.0
 40
4.0
 40
5.0
 40
5.0
 40
5.0
 40
5.0
 10
2.479166703609128
 20
7.513889000854558
 30
0.0
 10
2.475000036880373
 20
7.506944556306633
 30
0.0
 10
2.477777814699543
 20
7.500000111758708
 30
0.0
 10
2.486111148157053
 20
7.500000111758708
 30
0.0
 10
2.494444481614563
 20
7.500000111758708
 30
0.0
 10
2.497222259433732
 20
7.493055667210783
 30
0.0
 10
2.491666703795393
 20
7.483333444843689
 30
0.0
 10
2.486111148157053
 20
7.473611222476594
 30
0.0
 10
2.487500037066638
 20
7.472222333567009
 30
0.0
 10
2.497222259433732
 20
7.477777889205349
 30
0.0
 10
2.505555592891242
 20
7.483333444843689
 30
0.0
 10
2.509722259619997
 20
7.495833445029953
 30
0.0
 10
2.504166703981657
 20
7.506944556306633
 30
0.0
 10
2.495833370524147
 20
7.531944556679162
 30
0.0
 10
2.490277814885808
 20
7.533333445588747
 30
0.0
 10
2.479166703609128
 20
7.513889000854558
 30
0.0
  0
HATCH
  5
96
330
79
100
AcDbEntity
  8
Layer 1
 62
    18
420
        0
440
 33554687
100
AcDbHatch
 10
0.0
 20
0.0
 30
0.0
210
0.0
220
0.0
230
1.0
  2
SOLID
 70
     1
 71
     1
 91
        1
 92
        1
 93
        1
 72
     4
 94
        3
 73
     0
 74
     0
 95
       20
 96
       16
 40
0.0
 40
0.0
 40
0.0
 40
0.0
 40
1.0
 40
1.0
 40
1.0
 40
2.0
 40
2.0
 40
2.0
 40
3.0
 40
3.0
 40
3.0
 40
4.0
 40
4.0
 40
4.0
 40
5.0
 40
5.0
 40
5.0
 40
5.0
 10
2.479166703609128
 20
7.513889000854558
 10
2.475000036880373
 20
7.506944556306633
 10
2.477777814699543
 20
7.500000111758708
 10
2.486111148157053
 20
7.500000111758708
 10
2.494444481614563
 20
7.500000111758708
 10
2.497222259433732
 20
7.493055667210783
 10
2.491666703795393
 20
7.483333444843689
 10
2.486111148157053
 20
7.473611222476594
 10
2.487500037066638
 20
7.472222333567009
 10
2.497222259433732
 20
7.477777889205349
 10
2.505555592891242
 20
7.483333444843689
 10
2.509722259619997
 20
7.495833445029953
 10
2.504166703981657
 20
7.506944556306633
 10
2.495833370524147
 20
7.531944556679162
 10
2.490277814885808
 20
7.533333445588747
 10
2.479166703609128
 20
7.513889000854558
 97
        0
 97
        1
330
95
 75
     2
 76
     1
 98
        1
 10
0.0
 20
0.0
450
        0
451
        0
460
0.0
461
0.0
452
        0
462
0.0
453
        0
470

  0
SPLINE
  5
97
330
79
100
AcDbEntity
  8
Layer 1
100
AcDbSpline
210
0.0
220
0.0
230
1.0
 70
     9
 71
     3
 72
    20
 73
    16
 74
     0
 42
0.0000000001
 43
0.0000000001
 40
0.0
 40
0.0
 40
0.0
 40
0.0
 40
1.0
 40
1.0
 40
1.0
 40
2.0
 40
2.0
 40
2.0
 40
3.0
 40
3.0
 40
3.0
 40
4.0
 40
4.0
 40
4.0
 40
5.0
 40
5.0
 40
5.0
 40
5.0
 10
1.927777806503905
 20
7.500000111758708
 30
0.0
 10
1.886111139216356
 20
7.475000111386179
 30
0.0
 10
1.898611139402621
 20
7.454166777742405
 30
0.0
 10
1.950000029057264
 20
7.463889000109499
 30
0.0
 10
1.975000029429793
 20
7.469444555747839
 30
0.0
 10
2.012500029988586
 20
7.466666777928669
 30
0.0
 10
2.03333336363236
 20
7.458333444471159
 30
0.0
 10
2.062500030733644
 20
7.44722233319448
 30
0.0
 10
2.072222253100739
 20
7.448611222104065
 30
0.0
 10
2.079166697648664
 20
7.466666777928669
 30
0.0
 10
2.083333364377419
 20
7.477777889205349
 30
0.0
 10
2.083333364377419
 20
7.490277889391613
 30
0.0
 10
2.079166697648664
 20
7.495833445029953
 30
0.0
 10
2.062500030733644
 20
7.511111223035388
 30
0.0
 10
1.951388917966849
 20
7.513889000854558
 30
0.0
 10
1.927777806503905
 20
7.500000111758708
 30
0.0
  0
HATCH
  5
98
330
79
100
AcDbEntity
  8
Layer 1
 62
    18
420
        0
440
 33554687
100
AcDbHatch
 10
0.0
 20
0.0
 30
0.0
210
0.0
220
0.0
230
1.0
  2
SOLID
 70
     1
 71
     1
 91
        1
 92
        1
 93
        1
 72
     4
 94
        3
 73
     0
 74
     0
 95
       20
 96
       16
 40
0.0
 40
0.0
 40
0.0
 40
0.0
 40
1.0
 40
1.0
 40
1.0
 40
2.0
 40
2.0
 40
2.0
 40
3.0
 40
3.0
 40
3.0
 40
4.0
 40
4.0
 40
4.0
 40
5.0
 40
5.0
 40
5.0
 40
5.0
 10
1.927777806503905
 20
7.500000111758708
 10
1.886111139216356
 20
7.475000111386179
 10
1.898611139402621
 20
7.454166777742405
 10
1.950000029057264
 20
7.463889000109499
 10
1.975000029429793
 20
7.469444555747839
 10
2.012500029988586
 20
7.466666777928669
 10
2.03333336363236
 20
7.458333444471159
 10
2.062500030733644
 20
7.44722233319448
 10
2.072222253100739
 20
7.448611222104065
 10
2.079166697648664
 20
7.466666777928669
 10
2.083333364377419
 20
7.477777889205349
 10
2.083333364377419
 20
7.490277889391613
 10
2.079166697648664
 20
7.495833445029953
 10
2.062500030733644
 20
7.511111223035388
 10
1.951388917966849
 20
7.513889000854558
 10
1.927777806503905
 20
7.500000111758708
 97
        0
 97
        1
330
97
 75
     2
 76
     1
 98
        1
 10
0.0
 20
0.0
450
        0
451
        0
460
0.0
461
0.0
452
        0
462
0.0
453
        0
470

  0
SPLINE
  5
99
330
79
100
AcDbEntity
  8
Layer 1
100
AcDbSpline
210
0.0
220
0.0
230
1.0
 70
     9
 71
     3
 72
    20
 73
    16
 74
     0
 42
0.0000000001
 43
0.0000000001
 40
0.0
 40
0.0
 40
0.0
 40
0.0
 40
1.0
 40
1.0
 40
1.0
 40
2.0
 40
2.0
 40
2.0
 40
3.0
 40
3.0
 40
3.0
 40
4.0
 40
4.0
 40
4.0
 40
5.0
 40
5.0
 40
5.0
 40
5.0
 10
2.531944482173356
 20
7.476389000295764
 30
0.0
 10
2.522222259806262
 20
7.473611222476594
 30
0.0
 10
2.513888926348752
 20
7.461111222290329
 30
0.0
 10
2.513888926348752
 20
7.45000011101365
 30
0.0
 10
2.513888926348752
 20
7.4361112219178
 30
0.0
 10
2.531944482173356
 20
7.43055566627946
 30
0.0
 10
2.57500003837049
 20
7.43055566627946
 30
0.0
 10
2.609722261110113
 20
7.43055566627946
 30
0.0
 10
2.652777817307246
 20
7.425000110641121
 30
0.0
 10
2.672222262041436
 20
7.416666777183611
 30
0.0
 10
2.702777818052304
 20
7.405555665906931
 30
0.0
 10
2.708333373690644
 20
7.406944554816517
 30
0.0
 10
2.708333373690644
 20
7.429166777369876
 30
0.0
 10
2.708333373690644
 20
7.470833444657424
 30
0.0
 10
2.594444483104679
 20
7.502777889577878
 30
0.0
 10
2.531944482173356
 20
7.476389000295764
 30
0.0
  0
HATCH
  5
9A
330
79
100
AcDbEntity
  8
Layer 1
 62
    18
420
        0
440
 33554687
100
AcDbHatch
 10
0.0
 20
0.0
 30
0.0
210
0.0
220
0.0
230
1.0
  2
SOLID
 70
     1
 71
     1
 91
        1
 92
        1
 93
        1
 72
     4
 94
        3
 73
     0
 74
     0
 95
       20
 96
       16
 40
0.0
 40
0.0
 40
0.0
 40
0.0
 40
1.0
 40
1.0
 40
1.0
 40
2.0
 40
2.0
 40
2.0
 40
3.0
 40
3.0
 40
3.0
 40
4.0
 40
4.0
 40
4.0
 40
5.0
 40
5.0
 40
5.0
 40
5.0
 10
2.531944482173356
 20
7.476389000295764
 10
2.522222259806262
 20
7.473611222476594
 10
2.513888926348752
 20
7.461111222290329
 10
2.513888926348752
 20
7.45000011101365
 10
2.513888926348752
 20
7.4361112219178
 10
2.531944482173356
 20
7.43055566627946
 10
2.57500003837049
 20
7.43055566627946
 10
2.609722261110113
 20
7.43055566627946
 10
2.652777817307246
 20
7.425000110641121
 10
2.672222262041436
 20
7.416666777183611
 10
2.702777818052304
 20
7.405555665906931
 10
2.708333373690644
 20
7.406944554816517
 10
2.708333373690644
 20
7.429166777369876
 10
2.708333373690644
 20
7.470833444657424
 10
2.594444483104679
 20
7.502777889577878
 10
2.531944482173356
 20
7.476389000295764
 97
        0
 97
        1
330
99
 75
     2
 76
     1
 98
        1
 10
0.0
 20
0.0
450
        0
451
        0
460
0.0
461
0.0
452
        0
462
0.0
453
        0
470

  0
SPLINE
  5
9B
330
79
100
AcDbEntity
  8
Layer 1
100
AcDbSpline
210
0.0
220
0.0
230
1.0
 70
     9
 71
     3
 72
    59
 73
    55
 74
     0
 42
0.0000000001
 43
0.0000000001
 40
0.0
 40
0.0
 40
0.0
 40
0.0
 40
1.0
 40
1.0
 40
1.0
 40
2.0
 40
2.0
 40
2.0
 40
3.0
 40
3.0
 40
3.0
 40
4.0
 40
4.0
 40
4.0
 40
5.0
 40
5.0
 40
5.0
 40
6.0
 40
6.0
 40
6.0
 40
7.0
 40
7.0
 40
7.0
 40
8.0
 40
8.0
 40
8.0
 40
9.0
 40
9.0
 40
9.0
 40
10.0
 40
10.0
 40
10.0
 40
11.0
 40
11.0
 40
11.0
 40
12.0
 40
12.0
 40
12.0
 40
13.0
 40
13.0
 40
13.0
 40
14.0
 40
14.0
 40
14.0
 40
15.0
 40
15.0
 40
15.0
 40
16.0
 40
16.0
 40
16.0
 40
17.0
 40
17.0
 40
17.0
 40
18.0
 40
18.0
 40
18.0
 40
18.0
 10
3.923611169577472
 20
6.943055659015144
 30
0.0
 10
3.916666725029547
 20
6.923611214280955
 30
0.0
 10
3.920833391758302
 20
6.919444547552201
 30
0.0
 10
3.934722280854152
 20
6.925000103190541
 30
0.0
 10
3.956944503407511
 20
6.93333343664805
 30
0.0
 10
3.96805561468419
 20
6.912500103004276
 30
0.0
 10
3.966666725774605
 20
6.861111213349633
 30
0.0
 10
3.96527783686502
 20
6.841666768615444
 30
0.0
 10
3.97361117032253
 20
6.816666768242915
 30
0.0
 10
3.98472228159921
 20
6.805555656966235
 30
0.0
 10
3.997222281785474
 20
6.791666767870386
 30
0.0
 10
3.998611170695059
 20
6.784722323322461
 30
0.0
 10
3.98750005941838
 20
6.780555656593706
 30
0.0
 10
3.9763889481417
 20
6.776388989864951
 30
0.0
 10
3.9763889481417
 20
6.768055656407441
 30
0.0
 10
3.986111170508795
 20
6.748611211673252
 30
0.0
 10
3.997222281785474
 20
6.730555655848648
 30
0.0
 10
3.995833392875889
 20
6.722222322391139
 30
0.0
 10
3.986111170508795
 20
6.722222322391139
 30
0.0
 10
3.977777837051285
 20
6.722222322391139
 30
0.0
 10
3.975000059232115
 20
6.715277877843213
 30
0.0
 10
3.980555614870455
 20
6.705555655476119
 30
0.0
 10
3.986111170508795
 20
6.69722232201861
 30
0.0
 10
3.98472228159921
 20
6.69444454419944
 30
0.0
 10
3.9763889481417
 20
6.698611210928194
 30
0.0
 10
3.96805561468419
 20
6.704166766566534
 30
0.0
 10
3.962500059045851
 20
6.729166766939063
 30
0.0
 10
3.963888947955435
 20
6.754166767311592
 30
0.0
 10
3.96527783686502
 20
6.791666767870386
 30
0.0
 10
3.961111170136266
 20
6.800000101327896
 30
0.0
 10
3.943055614311661
 20
6.79583343459914
 30
0.0
 10
3.930555614125397
 20
6.791666767870386
 30
0.0
 10
3.916666725029547
 20
6.800000101327896
 30
0.0
 10
3.911111169391208
 20
6.81250010151416
 30
0.0
 10
3.906944502662453
 20
6.825000101700425
 30
0.0
 10
3.908333391572038
 20
6.830555657338764
 30
0.0
 10
3.916666725029547
 20
6.826388990610009
 30
0.0
 10
3.925000058487057
 20
6.822222323881255
 30
0.0
 10
3.926388947396642
 20
6.827777879519594
 30
0.0
 10
3.922222280667887
 20
6.838888990796274
 30
0.0
 10
3.918055613939132
 20
6.851388990982538
 30
0.0
 10
3.908333391572038
 20
6.858333435530463
 30
0.0
 10
3.901388947024113
 20
6.854166768801708
 30
0.0
 10
3.895833391385773
 20
6.850000102072954
 30
0.0
 10
3.893055613566603
 20
6.866666768987973
 30
0.0
 10
3.897222280295358
 20
6.891666769360502
 30
0.0
 10
3.901388947024113
 20
6.916666769733031
 30
0.0
 10
3.905555613752868
 20
6.948611214653484
 30
0.0
 10
3.906944502662453
 20
6.961111214839749
 30
0.0
 10
3.908333391572038
 20
6.973611215026013
 30
0.0
 10
3.913888947210377
 20
6.980555659573938
 30
0.0
 10
3.920833391758302
 20
6.976388992845183
 30
0.0
 10
3.926388947396642
 20
6.973611215026013
 30
0.0
 10
3.927777836306227
 20
6.958333437020579
 30
0.0
 10
3.923611169577472
 20
6.943055659015144
 30
0.0
  0
SPLINE
  5
9C
330
79
100
AcDbEntity
  8
Layer 1
100
AcDbSpline
210
0.0
220
0.0
230
1.0
 70
     9
 71
     3
 72
   290
 73
   286
 74
     0
 42
0.0000000001
 43
0.0000000001
 40
0.0
 40
0.0
 40
0.0
 40
0.0
 40
1.0
 40
1.0
 40
1.0
 40
2.0
 40
2.0
 40
2.0
 40
3.0
 40
3.0
 40
3.0
 40
4.0
 40
4.0
 40
4.0
 40
5.0
 40
5.0
 40
5.0
 40
6.0
 40
6.0
 40
6.0
 40
7.0
 40
7.0
 40
7.0
 40
8.0
 40
8.0
 40
8.0
 40
9.0
 40
9.0
 40
9.0
 40
10.0
 40
10.0
 40
10.0
 40
11.0
 40
11.0
 40
11.0
 40
12.0
 40
12.0
 40
12.0
 40
13.0
 40
13.0
 40
13.0
 40
14.0
 40
14.0
 40
14.0
 40
15.0
 40
15.0
 40
15.0
 40
16.0
 40
16.0
 40
16.0
 40
17.0
 40
17.0
 40
17.0
 40
18.0
 40
18.0
 40
18.0
 40
19.0
 40
19.0
 40
19.0
 40
20.0
 40
20.0
 40
20.0
 40
21.0
 40
21.0
 40
21.0
 40
22.0
 40
22.0
 40
22.0
 40
23.0
 40
23.0
 40
23.0
 40
24.0
 40
24.0
 40
24.0
 40
25.0
 40
25.0
 40
25.0
 40
26.0
 40
26.0
 40
26.0
 40
27.0
 40
27.0
 40
27.0
 40
28.0
 40
28.0
 40
28.0
 40
29.0
 40
29.0
 40
29.0
 40
30.0
 40
30.0
 40
30.0
 40
31.0
 40
31.0
 40
31.0
 40
32.0
 40
32.0
 40
32.0
 40
33.0
 40
33.0
 40
33.0
 40
34.0
 40
34.0
 40
34.0
 40
35.0
 40
35.0
 40
35.0
 40
36.0
 40
36.0
 40
36.0
 40
37.0
 40
37.0
 40
37.0
 40
38.0
 40
38.0
 40
38.0
 40
39.0
 40
39.0
 40
39.0
 40
40.0
 40
40.0
 40
40.0
 40
41.0
 40
41.0
 40
41.0
 40
42.0
 40
42.0
 40
42.0
 40
43.0
 40
43.0
 40
43.0
 40
44.0
 40
44.0
 40
44.0
 40
45.0
 40
45.0
 40
45.0
 40
46.0
 40
46.0
 40
46.0
 40
47.0
 40
47.0
 40
47.0
 40
48.0
 40
48.0
 40
48.0
 40
49.0
 40
49.0
 40
49.0
 40
50.0
 40
50.0
 40
50.0
 40
51.0
 40
51.0
 40
51.0
 40
52.0
 40
52.0
 40
52.0
 40
53.0
 40
53.0
 40
53.0
 40
54.0
 40
54.0
 40
54.0
 40
55.0
 40
55.0
 40
55.0
 40
56.0
 40
56.0
 40
56.0
 40
57.0
 40
57.0
 40
57.0
 40
58.0
 40
58.0
 40
58.0
 40
59.0
 40
59.0
 40
59.0
 40
60.0
 40
60.0
 40
60.0
 40
61.0
 40
61.0
 40
61.0
 40
62.0
 40
62.0
 40
62.0
 40
63.0
 40
63.0
 40
63.0
 40
64.0
 40
64.0
 40
64.0
 40
65.0
 40
65.0
 40
65.0
 40
66.0
 40
66.0
 40
66.0
 40
67.0
 40
67.0
 40
67.0
 40
68.0
 40
68.0
 40
68.0
 40
69.0
 40
69.0
 40
69.0
 40
70.0
 40
70.0
 40
70.0
 40
71.0
 40
71.0
 40
71.0
 40
72.0
 40
72.0
 40
72.0
 40
73.0
 40
73.0
 40
73.0
 40
74.0
 40
74.0
 40
74.0
 40
75.0
 40
75.0
 40
75.0
 40
76.0
 40
76.0
 40
76.0
 40
77.0
 40
77.0
 40
77.0
 40
78.0
 40
78.0
 40
78.0
 40
79.0
 40
79.0
 40
79.0
 40
80.0
 40
80.0
 40
80.0
 40
81.0
 40
81.0
 40
81.0
 40
82.0
 40
82.0
 40
82.0
 40
83.0
 40
83.0
 40
83.0
 40
84.0
 40
84.0
 40
84.0
 40
85.0
 40
85.0
 40
85.0
 40
86.0
 40
86.0
 40
86.0
 40
87.0
 40
87.0
 40
87.0
 40
88.0
 40
88.0
 40
88.0
 40
89.0
 40
89.0
 40
89.0
 40
90.0
 40
90.0
 40
90.0
 40
91.0
 40
91.0
 40
91.0
 40
92.0
 40
92.0
 40
92.0
 40
93.0
 40
93.0
 40
93.0
 40
94.0
 40
94.0
 40
94.0
 40
95.0
 40
95.0
 40
95.0
 40
95.0
 10
3.466666718324025
 20
7.45000011101365
 30
0.0
 10
3.455555607047345
 20
7.412500110454857
 30
0.0
 10
3.461111162685685
 20
7.394444554630252
 30
0.0
 10
3.484722274148629
 20
7.400000110268592
 30
0.0
 10
3.502777829973233
 20
7.404166776997347
 30
0.0
 10
3.502777829973233
 20
7.401388999178177
 30
0.0
 10
3.487500051967799
 20
7.383333443353572
 30
0.0
 10
3.477777829600704
 20
7.370833443167308
 30
0.0
 10
3.46250005159527
 20
7.365277887528968
 30
0.0
 10
3.45416671813776
 20
7.370833443167308
 30
0.0
 10
3.445833384680251
 20
7.375000109896063
 30
0.0
 10
3.444444495770666
 20
7.372222332076893
 30
0.0
 10
3.450000051409006
 20
7.363888998619383
 30
0.0
 10
3.45694449595693
 20
7.351388998433119
 30
0.0
 10
3.46805560723361
 20
7.351388998433119
 30
0.0
 10
3.486111163058214
 20
7.361111220800213
 30
0.0
 10
3.504166718882818
 20
7.370833443167308
 30
0.0
 10
3.515277830159498
 20
7.370833443167308
 30
0.0
 10
3.522222274707423
 20
7.358333442981043
 30
0.0
 10
3.527777830345762
 20
7.348611220613949
 30
0.0
 10
3.526388941436177
 20
7.347222331704364
 30
0.0
 10
3.516666719069083
 20
7.352777887342703
 30
0.0
 10
3.506944496701988
 20
7.358333442981043
 30
0.0
 10
3.500000052154064
 20
7.355555665161873
 30
0.0
 10
3.500000052154064
 20
7.348611220613949
 30
0.0
 10
3.500000052154064
 20
7.340277887156439
 30
0.0
 10
3.505555607792403
 20
7.333333442608514
 30
0.0
 10
3.512500052340328
 20
7.333333442608514
 30
0.0
 10
3.527777830345762
 20
7.333333442608514
 30
0.0
 10
3.59722227582501
 20
7.272222330586777
 30
0.0
 10
3.59722227582501
 20
7.258333441490927
 30
0.0
 10
3.59722227582501
 20
7.254166774762173
 30
0.0
 10
3.590277831277085
 20
7.250000108033418
 30
0.0
 10
3.581944497819575
 20
7.250000108033418
 30
0.0
 10
3.575000053271651
 20
7.250000108033418
 30
0.0
 10
3.572222275452481
 20
7.256944552581343
 30
0.0
 10
3.576388942181235
 20
7.263888997129267
 30
0.0
 10
3.58055560890999
 20
7.272222330586777
 30
0.0
 10
3.57777783109082
 20
7.277777886225116
 30
0.0
 10
3.569444497633311
 20
7.277777886225116
 30
0.0
 10
3.559722275266216
 20
7.277777886225116
 30
0.0
 10
3.555555608537461
 20
7.269444552767607
 30
0.0
 10
3.559722275266216
 20
7.261111219310097
 30
0.0
 10
3.562500053085386
 20
7.251388996943003
 30
0.0
 10
3.58055560890999
 20
7.243055663485493
 30
0.0
 10
3.601388942553764
 20
7.243055663485493
 30
0.0
 10
3.620833387287954
 20
7.243055663485493
 30
0.0
 10
3.650000054389238
 20
7.229166774389644
 30
0.0
 10
3.666666721304257
 20
7.212500107474625
 30
0.0
 10
3.681944499309691
 20
7.19444455165002
 30
0.0
 10
3.70138894404388
 20
7.18055566255417
 30
0.0
 10
3.708333388591805
 20
7.18055566255417
 30
0.0
 10
3.71527783313973
 20
7.18055566255417
 30
0.0
 10
3.7180556109589
 20
7.169444551277491
 30
0.0
 10
3.713888944230145
 20
7.156944551091227
 30
0.0
 10
3.70694449968222
 20
7.134722328537868
 30
0.0
 10
3.708333388591805
 20
7.134722328537868
 30
0.0
 10
3.722222277687655
 20
7.152777884362471
 30
0.0
 10
3.734722277873919
 20
7.168055662367906
 30
0.0
 10
3.740277833512259
 20
7.169444551277491
 30
0.0
 10
3.745833389150599
 20
7.156944551091227
 30
0.0
 10
3.748611166969769
 20
7.147222328724132
 30
0.0
 10
3.759722278246449
 20
7.138888995266622
 30
0.0
 10
3.769444500613543
 20
7.138888995266622
 30
0.0
 10
3.779166722980638
 20
7.138888995266622
 30
0.0
 10
3.800000056624412
 20
7.119444550532433
 30
0.0
 10
3.818055612449016
 20
7.095833439069489
 30
0.0
 10
3.84444450173113
 20
7.05972232742028
 30
0.0
 10
3.845833390640715
 20
7.05416677178194
 30
0.0
 10
3.825000056996941
 20
7.058333438510695
 30
0.0
 10
3.811111167901092
 20
7.061111216329865
 30
0.0
 10
3.800000056624412
 20
7.052777882872355
 30
0.0
 10
3.798611167714827
 20
7.038888993776506
 30
0.0
 10
3.794444500986072
 20
7.016666771223147
 30
0.0
 10
3.797222278805242
 20
7.016666771223147
 30
0.0
 10
3.829166723725696
 20
7.037500104866921
 30
0.0
 10
3.85833339082698
 20
7.05694454960111
 30
0.0
 10
3.865277835374904
 20
7.05694454960111
 30
0.0
 10
3.875000057741999
 20
7.041666771595676
 30
0.0
 10
3.881944502289924
 20
7.030555660318996
 30
0.0
 10
3.883333391199509
 20
7.016666771223147
 30
0.0
 10
3.879166724470754
 20
7.008333437765637
 30
0.0
 10
3.875000057741999
 20
7.001388993217712
 30
0.0
 10
3.877777835561169
 20
7.000000104308128
 30
0.0
 10
3.886111169018679
 20
7.005555659946467
 30
0.0
 10
3.897222280295358
 20
7.012500104494392
 30
0.0
 10
3.900000058114528
 20
7.001388993217712
 30
0.0
 10
3.894444502476188
 20
6.969444548297259
 30
0.0
 10
3.890277835747433
 20
6.94444454792473
 30
0.0
 10
3.887500057928264
 20
6.912500103004276
 30
0.0
 10
3.887500057928264
 20
6.897222324998842
 30
0.0
 10
3.887500057928264
 20
6.873611213535897
 30
0.0
 10
3.886111169018679
 20
6.873611213535897
 30
0.0
 10
3.859722279736565
 20
6.901388991727596
 30
0.0
 10
3.84444450173113
 20
6.916666769733031
 30
0.0
 10
3.826388945906526
 20
6.93055565882888
 30
0.0
 10
3.820833390268186
 20
6.93055565882888
 30
0.0
 10
3.797222278805242
 20
6.93055565882888
 30
0.0
 10
3.779166722980638
 20
6.894444547179672
 30
0.0
 10
3.791666723166902
 20
6.875000102445483
 30
0.0
 10
3.798611167714827
 20
6.863888991168803
 30
0.0
 10
3.800000056624412
 20
6.850000102072954
 30
0.0
 10
3.795833389895657
 20
6.841666768615444
 30
0.0
 10
3.790277834257317
 20
6.834722324067519
 30
0.0
 10
3.794444500986072
 20
6.833333435157934
 30
0.0
 10
3.805555612262752
 20
6.840277879705858
 30
0.0
 10
3.819444501358601
 20
6.848611213163368
 30
0.0
 10
3.822222279177771
 20
6.845833435344198
 30
0.0
 10
3.815277834629846
 20
6.827777879519594
 30
0.0
 10
3.809722278991507
 20
6.815277879333329
 30
0.0
 10
3.811111167901092
 20
6.80694454587582
 30
0.0
 10
3.818055612449016
 20
6.811111212604575
 30
0.0
 10
3.825000056996941
 20
6.815277879333329
 30
0.0
 10
3.834722279364036
 20
6.80972232369499
 30
0.0
 10
3.83888894609279
 20
6.797222323508726
 30
0.0
 10
3.84444450173113
 20
6.783333434412876
 30
0.0
 10
3.84166672391196
 20
6.779166767684121
 30
0.0
 10
3.829166723725696
 20
6.786111212232046
 30
0.0
 10
3.820833390268186
 20
6.791666767870386
 30
0.0
 10
3.823611168087356
 20
6.784722323322461
 30
0.0
 10
3.836111168273621
 20
6.769444545317027
 30
0.0
 10
3.848611168459885
 20
6.754166767311592
 30
0.0
 10
3.859722279736565
 20
6.730555655848648
 30
0.0
 10
3.859722279736565
 20
6.715277877843213
 30
0.0
 10
3.859722279736565
 20
6.700000099837779
 30
0.0
 10
3.862500057555735
 20
6.66944454382691
 30
0.0
 10
3.865277835374904
 20
6.648611210183136
 30
0.0
 10
3.869444502103659
 20
6.620833431991437
 30
0.0
 10
3.866666724284489
 20
6.611111209624342
 30
0.0
 10
3.85277783518864
 20
6.616666765262682
 30
0.0
 10
3.84166672391196
 20
6.620833431991437
 30
0.0
 10
3.837500057183206
 20
6.613888987443512
 30
0.0
 10
3.840277835002375
 20
6.597222320528493
 30
0.0
 10
3.843055612821545
 20
6.580555653613473
 30
0.0
 10
3.83888894609279
 20
6.573611209065549
 30
0.0
 10
3.827777834816111
 20
6.577777875794303
 30
0.0
 10
3.818055612449016
 20
6.581944542523059
 30
0.0
 10
3.809722278991507
 20
6.591666764890153
 30
0.0
 10
3.809722278991507
 20
6.601388987257248
 30
0.0
 10
3.809722278991507
 20
6.611111209624342
 30
0.0
 10
3.797222278805242
 20
6.644444543454381
 30
0.0
 10
3.780555611890223
 20
6.67777787728442
 30
0.0
 10
3.765277833884788
 20
6.709722322204874
 30
0.0
 10
3.759722278246449
 20
6.731944544758233
 30
0.0
 10
3.768055611703958
 20
6.727777878029478
 30
0.0
 10
3.777777834071053
 20
6.722222322391139
 30
0.0
 10
3.768055611703958
 20
6.736111211486988
 30
0.0
 10
3.747222278060184
 20
6.756944545130762
 30
0.0
 10
3.72361116659724
 20
6.781944545503291
 30
0.0
 10
3.702777832953465
 20
6.79305565677997
 30
0.0
 10
3.687500054948031
 20
6.786111212232046
 30
0.0
 10
3.666666721304257
 20
6.779166767684121
 30
0.0
 10
3.665277832394672
 20
6.765277878588271
 30
0.0
 10
3.673611165852182
 20
6.684722321832345
 30
0.0
 10
3.679166721490521
 20
6.633333432177701
 30
0.0
 10
3.687500054948031
 20
6.583333431432643
 30
0.0
 10
3.691666721676786
 20
6.572222320155964
 30
0.0
 10
3.695833388405541
 20
6.5597223199697
 30
0.0
 10
3.693055610586371
 20
6.55416676433136
 30
0.0
 10
3.686111166038446
 20
6.558333431060114
 30
0.0
 10
3.679166721490521
 20
6.563888986698454
 30
0.0
 10
3.673611165852182
 20
6.552777875421774
 30
0.0
 10
3.673611165852182
 20
6.534722319597171
 30
0.0
 10
3.673611165852182
 20
6.516666763772566
 30
0.0
 10
3.677777832580936
 20
6.505555652495886
 30
0.0
 10
3.684722277128861
 20
6.509722319224642
 30
0.0
 10
3.690277832767201
 20
6.512500097043812
 30
0.0
 10
3.694444499495956
 20
6.508333430315056
 30
0.0
 10
3.694444499495956
 20
6.501388985767132
 30
0.0
 10
3.694444499495956
 20
6.484722318852113
 30
0.0
 10
3.555555608537461
 20
6.41111120664411
 30
0.0
 10
3.555555608537461
 20
6.426388984649545
 30
0.0
 10
3.555555608537461
 20
6.433333429197469
 30
0.0
 10
3.548611163989537
 20
6.427777873559129
 30
0.0
 10
3.540277830532027
 20
6.41666676228245
 30
0.0
 10
3.529166719255347
 20
6.401388984277016
 30
0.0
 10
3.523611163617008
 20
6.400000095367431
 30
0.0
 10
3.518055607978668
 20
6.41388898446328
 30
0.0
 10
3.508333385611573
 20
6.438888984835809
 30
0.0
 10
3.481944496329459
 20
6.434722318107055
 30
0.0
 10
3.491666718696554
 20
6.40833342882494
 30
0.0
 10
3.495833385425309
 20
6.397222317548261
 30
0.0
 10
3.494444496515724
 20
6.391666761909921
 30
0.0
 10
3.486111163058214
 20
6.395833428638676
 30
0.0
 10
3.479166718510289
 20
6.400000095367431
 30
0.0
 10
3.461111162685685
 20
6.397222317548261
 30
0.0
 10
3.445833384680251
 20
6.388888984090751
 30
0.0
 10
3.426388939946061
 20
6.379166761723657
 30
0.0
 10
3.415277828669382
 20
6.379166761723657
 30
0.0
 10
3.408333384121457
 20
6.391666761909921
 30
0.0
 10
3.402777828483117
 20
6.401388984277016
 30
0.0
 10
3.404166717392702
 20
6.4027778731866
 30
0.0
 10
3.413888939759797
 20
6.397222317548261
 30
0.0
 10
3.423611162126892
 20
6.391666761909921
 30
0.0
 10
3.430555606674816
 20
6.393055650819506
 30
0.0
 10
3.430555606674816
 20
6.401388984277016
 30
0.0
 10
3.430555606674816
 20
6.40833342882494
 30
0.0
 10
3.425000051036477
 20
6.41944454010162
 30
0.0
 10
3.416666717578967
 20
6.423611206830375
 30
0.0
 10
3.409722273031042
 20
6.427777873559129
 30
0.0
 10
3.402777828483117
 20
6.438888984835809
 30
0.0
 10
3.402777828483117
 20
6.445833429383734
 30
0.0
 10
3.402777828483117
 20
6.454166762841244
 30
0.0
 10
3.409722273031042
 20
6.455555651750828
 30
0.0
 10
3.419444495398137
 20
6.450000096112489
 30
0.0
 10
3.429166717765231
 20
6.444444540474149
 30
0.0
 10
3.430555606674816
 20
6.445833429383734
 30
0.0
 10
3.425000051036477
 20
6.456944540660414
 30
0.0
 10
3.419444495398137
 20
6.465277874117923
 30
0.0
 10
3.408333384121457
 20
6.469444540846678
 30
0.0
 10
3.401388939573532
 20
6.465277874117923
 30
0.0
 10
3.383333383748928
 20
6.452777873931658
 30
0.0
 10
3.386111161568098
 20
6.477777874304187
 30
0.0
 10
3.406944495211872
 20
6.498611207947962
 30
0.0
 10
3.420833384307722
 20
6.512500097043812
 30
0.0
 10
3.419444495398137
 20
6.513888985953396
 30
0.0
 10
3.401388939573532
 20
6.506944541405472
 30
0.0
 10
3.387500050477683
 20
6.501388985767132
 30
0.0
 10
3.373611161381834
 20
6.504166763586302
 30
0.0
 10
3.368055605743494
 20
6.512500097043812
 30
0.0
 10
3.363888939014739
 20
6.520833430501321
 30
0.0
 10
3.352777827738059
 20
6.527777875049245
 30
0.0
 10
3.34444449428055
 20
6.527777875049245
 30
0.0
 10
3.334722271913455
 20
6.527777875049245
 30
0.0
 10
3.334722271913455
 20
6.522222319410906
 30
0.0
 10
3.343055605370965
 20
6.511111208134226
 30
0.0
 10
3.351388938828474
 20
6.501388985767132
 30
0.0
 10
3.365277827924324
 20
6.458333429569998
 30
0.0
 10
3.376388939201003
 20
6.41666676228245
 30
0.0
 10
3.386111161568098
 20
6.375000094994902
 30
0.0
 10
3.394444495025608
 20
6.338888983345693
 30
0.0
 10
3.395833383935193
 20
6.337500094436109
 30
0.0
 10
3.398611161754363
 20
6.331944538797769
 30
0.0
 10
3.558333386356631
 20
6.383333428452411
 30
0.0
 10
3.604166720372934
 20
6.404166762096186
 30
0.0
 10
3.708333388591805
 20
6.450000096112489
 30
0.0
 10
3.722222277687655
 20
6.468055651937093
 30
0.0
 10
3.722222277687655
 20
6.55416676433136
 30
0.0
 10
3.722222277687655
 20
6.598611209438078
 30
0.0
 10
3.71250005532056
 20
6.665277877098155
 30
0.0
 10
3.70138894404388
 20
6.701388988747364
 30
0.0
 10
3.690277832767201
 20
6.738888989306158
 30
0.0
 10
3.683333388219276
 20
6.772222323136197
 30
0.0
 10
3.687500054948031
 20
6.775000100955367
 30
0.0
 10
3.702777832953465
 20
6.791666767870386
 30
0.0
 10
3.776388945161468
 20
6.631944543268117
 30
0.0
 10
3.777777834071053
 20
6.576388986884719
 30
0.0
 10
3.779166722980638
 20
6.513888985953396
 30
0.0
 10
3.800000056624412
 20
6.509722319224642
 30
0.0
 10
3.854166724098225
 20
6.55694454215053
 30
0.0
 10
3.902777835933698
 20
6.600000098347663
 30
0.0
 10
3.905555613752868
 20
6.606944542895588
 30
0.0
 10
3.900000058114528
 20
6.668055654917325
 30
0.0
 10
3.895833391385773
 20
6.704166766566534
 30
0.0
 10
3.875000057741999
 20
6.770833434226611
 30
0.0
 10
3.85277783518864
 20
6.815277879333329
 30
0.0
 10
3.800000056624412
 20
6.922222325371371
 30
0.0
 10
3.801388945533997
 20
6.916666769733031
 30
0.0
 10
3.818055612449016
 20
6.916666769733031
 30
0.0
 10
3.826388945906526
 20
6.916666769733031
 30
0.0
 10
3.833333390454451
 20
6.908333436275521
 30
0.0
 10
3.833333390454451
 20
6.898611213908426
 30
0.0
 10
3.833333390454451
 20
6.888888991541332
 30
0.0
 10
3.84166672391196
 20
6.872222324626313
 30
0.0
 10
3.851388946279055
 20
6.863888991168803
 30
0.0
 10
3.859722279736565
 20
6.854166768801708
 30
0.0
 10
3.890277835747433
 20
6.80416676805665
 30
0.0
 10
3.916666725029547
 20
6.752777878402007
 30
0.0
 10
3.951388947769171
 20
6.684722321832345
 30
0.0
 10
3.972222281412945
 20
6.659722321459816
 30
0.0
 10
3.993055615056719
 20
6.659722321459816
 30
0.0
 10
4.018055615429249
 20
6.659722321459816
 30
0.0
 10
4.020833393248418
 20
6.66944454382691
 30
0.0
 10
4.020833393248418
 20
6.750000100582838
 30
0.0
 10
4.020833393248418
 20
6.823611212790839
 30
0.0
 10
4.011111170881323
 20
6.858333435530463
 30
0.0
 10
3.975000059232115
 20
6.937500103376805
 30
0.0
 10
3.919444502848717
 20
7.055555660691525
 30
0.0
 10
3.891666724657018
 20
7.086111216702394
 30
0.0
 10
3.72083338877807
 20
7.215277885293794
 30
0.0
 10
3.598611164734595
 20
7.309722331145571
 30
0.0
 10
3.527777830345762
 20
7.380555665534402
 30
0.0
 10
3.490277829786969
 20
7.45000011101365
 30
0.0
 10
3.476388940691119
 20
7.476389000295764
 30
0.0
 10
3.475000051781535
 20
7.476389000295764
 30
0.0
 10
3.466666718324025
 20
7.45000011101365
 30
0.0
  0
HATCH
  5
9D
330
79
100
AcDbEntity
  8
Layer 1
 62
    18
420
        0
440
 33554687
100
AcDbHatch
 10
0.0
 20
0.0
 30
0.0
210
0.0
220
0.0
230
1.0
  2
SOLID
 70
     1
 71
     1
 91
        2
 92
        1
 93
        1
 72
     4
 94
        3
 73
     0
 74
     0
 95
       59
 96
       55
 40
0.0
 40
0.0
 40
0.0
 40
0.0
 40
1.0
 40
1.0
 40
1.0
 40
2.0
 40
2.0
 40
2.0
 40
3.0
 40
3.0
 40
3.0
 40
4.0
 40
4.0
 40
4.0
 40
5.0
 40
5.0
 40
5.0
 40
6.0
 40
6.0
 40
6.0
 40
7.0
 40
7.0
 40
7.0
 40
8.0
 40
8.0
 40
8.0
 40
9.0
 40
9.0
 40
9.0
 40
10.0
 40
10.0
 40
10.0
 40
11.0
 40
11.0
 40
11.0
 40
12.0
 40
12.0
 40
12.0
 40
13.0
 40
13.0
 40
13.0
 40
14.0
 40
14.0
 40
14.0
 40
15.0
 40
15.0
 40
15.0
 40
16.0
 40
16.0
 40
16.0
 40
17.0
 40
17.0
 40
17.0
 40
18.0
 40
18.0
 40
18.0
 40
18.0
 10
3.923611169577472
 20
6.943055659015144
 10
3.916666725029547
 20
6.923611214280955
 10
3.920833391758302
 20
6.919444547552201
 10
3.934722280854152
 20
6.925000103190541
 10
3.956944503407511
 20
6.93333343664805
 10
3.96805561468419
 20
6.912500103004276
 10
3.966666725774605
 20
6.861111213349633
 10
3.96527783686502
 20
6.841666768615444
 10
3.97361117032253
 20
6.816666768242915
 10
3.98472228159921
 20
6.805555656966235
 10
3.997222281785474
 20
6.791666767870386
 10
3.998611170695059
 20
6.784722323322461
 10
3.98750005941838
 20
6.780555656593706
 10
3.9763889481417
 20
6.776388989864951
 10
3.9763889481417
 20
6.768055656407441
 10
3.986111170508795
 20
6.748611211673252
 10
3.997222281785474
 20
6.730555655848648
 10
3.995833392875889
 20
6.722222322391139
 10
3.986111170508795
 20
6.722222322391139
 10
3.977777837051285
 20
6.722222322391139
 10
3.975000059232115
 20
6.715277877843213
 10
3.980555614870455
 20
6.705555655476119
 10
3.986111170508795
 20
6.69722232201861
 10
3.98472228159921
 20
6.69444454419944
 10
3.9763889481417
 20
6.698611210928194
 10
3.96805561468419
 20
6.704166766566534
 10
3.962500059045851
 20
6.729166766939063
 10
3.963888947955435
 20
6.754166767311592
 10
3.96527783686502
 20
6.791666767870386
 10
3.961111170136266
 20
6.800000101327896
 10
3.943055614311661
 20
6.79583343459914
 10
3.930555614125397
 20
6.791666767870386
 10
3.916666725029547
 20
6.800000101327896
 10
3.911111169391208
 20
6.81250010151416
 10
3.906944502662453
 20
6.825000101700425
 10
3.908333391572038
 20
6.830555657338764
 10
3.916666725029547
 20
6.826388990610009
 10
3.925000058487057
 20
6.822222323881255
 10
3.926388947396642
 20
6.827777879519594
 10
3.922222280667887
 20
6.838888990796274
 10
3.918055613939132
 20
6.851388990982538
 10
3.908333391572038
 20
6.858333435530463
 10
3.901388947024113
 20
6.854166768801708
 10
3.895833391385773
 20
6.850000102072954
 10
3.893055613566603
 20
6.866666768987973
 10
3.897222280295358
 20
6.891666769360502
 10
3.901388947024113
 20
6.916666769733031
 10
3.905555613752868
 20
6.948611214653484
 10
3.906944502662453
 20
6.961111214839749
 10
3.908333391572038
 20
6.973611215026013
 10
3.913888947210377
 20
6.980555659573938
 10
3.920833391758302
 20
6.976388992845183
 10
3.926388947396642
 20
6.973611215026013
 10
3.927777836306227
 20
6.958333437020579
 10
3.923611169577472
 20
6.943055659015144
 97
        0
 97
        1
330
9B
 92
        1
 93
        1
 72
     4
 94
        3
 73
     0
 74
     0
 95
      290
 96
      286
 40
0.0
 40
0.0
 40
0.0
 40
0.0
 40
1.0
 40
1.0
 40
1.0
 40
2.0
 40
2.0
 40
2.0
 40
3.0
 40
3.0
 40
3.0
 40
4.0
 40
4.0
 40
4.0
 40
5.0
 40
5.0
 40
5.0
 40
6.0
 40
6.0
 40
6.0
 40
7.0
 40
7.0
 40
7.0
 40
8.0
 40
8.0
 40
8.0
 40
9.0
 40
9.0
 40
9.0
 40
10.0
 40
10.0
 40
10.0
 40
11.0
 40
11.0
 40
11.0
 40
12.0
 40
12.0
 40
12.0
 40
13.0
 40
13.0
 40
13.0
 40
14.0
 40
14.0
 40
14.0
 40
15.0
 40
15.0
 40
15.0
 40
16.0
 40
16.0
 40
16.0
 40
17.0
 40
17.0
 40
17.0
 40
18.0
 40
18.0
 40
18.0
 40
19.0
 40
19.0
 40
19.0
 40
20.0
 40
20.0
 40
20.0
 40
21.0
 40
21.0
 40
21.0
 40
22.0
 40
22.0
 40
22.0
 40
23.0
 40
23.0
 40
23.0
 40
24.0
 40
24.0
 40
24.0
 40
25.0
 40
25.0
 40
25.0
 40
26.0
 40
26.0
 40
26.0
 40
27.0
 40
27.0
 40
27.0
 40
28.0
 40
28.0
 40
28.0
 40
29.0
 40
29.0
 40
29.0
 40
30.0
 40
30.0
 40
30.0
 40
31.0
 40
31.0
 40
31.0
 40
32.0
 40
32.0
 40
32.0
 40
33.0
 40
33.0
 40
33.0
 40
34.0
 40
34.0
 40
34.0
 40
35.0
 40
35.0
 40
35.0
 40
36.0
 40
36.0
 40
36.0
 40
37.0
 40
37.0
 40
37.0
 40
38.0
 40
38.0
 40
38.0
 40
39.0
 40
39.0
 40
39.0
 40
40.0
 40
40.0
 40
40.0
 40
41.0
 40
41.0
 40
41.0
 40
42.0
 40
42.0
 40
42.0
 40
43.0
 40
43.0
 40
43.0
 40
44.0
 40
44.0
 40
44.0
 40
45.0
 40
45.0
 40
45.0
 40
46.0
 40
46.0
 40
46.0
 40
47.0
 40
47.0
 40
47.0
 40
48.0
 40
48.0
 40
48.0
 40
49.0
 40
49.0
 40
49.0
 40
50.0
 40
50.0
 40
50.0
 40
51.0
 40
51.0
 40
51.0
 40
52.0
 40
52.0
 40
52.0
 40
53.0
 40
53.0
 40
53.0
 40
54.0
 40
54.0
 40
54.0
 40
55.0
 40
55.0
 40
55.0
 40
56.0
 40
56.0
 40
56.0
 40
57.0
 40
57.0
 40
57.0
 40
58.0
 40
58.0
 40
58.0
 40
59.0
 40
59.0
 40
59.0
 40
60.0
 40
60.0
 40
60.0
 40
61.0
 40
61.0
 40
61.0
 40
62.0
 40
62.0
 40
62.0
 40
63.0
 40
63.0
 40
63.0
 40
64.0
 40
64.0
 40
64.0
 40
65.0
 40
65.0
 40
65.0
 40
66.0
 40
66.0
 40
66.0
 40
67.0
 40
67.0
 40
67.0
 40
68.0
 40
68.0
 40
68.0
 40
69.0
 40
69.0
 40
69.0
 40
70.0
 40
70.0
 40
70.0
 40
71.0
 40
71.0
 40
71.0
 40
72.0
 40
72.0
 40
72.0
 40
73.0
 40
73.0
 40
73.0
 40
74.0
 40
74.0
 40
74.0
 40
75.0
 40
75.0
 40
75.0
 40
76.0
 40
76.0
 40
76.0
 40
77.0
 40
77.0
 40
77.0
 40
78.0
 40
78.0
 40
78.0
 40
79.0
 40
79.0
 40
79.0
 40
80.0
 40
80.0
 40
80.0
 40
81.0
 40
81.0
 40
81.0
 40
82.0
 40
82.0
 40
82.0
 40
83.0
 40
83.0
 40
83.0
 40
84.0
 40
84.0
 40
84.0
 40
85.0
 40
85.0
 40
85.0
 40
86.0
 40
86.0
 40
86.0
 40
87.0
 40
87.0
 40
87.0
 40
88.0
 40
88.0
 40
88.0
 40
89.0
 40
89.0
 40
89.0
 40
90.0
 40
90.0
 40
90.0
 40
91.0
 40
91.0
 40
91.0
 40
92.0
 40
92.0
 40
92.0
 40
93.0
 40
93.0
 40
93.0
 40
94.0
 40
94.0
 40
94.0
 40
95.0
 40
95.0
 40
95.0
 40
95.0
 10
3.466666718324025
 20
7.45000011101365
 10
3.455555607047345
 20
7.412500110454857
 10
3.461111162685685
 20
7.394444554630252
 10
3.484722274148629
 20
7.400000110268592
 10
3.502777829973233
 20
7.404166776997347
 10
3.502777829973233
 20
7.401388999178177
 10
3.487500051967799
 20
7.383333443353572
 10
3.477777829600704
 20
7.370833443167308
 10
3.46250005159527
 20
7.365277887528968
 10
3.45416671813776
 20
7.370833443167308
 10
3.445833384680251
 20
7.375000109896063
 10
3.444444495770666
 20
7.372222332076893
 10
3.450000051409006
 20
7.363888998619383
 10
3.45694449595693
 20
7.351388998433119
 10
3.46805560723361
 20
7.351388998433119
 10
3.486111163058214
 20
7.361111220800213
 10
3.504166718882818
 20
7.370833443167308
 10
3.515277830159498
 20
7.370833443167308
 10
3.522222274707423
 20
7.358333442981043
 10
3.527777830345762
 20
7.348611220613949
 10
3.526388941436177
 20
7.347222331704364
 10
3.516666719069083
 20
7.352777887342703
 10
3.506944496701988
 20
7.358333442981043
 10
3.500000052154064
 20
7.355555665161873
 10
3.500000052154064
 20
7.348611220613949
 10
3.500000052154064
 20
7.340277887156439
 10
3.505555607792403
 20
7.333333442608514
 10
3.512500052340328
 20
7.333333442608514
 10
3.527777830345762
 20
7.333333442608514
 10
3.59722227582501
 20
7.272222330586777
 10
3.59722227582501
 20
7.258333441490927
 10
3.59722227582501
 20
7.254166774762173
 10
3.590277831277085
 20
7.250000108033418
 10
3.581944497819575
 20
7.250000108033418
 10
3.575000053271651
 20
7.250000108033418
 10
3.572222275452481
 20
7.256944552581343
 10
3.576388942181235
 20
7.263888997129267
 10
3.58055560890999
 20
7.272222330586777
 10
3.57777783109082
 20
7.277777886225116
 10
3.569444497633311
 20
7.277777886225116
 10
3.559722275266216
 20
7.277777886225116
 10
3.555555608537461
 20
7.269444552767607
 10
3.559722275266216
 20
7.261111219310097
 10
3.562500053085386
 20
7.251388996943003
 10
3.58055560890999
 20
7.243055663485493
 10
3.601388942553764
 20
7.243055663485493
 10
3.620833387287954
 20
7.243055663485493
 10
3.650000054389238
 20
7.229166774389644
 10
3.666666721304257
 20
7.212500107474625
 10
3.681944499309691
 20
7.19444455165002
 10
3.70138894404388
 20
7.18055566255417
 10
3.708333388591805
 20
7.18055566255417
 10
3.71527783313973
 20
7.18055566255417
 10
3.7180556109589
 20
7.169444551277491
 10
3.713888944230145
 20
7.156944551091227
 10
3.70694449968222
 20
7.134722328537868
 10
3.708333388591805
 20
7.134722328537868
 10
3.722222277687655
 20
7.152777884362471
 10
3.734722277873919
 20
7.168055662367906
 10
3.740277833512259
 20
7.169444551277491
 10
3.745833389150599
 20
7.156944551091227
 10
3.748611166969769
 20
7.147222328724132
 10
3.759722278246449
 20
7.138888995266622
 10
3.769444500613543
 20
7.138888995266622
 10
3.779166722980638
 20
7.138888995266622
 10
3.800000056624412
 20
7.119444550532433
 10
3.818055612449016
 20
7.095833439069489
 10
3.84444450173113
 20
7.05972232742028
 10
3.845833390640715
 20
7.05416677178194
 10
3.825000056996941
 20
7.058333438510695
 10
3.811111167901092
 20
7.061111216329865
 10
3.800000056624412
 20
7.052777882872355
 10
3.798611167714827
 20
7.038888993776506
 10
3.794444500986072
 20
7.016666771223147
 10
3.797222278805242
 20
7.016666771223147
 10
3.829166723725696
 20
7.037500104866921
 10
3.85833339082698
 20
7.05694454960111
 10
3.865277835374904
 20
7.05694454960111
 10
3.875000057741999
 20
7.041666771595676
 10
3.881944502289924
 20
7.030555660318996
 10
3.883333391199509
 20
7.016666771223147
 10
3.879166724470754
 20
7.008333437765637
 10
3.875000057741999
 20
7.001388993217712
 10
3.877777835561169
 20
7.000000104308128
 10
3.886111169018679
 20
7.005555659946467
 10
3.897222280295358
 20
7.012500104494392
 10
3.900000058114528
 20
7.001388993217712
 10
3.894444502476188
 20
6.969444548297259
 10
3.890277835747433
 20
6.94444454792473
 10
3.887500057928264
 20
6.912500103004276
 10
3.887500057928264
 20
6.897222324998842
 10
3.887500057928264
 20
6.873611213535897
 10
3.886111169018679
 20
6.873611213535897
 10
3.859722279736565
 20
6.901388991727596
 10
3.84444450173113
 20
6.916666769733031
 10
3.826388945906526
 20
6.93055565882888
 10
3.820833390268186
 20
6.93055565882888
 10
3.797222278805242
 20
6.93055565882888
 10
3.779166722980638
 20
6.894444547179672
 10
3.791666723166902
 20
6.875000102445483
 10
3.798611167714827
 20
6.863888991168803
 10
3.800000056624412
 20
6.850000102072954
 10
3.795833389895657
 20
6.841666768615444
 10
3.790277834257317
 20
6.834722324067519
 10
3.794444500986072
 20
6.833333435157934
 10
3.805555612262752
 20
6.840277879705858
 10
3.819444501358601
 20
6.848611213163368
 10
3.822222279177771
 20
6.845833435344198
 10
3.815277834629846
 20
6.827777879519594
 10
3.809722278991507
 20
6.815277879333329
 10
3.811111167901092
 20
6.80694454587582
 10
3.818055612449016
 20
6.811111212604575
 10
3.825000056996941
 20
6.815277879333329
 10
3.834722279364036
 20
6.80972232369499
 10
3.83888894609279
 20
6.797222323508726
 10
3.84444450173113
 20
6.783333434412876
 10
3.84166672391196
 20
6.779166767684121
 10
3.829166723725696
 20
6.786111212232046
 10
3.820833390268186
 20
6.791666767870386
 10
3.823611168087356
 20
6.784722323322461
 10
3.836111168273621
 20
6.769444545317027
 10
3.848611168459885
 20
6.754166767311592
 10
3.859722279736565
 20
6.730555655848648
 10
3.859722279736565
 20
6.715277877843213
 10
3.859722279736565
 20
6.700000099837779
 10
3.862500057555735
 20
6.66944454382691
 10
3.865277835374904
 20
6.648611210183136
 10
3.869444502103659
 20
6.620833431991437
 10
3.866666724284489
 20
6.611111209624342
 10
3.85277783518864
 20
6.616666765262682
 10
3.84166672391196
 20
6.620833431991437
 10
3.837500057183206
 20
6.613888987443512
 10
3.840277835002375
 20
6.597222320528493
 10
3.843055612821545
 20
6.580555653613473
 10
3.83888894609279
 20
6.573611209065549
 10
3.827777834816111
 20
6.577777875794303
 10
3.818055612449016
 20
6.581944542523059
 10
3.809722278991507
 20
6.591666764890153
 10
3.809722278991507
 20
6.601388987257248
 10
3.809722278991507
 20
6.611111209624342
 10
3.797222278805242
 20
6.644444543454381
 10
3.780555611890223
 20
6.67777787728442
 10
3.765277833884788
 20
6.709722322204874
 10
3.759722278246449
 20
6.731944544758233
 10
3.768055611703958
 20
6.727777878029478
 10
3.777777834071053
 20
6.722222322391139
 10
3.768055611703958
 20
6.736111211486988
 10
3.747222278060184
 20
6.756944545130762
 10
3.72361116659724
 20
6.781944545503291
 10
3.702777832953465
 20
6.79305565677997
 10
3.687500054948031
 20
6.786111212232046
 10
3.666666721304257
 20
6.779166767684121
 10
3.665277832394672
 20
6.765277878588271
 10
3.673611165852182
 20
6.684722321832345
 10
3.679166721490521
 20
6.633333432177701
 10
3.687500054948031
 20
6.583333431432643
 10
3.691666721676786
 20
6.572222320155964
 10
3.695833388405541
 20
6.5597223199697
 10
3.693055610586371
 20
6.55416676433136
 10
3.686111166038446
 20
6.558333431060114
 10
3.679166721490521
 20
6.563888986698454
 10
3.673611165852182
 20
6.552777875421774
 10
3.673611165852182
 20
6.534722319597171
 10
3.673611165852182
 20
6.516666763772566
 10
3.677777832580936
 20
6.505555652495886
 10
3.684722277128861
 20
6.509722319224642
 10
3.690277832767201
 20
6.512500097043812
 10
3.694444499495956
 20
6.508333430315056
 10
3.694444499495956
 20
6.501388985767132
 10
3.694444499495956
 20
6.484722318852113
 10
3.555555608537461
 20
6.41111120664411
 10
3.555555608537461
 20
6.426388984649545
 10
3.555555608537461
 20
6.433333429197469
 10
3.548611163989537
 20
6.427777873559129
 10
3.540277830532027
 20
6.41666676228245
 10
3.529166719255347
 20
6.401388984277016
 10
3.523611163617008
 20
6.400000095367431
 10
3.518055607978668
 20
6.41388898446328
 10
3.508333385611573
 20
6.438888984835809
 10
3.481944496329459
 20
6.434722318107055
 10
3.491666718696554
 20
6.40833342882494
 10
3.495833385425309
 20
6.397222317548261
 10
3.494444496515724
 20
6.391666761909921
 10
3.486111163058214
 20
6.395833428638676
 10
3.479166718510289
 20
6.400000095367431
 10
3.461111162685685
 20
6.397222317548261
 10
3.445833384680251
 20
6.388888984090751
 10
3.426388939946061
 20
6.379166761723657
 10
3.415277828669382
 20
6.379166761723657
 10
3.408333384121457
 20
6.391666761909921
 10
3.402777828483117
 20
6.401388984277016
 10
3.404166717392702
 20
6.4027778731866
 10
3.413888939759797
 20
6.397222317548261
 10
3.423611162126892
 20
6.391666761909921
 10
3.430555606674816
 20
6.393055650819506
 10
3.430555606674816
 20
6.401388984277016
 10
3.430555606674816
 20
6.40833342882494
 10
3.425000051036477
 20
6.41944454010162
 10
3.416666717578967
 20
6.423611206830375
 10
3.409722273031042
 20
6.427777873559129
 10
3.402777828483117
 20
6.438888984835809
 10
3.402777828483117
 20
6.445833429383734
 10
3.402777828483117
 20
6.454166762841244
 10
3.409722273031042
 20
6.455555651750828
 10
3.419444495398137
 20
6.450000096112489
 10
3.429166717765231
 20
6.444444540474149
 10
3.430555606674816
 20
6.445833429383734
 10
3.425000051036477
 20
6.456944540660414
 10
3.419444495398137
 20
6.465277874117923
 10
3.408333384121457
 20
6.469444540846678
 10
3.401388939573532
 20
6.465277874117923
 10
3.383333383748928
 20
6.452777873931658
 10
3.386111161568098
 20
6.477777874304187
 10
3.406944495211872
 20
6.498611207947962
 10
3.420833384307722
 20
6.512500097043812
 10
3.419444495398137
 20
6.513888985953396
 10
3.401388939573532
 20
6.506944541405472
 10
3.387500050477683
 20
6.501388985767132
 10
3.373611161381834
 20
6.504166763586302
 10
3.368055605743494
 20
6.512500097043812
 10
3.363888939014739
 20
6.520833430501321
 10
3.352777827738059
 20
6.527777875049245
 10
3.34444449428055
 20
6.527777875049245
 10
3.334722271913455
 20
6.527777875049245
 10
3.334722271913455
 20
6.522222319410906
 10
3.343055605370965
 20
6.511111208134226
 10
3.351388938828474
 20
6.501388985767132
 10
3.365277827924324
 20
6.458333429569998
 10
3.376388939201003
 20
6.41666676228245
 10
3.386111161568098
 20
6.375000094994902
 10
3.394444495025608
 20
6.338888983345693
 10
3.395833383935193
 20
6.337500094436109
 10
3.398611161754363
 20
6.331944538797769
 10
3.558333386356631
 20
6.383333428452411
 10
3.604166720372934
 20
6.404166762096186
 10
3.708333388591805
 20
6.450000096112489
 10
3.722222277687655
 20
6.468055651937093
 10
3.722222277687655
 20
6.55416676433136
 10
3.722222277687655
 20
6.598611209438078
 10
3.71250005532056
 20
6.665277877098155
 10
3.70138894404388
 20
6.701388988747364
 10
3.690277832767201
 20
6.738888989306158
 10
3.683333388219276
 20
6.772222323136197
 10
3.687500054948031
 20
6.775000100955367
 10
3.702777832953465
 20
6.791666767870386
 10
3.776388945161468
 20
6.631944543268117
 10
3.777777834071053
 20
6.576388986884719
 10
3.779166722980638
 20
6.513888985953396
 10
3.800000056624412
 20
6.509722319224642
 10
3.854166724098225
 20
6.55694454215053
 10
3.902777835933698
 20
6.600000098347663
 10
3.905555613752868
 20
6.606944542895588
 10
3.900000058114528
 20
6.668055654917325
 10
3.895833391385773
 20
6.704166766566534
 10
3.875000057741999
 20
6.770833434226611
 10
3.85277783518864
 20
6.815277879333329
 10
3.800000056624412
 20
6.922222325371371
 10
3.801388945533997
 20
6.916666769733031
 10
3.818055612449016
 20
6.916666769733031
 10
3.826388945906526
 20
6.916666769733031
 10
3.833333390454451
 20
6.908333436275521
 10
3.833333390454451
 20
6.898611213908426
 10
3.833333390454451
 20
6.888888991541332
 10
3.84166672391196
 20
6.872222324626313
 10
3.851388946279055
 20
6.863888991168803
 10
3.859722279736565
 20
6.854166768801708
 10
3.890277835747433
 20
6.80416676805665
 10
3.916666725029547
 20
6.752777878402007
 10
3.951388947769171
 20
6.684722321832345
 10
3.972222281412945
 20
6.659722321459816
 10
3.993055615056719
 20
6.659722321459816
 10
4.018055615429249
 20
6.659722321459816
 10
4.020833393248418
 20
6.66944454382691
 10
4.020833393248418
 20
6.750000100582838
 10
4.020833393248418
 20
6.823611212790839
 10
4.011111170881323
 20
6.858333435530463
 10
3.975000059232115
 20
6.937500103376805
 10
3.919444502848717
 20
7.055555660691525
 10
3.891666724657018
 20
7.086111216702394
 10
3.72083338877807
 20
7.215277885293794
 10
3.598611164734595
 20
7.309722331145571
 10
3.527777830345762
 20
7.380555665534402
 10
3.490277829786969
 20
7.45000011101365
 10
3.476388940691119
 20
7.476389000295764
 10
3.475000051781535
 20
7.476389000295764
 10
3.466666718324025
 20
7.45000011101365
 97
        0
 97
        1
330
9C
 75
     2
 76
     1
 98
        1
 10
0.0
 20
0.0
450
        0
451
        0
460
0.0
461
0.0
452
        0
462
0.0
453
        0
470

  0
SPLINE
  5
9E
330
79
100
AcDbEntity
  8
Layer 1
100
AcDbSpline
210
0.0
220
0.0
230
1.0
 70
     9
 71
     3
 72
    14
 73
    10
 74
     0
 42
0.0000000001
 43
0.0000000001
 40
0.0
 40
0.0
 40
0.0
 40
0.0
 40
1.0
 40
1.0
 40
1.0
 40
2.0
 40
2.0
 40
2.0
 40
3.0
 40
3.0
 40
3.0
 40
3.0
 10
1.573611134559743
 20
7.423611221731536
 30
0.0
 10
1.573611134559743
 20
7.412500110454857
 30
0.0
 10
1.579166690198083
 20
7.406944554816517
 30
0.0
 10
1.586111134746008
 20
7.411111221545271
 30
0.0
 10
1.593055579293933
 20
7.415277888274026
 30
0.0
 10
1.594444468203517
 20
7.425000110641121
 30
0.0
 10
1.590277801474763
 20
7.431944555189046
 30
0.0
 10
1.577777801288498
 20
7.45000011101365
 30
0.0
 10
1.573611134559743
 20
7.44722233319448
 30
0.0
 10
1.573611134559743
 20
7.423611221731536
 30
0.0
  0
HATCH
  5
9F
330
79
100
AcDbEntity
  8
Layer 1
 62
    18
420
        0
440
 33554687
100
AcDbHatch
 10
0.0
 20
0.0
 30
0.0
210
0.0
220
0.0
230
1.0
  2
SOLID
 70
     1
 71
     1
 91
        1
 92
        1
 93
        1
 72
     4
 94
        3
 73
     0
 74
     0
 95
       14
 96
       10
 40
0.0
 40
0.0
 40
0.0
 40
0.0
 40
1.0
 40
1.0
 40
1.0
 40
2.0
 40
2.0
 40
2.0
 40
3.0
 40
3.0
 40
3.0
 40
3.0
 10
1.573611134559743
 20
7.423611221731536
 10
1.573611134559743
 20
7.412500110454857
 10
1.579166690198083
 20
7.406944554816517
 10
1.586111134746008
 20
7.411111221545271
 10
1.593055579293933
 20
7.415277888274026
 10
1.594444468203517
 20
7.425000110641121
 10
1.590277801474763
 20
7.431944555189046
 10
1.577777801288498
 20
7.45000011101365
 10
1.573611134559743
 20
7.44722233319448
 10
1.573611134559743
 20
7.423611221731536
 97
        0
 97
        1
330
9E
 75
     2
 76
     1
 98
        1
 10
0.0
 20
0.0
450
        0
451
        0
460
0.0
461
0.0
452
        0
462
0.0
453
        0
470

  0
SPLINE
  5
A0
330
79
100
AcDbEntity
  8
Layer 1
100
AcDbSpline
210
0.0
220
0.0
230
1.0
 70
     9
 71
     3
 72
    14
 73
    10
 74
     0
 42
0.0000000001
 43
0.0000000001
 40
0.0
 40
0.0
 40
0.0
 40
0.0
 40
1.0
 40
1.0
 40
1.0
 40
2.0
 40
2.0
 40
2.0
 40
3.0
 40
3.0
 40
3.0
 40
3.0
 10
2.472222259061203
 20
7.402777888087761
 30
0.0
 10
2.459722258874939
 20
7.394444554630252
 30
0.0
 10
2.458333369965354
 20
7.388888998991912
 30
0.0
 10
2.468055592332448
 20
7.388888998991912
 30
0.0
 10
2.476388925789958
 20
7.388888998991912
 30
0.0
 10
2.488888925976223
 20
7.395833443539837
 30
0.0
 10
2.493055592704978
 20
7.402777888087761
 30
0.0
 10
2.504166703981657
 20
7.419444555002781
 30
0.0
 10
2.498611148343317
 20
7.419444555002781
 30
0.0
 10
2.472222259061203
 20
7.402777888087761
 30
0.0
  0
HATCH
  5
A1
330
79
100
AcDbEntity
  8
Layer 1
 62
    18
420
        0
440
 33554687
100
AcDbHatch
 10
0.0
 20
0.0
 30
0.0
210
0.0
220
0.0
230
1.0
  2
SOLID
 70
     1
 71
     1
 91
        1
 92
        1
 93
        1
 72
     4
 94
        3
 73
     0
 74
     0
 95
       14
 96
       10
 40
0.0
 40
0.0
 40
0.0
 40
0.0
 40
1.0
 40
1.0
 40
1.0
 40
2.0
 40
2.0
 40
2.0
 40
3.0
 40
3.0
 40
3.0
 40
3.0
 10
2.472222259061203
 20
7.402777888087761
 10
2.459722258874939
 20
7.394444554630252
 10
2.458333369965354
 20
7.388888998991912
 10
2.468055592332448
 20
7.388888998991912
 10
2.476388925789958
 20
7.388888998991912
 10
2.488888925976223
 20
7.395833443539837
 10
2.493055592704978
 20
7.402777888087761
 10
2.504166703981657
 20
7.419444555002781
 10
2.498611148343317
 20
7.419444555002781
 10
2.472222259061203
 20
7.402777888087761
 97
        0
 97
        1
330
A0
 75
     2
 76
     1
 98
        1
 10
0.0
 20
0.0
450
        0
451
        0
460
0.0
461
0.0
452
        0
462
0.0
453
        0
470

  0
SPLINE
  5
A2
330
79
100
AcDbEntity
  8
Layer 1
100
AcDbSpline
210
0.0
220
0.0
230
1.0
 70
    11
 71
     3
 72
    14
 73
    10
 74
     0
 42
0.0000000001
 43
0.0000000001
 40
0.0
 40
0.0
 40
0.0
 40
0.0
 40
1.0
 40
1.0
 40
1.0
 40
2.0
 40
2.0
 40
2.0
 40
3.0
 40
3.0
 40
3.0
 40
3.0
 10
1.91527780631764
 20
7.309722331145571
 30
0.0
 10
1.897222250493036
 20
7.287500108592212
 30
0.0
 10
1.898611139402621
 20
7.286111219682626
 30
0.0
 10
1.92083336195598
 20
7.304166775507231
 30
0.0
 10
1.933333362142244
 20
7.313888997874325
 30
0.0
 10
1.944444473418924
 20
7.325000109151005
 30
0.0
 10
1.944444473418924
 20
7.327777886970174
 30
0.0
 10
1.944444473418924
 20
7.338888998246854
 30
0.0
 10
1.933333362142244
 20
7.33194455369893
 30
0.0
 10
1.91527780631764
 20
7.309722331145571
 30
0.0
  0
HATCH
  5
A3
330
79
100
AcDbEntity
  8
Layer 1
 62
    18
420
        0
440
 33554687
100
AcDbHatch
 10
0.0
 20
0.0
 30
0.0
210
0.0
220
0.0
230
1.0
  2
SOLID
 70
     1
 71
     1
 91
        1
 92
        1
 93
        1
 72
     4
 94
        3
 73
     0
 74
     0
 95
       14
 96
       10
 40
0.0
 40
0.0
 40
0.0
 40
0.0
 40
1.0
 40
1.0
 40
1.0
 40
2.0
 40
2.0
 40
2.0
 40
3.0
 40
3.0
 40
3.0
 40
3.0
 10
1.91527780631764
 20
7.309722331145571
 10
1.897222250493036
 20
7.287500108592212
 10
1.898611139402621
 20
7.286111219682626
 10
1.92083336195598
 20
7.304166775507231
 10
1.933333362142244
 20
7.313888997874325
 10
1.944444473418924
 20
7.325000109151005
 10
1.944444473418924
 20
7.327777886970174
 10
1.944444473418924
 20
7.338888998246854
 10
1.933333362142244
 20
7.33194455369893
 10
1.91527780631764
 20
7.309722331145571
 97
        0
 97
        1
330
A2
 75
     2
 76
     1
 98
        1
 10
0.0
 20
0.0
450
        0
451
        0
460
0.0
461
0.0
452
        0
462
0.0
453
        0
470

  0
SPLINE
  5
A4
330
79
100
AcDbEntity
  8
Layer 1
100
AcDbSpline
210
0.0
220
0.0
230
1.0
 70
     9
 71
     3
 72
    26
 73
    22
 74
     0
 42
0.0000000001
 43
0.0000000001
 40
0.0
 40
0.0
 40
0.0
 40
0.0
 40
1.0
 40
1.0
 40
1.0
 40
2.0
 40
2.0
 40
2.0
 40
3.0
 40
3.0
 40
3.0
 40
4.0
 40
4.0
 40
4.0
 40
5.0
 40
5.0
 40
5.0
 40
6.0
 40
6.0
 40
6.0
 40
7.0
 40
7.0
 40
7.0
 40
7.0
 10
2.618055594567623
 20
7.319444553512665
 30
0.0
 10
2.612500038929283
 20
7.311111220055155
 30
0.0
 10
2.613888927838868
 20
7.305555664416815
 30
0.0
 10
2.620833372386793
 20
7.306944553326401
 30
0.0
 10
2.648611150578492
 20
7.311111220055155
 30
0.0
 10
2.655555595126416
 20
7.304166775507231
 30
0.0
 10
2.640277817120982
 20
7.286111219682626
 30
0.0
 10
2.627777816934717
 20
7.270833441677192
 30
0.0
 10
2.627777816934717
 20
7.263888997129267
 30
0.0
 10
2.641666706030567
 20
7.255555663671757
 30
0.0
 10
2.651388928397662
 20
7.250000108033418
 30
0.0
 10
2.655555595126416
 20
7.250000108033418
 30
0.0
 10
2.650000039488077
 20
7.256944552581343
 30
0.0
 10
2.644444483849737
 20
7.262500108219683
 30
0.0
 10
2.645833372759322
 20
7.276388997315532
 30
0.0
 10
2.652777817307246
 20
7.284722330773042
 30
0.0
 10
2.662500039674341
 20
7.297222330959306
 30
0.0
 10
2.661111150764756
 20
7.306944553326401
 30
0.0
 10
2.647222261668907
 20
7.31805566460308
 30
0.0
 10
2.633333372573057
 20
7.32916677587976
 30
0.0
 10
2.625000039115548
 20
7.330555664789344
 30
0.0
 10
2.618055594567623
 20
7.319444553512665
 30
0.0
  0
HATCH
  5
A5
330
79
100
AcDbEntity
  8
Layer 1
 62
    18
420
        0
440
 33554687
100
AcDbHatch
 10
0.0
 20
0.0
 30
0.0
210
0.0
220
0.0
230
1.0
  2
SOLID
 70
     1
 71
     1
 91
        1
 92
        1
 93
        1
 72
     4
 94
        3
 73
     0
 74
     0
 95
       26
 96
       22
 40
0.0
 40
0.0
 40
0.0
 40
0.0
 40
1.0
 40
1.0
 40
1.0
 40
2.0
 40
2.0
 40
2.0
 40
3.0
 40
3.0
 40
3.0
 40
4.0
 40
4.0
 40
4.0
 40
5.0
 40
5.0
 40
5.0
 40
6.0
 40
6.0
 40
6.0
 40
7.0
 40
7.0
 40
7.0
 40
7.0
 10
2.618055594567623
 20
7.319444553512665
 10
2.612500038929283
 20
7.311111220055155
 10
2.613888927838868
 20
7.305555664416815
 10
2.620833372386793
 20
7.306944553326401
 10
2.648611150578492
 20
7.311111220055155
 10
2.655555595126416
 20
7.304166775507231
 10
2.640277817120982
 20
7.286111219682626
 10
2.627777816934717
 20
7.270833441677192
 10
2.627777816934717
 20
7.263888997129267
 10
2.641666706030567
 20
7.255555663671757
 10
2.651388928397662
 20
7.250000108033418
 10
2.655555595126416
 20
7.250000108033418
 10
2.650000039488077
 20
7.256944552581343
 10
2.644444483849737
 20
7.262500108219683
 10
2.645833372759322
 20
7.276388997315532
 10
2.652777817307246
 20
7.284722330773042
 10
2.662500039674341
 20
7.297222330959306
 10
2.661111150764756
 20
7.306944553326401
 10
2.647222261668907
 20
7.31805566460308
 10
2.633333372573057
 20
7.32916677587976
 10
2.625000039115548
 20
7.330555664789344
 10
2.618055594567623
 20
7.319444553512665
 97
        0
 97
        1
330
A4
 75
     2
 76
     1
 98
        1
 10
0.0
 20
0.0
450
        0
451
        0
460
0.0
461
0.0
452
        0
462
0.0
453
        0
470

  0
SPLINE
  5
A6
330
79
100
AcDbEntity
  8
Layer 1
100
AcDbSpline
210
0.0
220
0.0
230
1.0
 70
     9
 71
     3
 72
    14
 73
    10
 74
     0
 42
0.0000000001
 43
0.0000000001
 40
0.0
 40
0.0
 40
0.0
 40
0.0
 40
1.0
 40
1.0
 40
1.0
 40
2.0
 40
2.0
 40
2.0
 40
3.0
 40
3.0
 40
3.0
 40
3.0
 10
2.013888918898171
 20
7.263888997129267
 30
0.0
 10
2.013888918898171
 20
7.245833441304663
 30
0.0
 10
2.006944474350246
 20
7.238888996756738
 30
0.0
 10
1.993055585254397
 20
7.244444552395078
 30
0.0
 10
1.970833362701038
 20
7.254166774762173
 30
0.0
 10
1.966666695972283
 20
7.268055663858022
 30
0.0
 10
1.981944473977717
 20
7.281944552953872
 30
0.0
 10
1.998611140892737
 20
7.300000108778476
 30
0.0
 10
2.013888918898171
 20
7.291666775320966
 30
0.0
 10
2.013888918898171
 20
7.263888997129267
 30
0.0
  0
SPLINE
  5
A7
330
79
100
AcDbEntity
  8
Layer 1
100
AcDbSpline
210
0.0
220
0.0
230
1.0
 70
     9
 71
     3
 72
    14
 73
    10
 74
     0
 42
0.0000000001
 43
0.0000000001
 40
0.0
 40
0.0
 40
0.0
 40
0.0
 40
1.0
 40
1.0
 40
1.0
 40
2.0
 40
2.0
 40
2.0
 40
3.0
 40
3.0
 40
3.0
 40
3.0
 10
1.955555584695604
 20
7.284722330773042
 30
0.0
 10
1.944444473418924
 20
7.258333441490927
 30
0.0
 10
1.944444473418924
 20
7.241666774575908
 30
0.0
 10
1.955555584695604
 20
7.213888996384209
 30
0.0
 10
1.990277807435227
 20
7.138888995266622
 30
0.0
 10
2.069444475281569
 20
7.208333440745869
 30
0.0
 10
2.040277808180285
 20
7.288888997501796
 30
0.0
 10
2.025000030174851
 20
7.330555664789344
 30
0.0
 10
1.976388918339378
 20
7.32916677587976
 30
0.0
 10
1.955555584695604
 20
7.284722330773042
 30
0.0
  0
HATCH
  5
A8
330
79
100
AcDbEntity
  8
Layer 1
 62
    18
420
        0
440
 33554687
100
AcDbHatch
 10
0.0
 20
0.0
 30
0.0
210
0.0
220
0.0
230
1.0
  2
SOLID
 70
     1
 71
     1
 91
        2
 92
        1
 93
        1
 72
     4
 94
        3
 73
     0
 74
     0
 95
       14
 96
       10
 40
0.0
 40
0.0
 40
0.0
 40
0.0
 40
1.0
 40
1.0
 40
1.0
 40
2.0
 40
2.0
 40
2.0
 40
3.0
 40
3.0
 40
3.0
 40
3.0
 10
2.013888918898171
 20
7.263888997129267
 10
2.013888918898171
 20
7.245833441304663
 10
2.006944474350246
 20
7.238888996756738
 10
1.993055585254397
 20
7.244444552395078
 10
1.970833362701038
 20
7.254166774762173
 10
1.966666695972283
 20
7.268055663858022
 10
1.981944473977717
 20
7.281944552953872
 10
1.998611140892737
 20
7.300000108778476
 10
2.013888918898171
 20
7.291666775320966
 10
2.013888918898171
 20
7.263888997129267
 97
        0
 97
        1
330
A6
 92
        1
 93
        1
 72
     4
 94
        3
 73
     0
 74
     0
 95
       14
 96
       10
 40
0.0
 40
0.0
 40
0.0
 40
0.0
 40
1.0
 40
1.0
 40
1.0
 40
2.0
 40
2.0
 40
2.0
 40
3.0
 40
3.0
 40
3.0
 40
3.0
 10
1.955555584695604
 20
7.284722330773042
 10
1.944444473418924
 20
7.258333441490927
 10
1.944444473418924
 20
7.241666774575908
 10
1.955555584695604
 20
7.213888996384209
 10
1.990277807435227
 20
7.138888995266622
 10
2.069444475281569
 20
7.208333440745869
 10
2.040277808180285
 20
7.288888997501796
 10
2.025000030174851
 20
7.330555664789344
 10
1.976388918339378
 20
7.32916677587976
 10
1.955555584695604
 20
7.284722330773042
 97
        0
 97
        1
330
A7
 75
     2
 76
     1
 98
        1
 10
0.0
 20
0.0
450
        0
451
        0
460
0.0
461
0.0
452
        0
462
0.0
453
        0
470

  0
SPLINE
  5
A9
330
79
100
AcDbEntity
  8
Layer 1
100
AcDbSpline
210
0.0
220
0.0
230
1.0
 70
     9
 71
     3
 72
    14
 73
    10
 74
     0
 42
0.0000000001
 43
0.0000000001
 40
0.0
 40
0.0
 40
0.0
 40
0.0
 40
1.0
 40
1.0
 40
1.0
 40
2.0
 40
2.0
 40
2.0
 40
3.0
 40
3.0
 40
3.0
 40
3.0
 10
2.480555592518713
 20
7.295833442049721
 30
0.0
 10
2.472222259061203
 20
7.276388997315532
 30
0.0
 10
2.473611147970788
 20
7.275000108405947
 30
0.0
 10
2.487500037066638
 20
7.287500108592212
 30
0.0
 10
2.497222259433732
 20
7.297222330959306
 30
0.0
 10
2.501388926162487
 20
7.308333442235985
 30
0.0
 10
2.497222259433732
 20
7.312500108964741
 30
0.0
 10
2.493055592704978
 20
7.316666775693495
 30
0.0
 10
2.484722259247468
 20
7.309722331145571
 30
0.0
 10
2.480555592518713
 20
7.295833442049721
 30
0.0
  0
HATCH
  5
AA
330
79
100
AcDbEntity
  8
Layer 1
 62
    18
420
        0
440
 33554687
100
AcDbHatch
 10
0.0
 20
0.0
 30
0.0
210
0.0
220
0.0
230
1.0
  2
SOLID
 70
     1
 71
     1
 91
        1
 92
        1
 93
        1
 72
     4
 94
        3
 73
     0
 74
     0
 95
       14
 96
       10
 40
0.0
 40
0.0
 40
0.0
 40
0.0
 40
1.0
 40
1.0
 40
1.0
 40
2.0
 40
2.0
 40
2.0
 40
3.0
 40
3.0
 40
3.0
 40
3.0
 10
2.480555592518713
 20
7.295833442049721
 10
2.472222259061203
 20
7.276388997315532
 10
2.473611147970788
 20
7.275000108405947
 10
2.487500037066638
 20
7.287500108592212
 10
2.497222259433732
 20
7.297222330959306
 10
2.501388926162487
 20
7.308333442235985
 10
2.497222259433732
 20
7.312500108964741
 10
2.493055592704978
 20
7.316666775693495
 10
2.484722259247468
 20
7.309722331145571
 10
2.480555592518713
 20
7.295833442049721
 97
        0
 97
        1
330
A9
 75
     2
 76
     1
 98
        1
 10
0.0
 20
0.0
450
        0
451
        0
460
0.0
461
0.0
452
        0
462
0.0
453
        0
470

  0
SPLINE
  5
AB
330
79
100
AcDbEntity
  8
Layer 1
100
AcDbSpline
210
0.0
220
0.0
230
1.0
 70
    11
 71
     3
 72
    20
 73
    16
 74
     0
 42
0.0000000001
 43
0.0000000001
 40
0.0
 40
0.0
 40
0.0
 40
0.0
 40
1.0
 40
1.0
 40
1.0
 40
2.0
 40
2.0
 40
2.0
 40
3.0
 40
3.0
 40
3.0
 40
4.0
 40
4.0
 40
4.0
 40
5.0
 40
5.0
 40
5.0
 40
5.0
 10
2.56944448273215
 20
7.222222329841719
 30
0.0
 10
2.576388927280075
 20
7.222222329841719
 30
0.0
 10
2.579166705099244
 20
7.212500107474625
 30
0.0
 10
2.573611149460905
 20
7.20000010728836
 30
0.0
 10
2.56666670491298
 20
7.181944551463756
 30
0.0
 10
2.56388892709381
 20
7.181944551463756
 30
0.0
 10
2.554166704726715
 20
7.19722232946919
 30
0.0
 10
2.547222260178791
 20
7.206944551836285
 30
0.0
 10
2.543055593450036
 20
7.227777885480058
 30
0.0
 10
2.543055593450036
 20
7.243055663485493
 30
0.0
 10
2.544444482359621
 20
7.266666774948437
 30
0.0
 10
2.545833371269206
 20
7.266666774948437
 30
0.0
 10
2.551388926907546
 20
7.247222330214248
 30
0.0
 10
2.554166704726715
 20
7.233333441118398
 30
0.0
 10
2.562500038184225
 20
7.222222329841719
 30
0.0
 10
2.56944448273215
 20
7.222222329841719
 30
0.0
  0
SPLINE
  5
AC
330
79
100
AcDbEntity
  8
Layer 1
100
AcDbSpline
210
0.0
220
0.0
230
1.0
 70
     9
 71
     3
 72
    14
 73
    10
 74
     0
 42
0.0000000001
 43
0.0000000001
 40
0.0
 40
0.0
 40
0.0
 40
0.0
 40
1.0
 40
1.0
 40
1.0
 40
2.0
 40
2.0
 40
2.0
 40
3.0
 40
3.0
 40
3.0
 40
3.0
 10
2.530555593263771
 20
7.275000108405947
 30
0.0
 10
2.495833370524147
 20
7.240277885666323
 30
0.0
 10
2.523611148715847
 20
7.138888995266622
 30
0.0
 10
2.568055593822565
 20
7.138888995266622
 30
0.0
 10
2.588888927466339
 20
7.138888995266622
 30
0.0
 10
2.611111150019698
 20
7.173611218006246
 30
0.0
 10
2.611111150019698
 20
7.205555662926699
 30
0.0
 10
2.611111150019698
 20
7.275000108405947
 30
0.0
 10
2.568055593822565
 20
7.312500108964741
 30
0.0
 10
2.530555593263771
 20
7.275000108405947
 30
0.0
  0
HATCH
  5
AD
330
79
100
AcDbEntity
  8
Layer 1
 62
    18
420
        0
440
 33554687
100
AcDbHatch
 10
0.0
 20
0.0
 30
0.0
210
0.0
220
0.0
230
1.0
  2
SOLID
 70
     1
 71
     1
 91
        2
 92
        1
 93
        1
 72
     4
 94
        3
 73
     0
 74
     0
 95
       20
 96
       16
 40
0.0
 40
0.0
 40
0.0
 40
0.0
 40
1.0
 40
1.0
 40
1.0
 40
2.0
 40
2.0
 40
2.0
 40
3.0
 40
3.0
 40
3.0
 40
4.0
 40
4.0
 40
4.0
 40
5.0
 40
5.0
 40
5.0
 40
5.0
 10
2.56944448273215
 20
7.222222329841719
 10
2.576388927280075
 20
7.222222329841719
 10
2.579166705099244
 20
7.212500107474625
 10
2.573611149460905
 20
7.20000010728836
 10
2.56666670491298
 20
7.181944551463756
 10
2.56388892709381
 20
7.181944551463756
 10
2.554166704726715
 20
7.19722232946919
 10
2.547222260178791
 20
7.206944551836285
 10
2.543055593450036
 20
7.227777885480058
 10
2.543055593450036
 20
7.243055663485493
 10
2.544444482359621
 20
7.266666774948437
 10
2.545833371269206
 20
7.266666774948437
 10
2.551388926907546
 20
7.247222330214248
 10
2.554166704726715
 20
7.233333441118398
 10
2.562500038184225
 20
7.222222329841719
 10
2.56944448273215
 20
7.222222329841719
 97
        0
 97
        1
330
AB
 92
        1
 93
        1
 72
     4
 94
        3
 73
     0
 74
     0
 95
       14
 96
       10
 40
0.0
 40
0.0
 40
0.0
 40
0.0
 40
1.0
 40
1.0
 40
1.0
 40
2.0
 40
2.0
 40
2.0
 40
3.0
 40
3.0
 40
3.0
 40
3.0
 10
2.530555593263771
 20
7.275000108405947
 10
2.495833370524147
 20
7.240277885666323
 10
2.523611148715847
 20
7.138888995266622
 10
2.568055593822565
 20
7.138888995266622
 10
2.588888927466339
 20
7.138888995266622
 10
2.611111150019698
 20
7.173611218006246
 10
2.611111150019698
 20
7.205555662926699
 10
2.611111150019698
 20
7.275000108405947
 10
2.568055593822565
 20
7.312500108964741
 10
2.530555593263771
 20
7.275000108405947
 97
        0
 97
        1
330
AC
 75
     2
 76
     1
 98
        1
 10
0.0
 20
0.0
450
        0
451
        0
460
0.0
461
0.0
452
        0
462
0.0
453
        0
470

  0
SPLINE
  5
AE
330
79
100
AcDbEntity
  8
Layer 1
100
AcDbSpline
210
0.0
220
0.0
230
1.0
 70
    11
 71
     3
 72
    17
 73
    13
 74
     0
 42
0.0000000001
 43
0.0000000001
 40
0.0
 40
0.0
 40
0.0
 40
0.0
 40
1.0
 40
1.0
 40
1.0
 40
2.0
 40
2.0
 40
2.0
 40
3.0
 40
3.0
 40
3.0
 40
4.0
 40
4.0
 40
4.0
 40
4.0
 10
2.458333369965354
 20
7.250000108033418
 30
0.0
 10
2.466666703422863
 20
7.234722330027984
 30
0.0
 10
2.476388925789958
 20
7.222222329841719
 30
0.0
 10
2.480555592518713
 20
7.222222329841719
 30
0.0
 10
2.483333370337883
 20
7.222222329841719
 30
0.0
 10
2.480555592518713
 20
7.234722330027984
 30
0.0
 10
2.472222259061203
 20
7.250000108033418
 30
0.0
 10
2.463888925603694
 20
7.265277886038852
 30
0.0
 10
2.454166703236599
 20
7.277777886225116
 30
0.0
 10
2.450000036507844
 20
7.277777886225116
 30
0.0
 10
2.447222258688674
 20
7.277777886225116
 30
0.0
 10
2.450000036507844
 20
7.265277886038852
 30
0.0
 10
2.458333369965354
 20
7.250000108033418
 30
0.0
  0
HATCH
  5
AF
330
79
100
AcDbEntity
  8
Layer 1
 62
    18
420
        0
440
 33554687
100
AcDbHatch
 10
0.0
 20
0.0
 30
0.0
210
0.0
220
0.0
230
1.0
  2
SOLID
 70
     1
 71
     1
 91
        1
 92
        1
 93
        1
 72
     4
 94
        3
 73
     0
 74
     0
 95
       17
 96
       13
 40
0.0
 40
0.0
 40
0.0
 40
0.0
 40
1.0
 40
1.0
 40
1.0
 40
2.0
 40
2.0
 40
2.0
 40
3.0
 40
3.0
 40
3.0
 40
4.0
 40
4.0
 40
4.0
 40
4.0
 10
2.458333369965354
 20
7.250000108033418
 10
2.466666703422863
 20
7.234722330027984
 10
2.476388925789958
 20
7.222222329841719
 10
2.480555592518713
 20
7.222222329841719
 10
2.483333370337883
 20
7.222222329841719
 10
2.480555592518713
 20
7.234722330027984
 10
2.472222259061203
 20
7.250000108033418
 10
2.463888925603694
 20
7.265277886038852
 10
2.454166703236599
 20
7.277777886225116
 10
2.450000036507844
 20
7.277777886225116
 10
2.447222258688674
 20
7.277777886225116
 10
2.450000036507844
 20
7.265277886038852
 10
2.458333369965354
 20
7.250000108033418
 97
        0
 97
        1
330
AE
 75
     2
 76
     1
 98
        1
 10
0.0
 20
0.0
450
        0
451
        0
460
0.0
461
0.0
452
        0
462
0.0
453
        0
470

  0
SPLINE
  5
B0
330
79
100
AcDbEntity
  8
Layer 1
100
AcDbSpline
210
0.0
220
0.0
230
1.0
 70
     9
 71
     3
 72
    14
 73
    10
 74
     0
 42
0.0000000001
 43
0.0000000001
 40
0.0
 40
0.0
 40
0.0
 40
0.0
 40
1.0
 40
1.0
 40
1.0
 40
2.0
 40
2.0
 40
2.0
 40
3.0
 40
3.0
 40
3.0
 40
3.0
 10
2.083333364377419
 20
7.251388996943003
 30
0.0
 10
2.083333364377419
 20
7.243055663485493
 30
0.0
 10
2.088888920015758
 20
7.233333441118398
 30
0.0
 10
2.097222253473268
 20
7.229166774389644
 30
0.0
 10
2.105555586930778
 20
7.225000107660889
 30
0.0
 10
2.106944475840363
 20
7.230555663299228
 30
0.0
 10
2.102777809111608
 20
7.241666774575908
 30
0.0
 10
2.093055586744513
 20
7.266666774948437
 30
0.0
 10
2.083333364377419
 20
7.270833441677192
 30
0.0
 10
2.083333364377419
 20
7.251388996943003
 30
0.0
  0
HATCH
  5
B1
330
79
100
AcDbEntity
  8
Layer 1
 62
    18
420
        0
440
 33554687
100
AcDbHatch
 10
0.0
 20
0.0
 30
0.0
210
0.0
220
0.0
230
1.0
  2
SOLID
 70
     1
 71
     1
 91
        1
 92
        1
 93
        1
 72
     4
 94
        3
 73
     0
 74
     0
 95
       14
 96
       10
 40
0.0
 40
0.0
 40
0.0
 40
0.0
 40
1.0
 40
1.0
 40
1.0
 40
2.0
 40
2.0
 40
2.0
 40
3.0
 40
3.0
 40
3.0
 40
3.0
 10
2.083333364377419
 20
7.251388996943003
 10
2.083333364377419
 20
7.243055663485493
 10
2.088888920015758
 20
7.233333441118398
 10
2.097222253473268
 20
7.229166774389644
 10
2.105555586930778
 20
7.225000107660889
 10
2.106944475840363
 20
7.230555663299228
 10
2.102777809111608
 20
7.241666774575908
 10
2.093055586744513
 20
7.266666774948437
 10
2.083333364377419
 20
7.270833441677192
 10
2.083333364377419
 20
7.251388996943003
 97
        0
 97
        1
330
B0
 75
     2
 76
     1
 98
        1
 10
0.0
 20
0.0
450
        0
451
        0
460
0.0
461
0.0
452
        0
462
0.0
453
        0
470

  0
SPLINE
  5
B2
330
79
100
AcDbEntity
  8
Layer 1
100
AcDbSpline
210
0.0
220
0.0
230
1.0
 70
     9
 71
     3
 72
    29
 73
    25
 74
     0
 42
0.0000000001
 43
0.0000000001
 40
0.0
 40
0.0
 40
0.0
 40
0.0
 40
1.0
 40
1.0
 40
1.0
 40
2.0
 40
2.0
 40
2.0
 40
3.0
 40
3.0
 40
3.0
 40
4.0
 40
4.0
 40
4.0
 40
5.0
 40
5.0
 40
5.0
 40
6.0
 40
6.0
 40
6.0
 40
7.0
 40
7.0
 40
7.0
 40
8.0
 40
8.0
 40
8.0
 40
8.0
 10
3.136111157842808
 20
7.240277885666323
 30
0.0
 10
3.08055560145941
 20
7.212500107474625
 30
0.0
 10
2.994444489065143
 20
7.055555660691525
 30
0.0
 10
3.043055600900616
 20
7.072222327606545
 30
0.0
 10
3.054166712177296
 20
7.076388994335299
 30
0.0
 10
3.063888934544391
 20
7.086111216702394
 30
0.0
 10
3.063888934544391
 20
7.094444550159904
 30
0.0
 10
3.065277823453975
 20
7.104166772526999
 30
0.0
 10
3.06666671236356
 20
7.120833439442018
 30
0.0
 10
3.068055601273145
 20
7.131944550718698
 30
0.0
 10
3.070833379092315
 20
7.166666773458321
 30
0.0
 10
3.090277823826504
 20
7.155555662181641
 30
0.0
 10
3.109722268560694
 20
7.108333439255753
 30
0.0
 10
3.119444490927788
 20
7.083333438883224
 30
0.0
 10
3.130555602204468
 20
7.07083343869696
 30
0.0
 10
3.134722268933223
 20
7.079166772154469
 30
0.0
 10
3.137500046752393
 20
7.088888994521564
 30
0.0
 10
3.131944491114053
 20
7.115277883803678
 30
0.0
 10
3.120833379837373
 20
7.137500106357038
 30
0.0
 10
3.101388935103184
 20
7.176388995825416
 30
0.0
 10
3.102777824012769
 20
7.179166773644586
 30
0.0
 10
3.144444491300317
 20
7.212500107474625
 30
0.0
 10
3.194444492045375
 20
7.254166774762173
 30
0.0
 10
3.19027782531662
 20
7.266666774948437
 30
0.0
 10
3.136111157842808
 20
7.240277885666323
 30
0.0
  0
HATCH
  5
B3
330
79
100
AcDbEntity
  8
Layer 1
 62
    18
420
        0
440
 33554687
100
AcDbHatch
 10
0.0
 20
0.0
 30
0.0
210
0.0
220
0.0
230
1.0
  2
SOLID
 70
     1
 71
     1
 91
        1
 92
        1
 93
        1
 72
     4
 94
        3
 73
     0
 74
     0
 95
       29
 96
       25
 40
0.0
 40
0.0
 40
0.0
 40
0.0
 40
1.0
 40
1.0
 40
1.0
 40
2.0
 40
2.0
 40
2.0
 40
3.0
 40
3.0
 40
3.0
 40
4.0
 40
4.0
 40
4.0
 40
5.0
 40
5.0
 40
5.0
 40
6.0
 40
6.0
 40
6.0
 40
7.0
 40
7.0
 40
7.0
 40
8.0
 40
8.0
 40
8.0
 40
8.0
 10
3.136111157842808
 20
7.240277885666323
 10
3.08055560145941
 20
7.212500107474625
 10
2.994444489065143
 20
7.055555660691525
 10
3.043055600900616
 20
7.072222327606545
 10
3.054166712177296
 20
7.076388994335299
 10
3.063888934544391
 20
7.086111216702394
 10
3.063888934544391
 20
7.094444550159904
 10
3.065277823453975
 20
7.104166772526999
 10
3.06666671236356
 20
7.120833439442018
 10
3.068055601273145
 20
7.131944550718698
 10
3.070833379092315
 20
7.166666773458321
 10
3.090277823826504
 20
7.155555662181641
 10
3.109722268560694
 20
7.108333439255753
 10
3.119444490927788
 20
7.083333438883224
 10
3.130555602204468
 20
7.07083343869696
 10
3.134722268933223
 20
7.079166772154469
 10
3.137500046752393
 20
7.088888994521564
 10
3.131944491114053
 20
7.115277883803678
 10
3.120833379837373
 20
7.137500106357038
 10
3.101388935103184
 20
7.176388995825416
 10
3.102777824012769
 20
7.179166773644586
 10
3.144444491300317
 20
7.212500107474625
 10
3.194444492045375
 20
7.254166774762173
 10
3.19027782531662
 20
7.266666774948437
 10
3.136111157842808
 20
7.240277885666323
 97
        0
 97
        1
330
B2
 75
     2
 76
     1
 98
        1
 10
0.0
 20
0.0
450
        0
451
        0
460
0.0
461
0.0
452
        0
462
0.0
453
        0
470

  0
SPLINE
  5
B4
330
79
100
AcDbEntity
  8
Layer 1
100
AcDbSpline
210
0.0
220
0.0
230
1.0
 70
     9
 71
     3
 72
    17
 73
    13
 74
     0
 42
0.0000000001
 43
0.0000000001
 40
0.0
 40
0.0
 40
0.0
 40
0.0
 40
1.0
 40
1.0
 40
1.0
 40
2.0
 40
2.0
 40
2.0
 40
3.0
 40
3.0
 40
3.0
 40
4.0
 40
4.0
 40
4.0
 40
4.0
 10
1.911111139588885
 20
7.127777883989942
 30
0.0
 10
1.908333361769715
 20
7.122222328351603
 30
0.0
 10
1.916666695227225
 20
7.116666772713263
 30
0.0
 10
1.930555584323075
 20
7.116666772713263
 30
0.0
 10
1.944444473418924
 20
7.116666772713263
 30
0.0
 10
1.952777806876434
 20
7.122222328351603
 30
0.0
 10
1.950000029057264
 20
7.127777883989942
 30
0.0
 10
1.945833362328509
 20
7.133333439628282
 30
0.0
 10
1.937500028870999
 20
7.138888995266622
 30
0.0
 10
1.930555584323075
 20
7.138888995266622
 30
0.0
 10
1.92361113977515
 20
7.138888995266622
 30
0.0
 10
1.91527780631764
 20
7.133333439628282
 30
0.0
 10
1.911111139588885
 20
7.127777883989942
 30
0.0
  0
HATCH
  5
B5
330
79
100
AcDbEntity
  8
Layer 1
 62
    18
420
        0
440
 33554687
100
AcDbHatch
 10
0.0
 20
0.0
 30
0.0
210
0.0
220
0.0
230
1.0
  2
SOLID
 70
     1
 71
     1
 91
        1
 92
        1
 93
        1
 72
     4
 94
        3
 73
     0
 74
     0
 95
       17
 96
       13
 40
0.0
 40
0.0
 40
0.0
 40
0.0
 40
1.0
 40
1.0
 40
1.0
 40
2.0
 40
2.0
 40
2.0
 40
3.0
 40
3.0
 40
3.0
 40
4.0
 40
4.0
 40
4.0
 40
4.0
 10
1.911111139588885
 20
7.127777883989942
 10
1.908333361769715
 20
7.122222328351603
 10
1.916666695227225
 20
7.116666772713263
 10
1.930555584323075
 20
7.116666772713263
 10
1.944444473418924
 20
7.116666772713263
 10
1.952777806876434
 20
7.122222328351603
 10
1.950000029057264
 20
7.127777883989942
 10
1.945833362328509
 20
7.133333439628282
 10
1.937500028870999
 20
7.138888995266622
 10
1.930555584323075
 20
7.138888995266622
 10
1.92361113977515
 20
7.138888995266622
 10
1.91527780631764
 20
7.133333439628282
 10
1.911111139588885
 20
7.127777883989942
 97
        0
 97
        1
330
B4
 75
     2
 76
     1
 98
        1
 10
0.0
 20
0.0
450
        0
451
        0
460
0.0
461
0.0
452
        0
462
0.0
453
        0
470

  0
SPLINE
  5
B6
330
79
100
AcDbEntity
  8
Layer 1
100
AcDbSpline
210
0.0
220
0.0
230
1.0
 70
     9
 71
     3
 72
    14
 73
    10
 74
     0
 42
0.0000000001
 43
0.0000000001
 40
0.0
 40
0.0
 40
0.0
 40
0.0
 40
1.0
 40
1.0
 40
1.0
 40
2.0
 40
2.0
 40
2.0
 40
3.0
 40
3.0
 40
3.0
 40
3.0
 10
3.676388943671351
 20
7.123611217261188
 30
0.0
 10
3.686111166038446
 20
7.113888994894093
 30
0.0
 10
3.697222277315126
 20
7.109722328165339
 30
0.0
 10
3.70138894404388
 20
7.113888994894093
 30
0.0
 10
3.705555610772635
 20
7.118055661622848
 30
0.0
 10
3.698611166224711
 20
7.126388995080358
 30
0.0
 10
3.684722277128861
 20
7.130555661809112
 30
0.0
 10
3.665277832394672
 20
7.138888995266622
 30
0.0
 10
3.663888943485087
 20
7.137500106357038
 30
0.0
 10
3.676388943671351
 20
7.123611217261188
 30
0.0
  0
HATCH
  5
B7
330
79
100
AcDbEntity
  8
Layer 1
 62
    18
420
        0
440
 33554687
100
AcDbHatch
 10
0.0
 20
0.0
 30
0.0
210
0.0
220
0.0
230
1.0
  2
SOLID
 70
     1
 71
     1
 91
        1
 92
        1
 93
        1
 72
     4
 94
        3
 73
     0
 74
     0
 95
       14
 96
       10
 40
0.0
 40
0.0
 40
0.0
 40
0.0
 40
1.0
 40
1.0
 40
1.0
 40
2.0
 40
2.0
 40
2.0
 40
3.0
 40
3.0
 40
3.0
 40
3.0
 10
3.676388943671351
 20
7.123611217261188
 10
3.686111166038446
 20
7.113888994894093
 10
3.697222277315126
 20
7.109722328165339
 10
3.70138894404388
 20
7.113888994894093
 10
3.705555610772635
 20
7.118055661622848
 10
3.698611166224711
 20
7.126388995080358
 10
3.684722277128861
 20
7.130555661809112
 10
3.665277832394672
 20
7.138888995266622
 10
3.663888943485087
 20
7.137500106357038
 10
3.676388943671351
 20
7.123611217261188
 97
        0
 97
        1
330
B6
 75
     2
 76
     1
 98
        1
 10
0.0
 20
0.0
450
        0
451
        0
460
0.0
461
0.0
452
        0
462
0.0
453
        0
470

  0
SPLINE
  5
B8
330
79
100
AcDbEntity
  8
Layer 1
100
AcDbSpline
210
0.0
220
0.0
230
1.0
 70
     9
 71
     3
 72
    14
 73
    10
 74
     0
 42
0.0000000001
 43
0.0000000001
 40
0.0
 40
0.0
 40
0.0
 40
0.0
 40
1.0
 40
1.0
 40
1.0
 40
2.0
 40
2.0
 40
2.0
 40
3.0
 40
3.0
 40
3.0
 40
3.0
 10
3.312500049360096
 20
7.112500105984508
 30
0.0
 10
3.308333382631341
 20
7.105555661436583
 30
0.0
 10
3.309722271540926
 20
7.095833439069489
 30
0.0
 10
3.31666671608885
 20
7.091666772340734
 30
0.0
 10
3.323611160636775
 20
7.087500105611979
 30
0.0
 10
3.329166716275115
 20
7.093055661250319
 30
0.0
 10
3.329166716275115
 20
7.104166772526999
 30
0.0
 10
3.329166716275115
 20
7.127777883989942
 30
0.0
 10
3.32500004954636
 20
7.130555661809112
 30
0.0
 10
3.312500049360096
 20
7.112500105984508
 30
0.0
  0
HATCH
  5
B9
330
79
100
AcDbEntity
  8
Layer 1
 62
    18
420
        0
440
 33554687
100
AcDbHatch
 10
0.0
 20
0.0
 30
0.0
210
0.0
220
0.0
230
1.0
  2
SOLID
 70
     1
 71
     1
 91
        1
 92
        1
 93
        1
 72
     4
 94
        3
 73
     0
 74
     0
 95
       14
 96
       10
 40
0.0
 40
0.0
 40
0.0
 40
0.0
 40
1.0
 40
1.0
 40
1.0
 40
2.0
 40
2.0
 40
2.0
 40
3.0
 40
3.0
 40
3.0
 40
3.0
 10
3.312500049360096
 20
7.112500105984508
 10
3.308333382631341
 20
7.105555661436583
 10
3.309722271540926
 20
7.095833439069489
 10
3.31666671608885
 20
7.091666772340734
 10
3.323611160636775
 20
7.087500105611979
 10
3.329166716275115
 20
7.093055661250319
 10
3.329166716275115
 20
7.104166772526999
 10
3.329166716275115
 20
7.127777883989942
 10
3.32500004954636
 20
7.130555661809112
 10
3.312500049360096
 20
7.112500105984508
 97
        0
 97
        1
330
B8
 75
     2
 76
     1
 98
        1
 10
0.0
 20
0.0
450
        0
451
        0
460
0.0
461
0.0
452
        0
462
0.0
453
        0
470

  0
SPLINE
  5
BA
330
79
100
AcDbEntity
  8
Layer 1
100
AcDbSpline
210
0.0
220
0.0
230
1.0
 70
     9
 71
     3
 72
    14
 73
    10
 74
     0
 42
0.0000000001
 43
0.0000000001
 40
0.0
 40
0.0
 40
0.0
 40
0.0
 40
1.0
 40
1.0
 40
1.0
 40
2.0
 40
2.0
 40
2.0
 40
3.0
 40
3.0
 40
3.0
 40
3.0
 10
2.215277810787989
 20
7.05416677178194
 30
0.0
 10
2.220833366426328
 20
7.04583343832443
 30
0.0
 10
2.222222255335913
 20
7.037500104866921
 30
0.0
 10
2.218055588607158
 20
7.033333438138166
 30
0.0
 10
2.208333366240064
 20
7.023611215771071
 30
0.0
 10
2.166666698952515
 20
7.04305566050526
 30
0.0
 10
2.166666698952515
 20
7.05694454960111
 30
0.0
 10
2.166666698952515
 20
7.075000105425715
 30
0.0
 10
2.204166699511309
 20
7.072222327606545
 30
0.0
 10
2.215277810787989
 20
7.05416677178194
 30
0.0
  0
SPLINE
  5
BB
330
79
100
AcDbEntity
  8
Layer 1
100
AcDbSpline
210
0.0
220
0.0
230
1.0
 70
     9
 71
     3
 72
    17
 73
    13
 74
     0
 42
0.0000000001
 43
0.0000000001
 40
0.0
 40
0.0
 40
0.0
 40
0.0
 40
1.0
 40
1.0
 40
1.0
 40
2.0
 40
2.0
 40
2.0
 40
3.0
 40
3.0
 40
3.0
 40
4.0
 40
4.0
 40
4.0
 40
4.0
 10
2.148611143127911
 20
7.087500105611979
 30
0.0
 10
2.130555587303307
 20
7.07083343869696
 30
0.0
 10
2.138888920760817
 20
7.030555660318996
 30
0.0
 10
2.161111143314176
 20
7.022222326861487
 30
0.0
 10
2.186111143686705
 20
7.012500104494392
 30
0.0
 10
2.250000033527612
 20
7.011111215584807
 30
0.0
 10
2.250000033527612
 20
7.020833437951901
 30
0.0
 10
2.250000033527612
 20
7.023611215771071
 30
0.0
 10
2.243055588979687
 20
7.04305566050526
 30
0.0
 10
2.233333366612593
 20
7.06250010523945
 30
0.0
 10
2.218055588607158
 20
7.095833439069489
 30
0.0
 10
2.17083336568127
 20
7.109722328165339
 30
0.0
 10
2.148611143127911
 20
7.087500105611979
 30
0.0
  0
HATCH
  5
BC
330
79
100
AcDbEntity
  8
Layer 1
 62
    18
420
        0
440
 33554687
100
AcDbHatch
 10
0.0
 20
0.0
 30
0.0
210
0.0
220
0.0
230
1.0
  2
SOLID
 70
     1
 71
     1
 91
        2
 92
        1
 93
        1
 72
     4
 94
        3
 73
     0
 74
     0
 95
       14
 96
       10
 40
0.0
 40
0.0
 40
0.0
 40
0.0
 40
1.0
 40
1.0
 40
1.0
 40
2.0
 40
2.0
 40
2.0
 40
3.0
 40
3.0
 40
3.0
 40
3.0
 10
2.215277810787989
 20
7.05416677178194
 10
2.220833366426328
 20
7.04583343832443
 10
2.222222255335913
 20
7.037500104866921
 10
2.218055588607158
 20
7.033333438138166
 10
2.208333366240064
 20
7.023611215771071
 10
2.166666698952515
 20
7.04305566050526
 10
2.166666698952515
 20
7.05694454960111
 10
2.166666698952515
 20
7.075000105425715
 10
2.204166699511309
 20
7.072222327606545
 10
2.215277810787989
 20
7.05416677178194
 97
        0
 97
        1
330
BA
 92
        1
 93
        1
 72
     4
 94
        3
 73
     0
 74
     0
 95
       17
 96
       13
 40
0.0
 40
0.0
 40
0.0
 40
0.0
 40
1.0
 40
1.0
 40
1.0
 40
2.0
 40
2.0
 40
2.0
 40
3.0
 40
3.0
 40
3.0
 40
4.0
 40
4.0
 40
4.0
 40
4.0
 10
2.148611143127911
 20
7.087500105611979
 10
2.130555587303307
 20
7.07083343869696
 10
2.138888920760817
 20
7.030555660318996
 10
2.161111143314176
 20
7.022222326861487
 10
2.186111143686705
 20
7.012500104494392
 10
2.250000033527612
 20
7.011111215584807
 10
2.250000033527612
 20
7.020833437951901
 10
2.250000033527612
 20
7.023611215771071
 10
2.243055588979687
 20
7.04305566050526
 10
2.233333366612593
 20
7.06250010523945
 10
2.218055588607158
 20
7.095833439069489
 10
2.17083336568127
 20
7.109722328165339
 10
2.148611143127911
 20
7.087500105611979
 97
        0
 97
        1
330
BB
 75
     2
 76
     1
 98
        1
 10
0.0
 20
0.0
450
        0
451
        0
460
0.0
461
0.0
452
        0
462
0.0
453
        0
470

  0
SPLINE
  5
BD
330
79
100
AcDbEntity
  8
Layer 1
100
AcDbSpline
210
0.0
220
0.0
230
1.0
 70
     9
 71
     3
 72
    32
 73
    28
 74
     0
 42
0.0000000001
 43
0.0000000001
 40
0.0
 40
0.0
 40
0.0
 40
0.0
 40
1.0
 40
1.0
 40
1.0
 40
2.0
 40
2.0
 40
2.0
 40
3.0
 40
3.0
 40
3.0
 40
4.0
 40
4.0
 40
4.0
 40
5.0
 40
5.0
 40
5.0
 40
6.0
 40
6.0
 40
6.0
 40
7.0
 40
7.0
 40
7.0
 40
8.0
 40
8.0
 40
8.0
 40
9.0
 40
9.0
 40
9.0
 40
9.0
 10
2.408333369220296
 20
6.966666770478089
 30
0.0
 10
2.43750003632158
 20
6.943055659015144
 30
0.0
 10
2.42361114722573
 20
6.93611121446722
 30
0.0
 10
2.388888924486107
 20
6.958333437020579
 30
0.0
 10
2.376388924299842
 20
6.966666770478089
 30
0.0
 10
2.361111146294408
 20
6.965277881568503
 30
0.0
 10
2.348611146108143
 20
6.954166770291824
 30
0.0
 10
2.337500034831464
 20
6.94444454792473
 30
0.0
 10
2.331944479193124
 20
6.94444454792473
 30
0.0
 10
2.337500034831464
 20
6.952777881382239
 30
0.0
 10
2.345833368288973
 20
6.966666770478089
 30
0.0
 10
2.194444477144214
 20
6.955555659201409
 30
0.0
 10
2.134722254032062
 20
6.93611121446722
 30
0.0
 10
2.116666698207457
 20
6.93055565882888
 30
0.0
 10
2.111111142569118
 20
6.93333343664805
 30
0.0
 10
2.116666698207457
 20
6.943055659015144
 30
0.0
 10
2.123611142755382
 20
6.952777881382239
 30
0.0
 10
2.118055587117042
 20
6.954166770291824
 30
0.0
 10
2.104166698021193
 20
6.948611214653484
 30
0.0
 10
2.05277780836655
 20
6.929166769919295
 30
0.0
 10
2.120833364936212
 20
6.920833436461785
 30
0.0
 10
2.269444478261801
 20
6.926388992100125
 30
0.0
 10
2.43194448068324
 20
6.934722325557635
 30
0.0
 10
2.468055592332448
 20
6.945833436834314
 30
0.0
 10
2.41527781376822
 20
6.972222326116429
 30
0.0
 10
2.383333368847767
 20
6.987500104121863
 30
0.0
 10
2.383333368847767
 20
6.986111215212278
 30
0.0
 10
2.408333369220296
 20
6.966666770478089
 30
0.0
  0
HATCH
  5
BE
330
79
100
AcDbEntity
  8
Layer 1
 62
    18
420
        0
440
 33554687
100
AcDbHatch
 10
0.0
 20
0.0
 30
0.0
210
0.0
220
0.0
230
1.0
  2
SOLID
 70
     1
 71
     1
 91
        1
 92
        1
 93
        1
 72
     4
 94
        3
 73
     0
 74
     0
 95
       32
 96
       28
 40
0.0
 40
0.0
 40
0.0
 40
0.0
 40
1.0
 40
1.0
 40
1.0
 40
2.0
 40
2.0
 40
2.0
 40
3.0
 40
3.0
 40
3.0
 40
4.0
 40
4.0
 40
4.0
 40
5.0
 40
5.0
 40
5.0
 40
6.0
 40
6.0
 40
6.0
 40
7.0
 40
7.0
 40
7.0
 40
8.0
 40
8.0
 40
8.0
 40
9.0
 40
9.0
 40
9.0
 40
9.0
 10
2.408333369220296
 20
6.966666770478089
 10
2.43750003632158
 20
6.943055659015144
 10
2.42361114722573
 20
6.93611121446722
 10
2.388888924486107
 20
6.958333437020579
 10
2.376388924299842
 20
6.966666770478089
 10
2.361111146294408
 20
6.965277881568503
 10
2.348611146108143
 20
6.954166770291824
 10
2.337500034831464
 20
6.94444454792473
 10
2.331944479193124
 20
6.94444454792473
 10
2.337500034831464
 20
6.952777881382239
 10
2.345833368288973
 20
6.966666770478089
 10
2.194444477144214
 20
6.955555659201409
 10
2.134722254032062
 20
6.93611121446722
 10
2.116666698207457
 20
6.93055565882888
 10
2.111111142569118
 20
6.93333343664805
 10
2.116666698207457
 20
6.943055659015144
 10
2.123611142755382
 20
6.952777881382239
 10
2.118055587117042
 20
6.954166770291824
 10
2.104166698021193
 20
6.948611214653484
 10
2.05277780836655
 20
6.929166769919295
 10
2.120833364936212
 20
6.920833436461785
 10
2.269444478261801
 20
6.926388992100125
 10
2.43194448068324
 20
6.934722325557635
 10
2.468055592332448
 20
6.945833436834314
 10
2.41527781376822
 20
6.972222326116429
 10
2.383333368847767
 20
6.987500104121863
 10
2.383333368847767
 20
6.986111215212278
 10
2.408333369220296
 20
6.966666770478089
 97
        0
 97
        1
330
BD
 75
     2
 76
     1
 98
        1
 10
0.0
 20
0.0
450
        0
451
        0
460
0.0
461
0.0
452
        0
462
0.0
453
        0
470

  0
SPLINE
  5
BF
330
79
100
AcDbEntity
  8
Layer 1
100
AcDbSpline
210
0.0
220
0.0
230
1.0
 70
    11
 71
     3
 72
    26
 73
    22
 74
     0
 42
0.0000000001
 43
0.0000000001
 40
0.0
 40
0.0
 40
0.0
 40
0.0
 40
1.0
 40
1.0
 40
1.0
 40
2.0
 40
2.0
 40
2.0
 40
3.0
 40
3.0
 40
3.0
 40
4.0
 40
4.0
 40
4.0
 40
5.0
 40
5.0
 40
5.0
 40
6.0
 40
6.0
 40
6.0
 40
7.0
 40
7.0
 40
7.0
 40
7.0
 10
2.138888920760817
 20
6.840277879705858
 30
0.0
 10
2.143055587489571
 20
6.840277879705858
 30
0.0
 10
2.158333365495006
 20
6.833333435157934
 30
0.0
 10
2.172222254590855
 20
6.823611212790839
 30
0.0
 10
2.197222254963384
 20
6.80972232369499
 30
0.0
 10
2.197222254963384
 20
6.808333434785405
 30
0.0
 10
2.166666698952515
 20
6.791666767870386
 30
0.0
 10
2.137500031851232
 20
6.776388989864951
 30
0.0
 10
2.136111142941647
 20
6.777777878774536
 30
0.0
 10
2.144444476399156
 20
6.800000101327896
 30
0.0
 10
2.150000032037496
 20
6.813888990423745
 30
0.0
 10
2.150000032037496
 20
6.820833434971669
 30
0.0
 10
2.144444476399156
 20
6.815277879333329
 30
0.0
 10
2.133333365122477
 20
6.80416676805665
 30
0.0
 10
2.097222253473268
 20
6.830555657338764
 30
0.0
 10
2.097222253473268
 20
6.850000102072954
 30
0.0
 10
2.097222253473268
 20
6.856944546620878
 30
0.0
 10
2.105555586930778
 20
6.858333435530463
 30
0.0
 10
2.115277809297873
 20
6.851388990982538
 30
0.0
 10
2.123611142755382
 20
6.845833435344198
 30
0.0
 10
2.134722254032062
 20
6.840277879705858
 30
0.0
 10
2.138888920760817
 20
6.840277879705858
 30
0.0
  0
SPLINE
  5
C0
330
79
100
AcDbEntity
  8
Layer 1
100
AcDbSpline
210
0.0
220
0.0
230
1.0
 70
     9
 71
     3
 72
    17
 73
    13
 74
     0
 42
0.0000000001
 43
0.0000000001
 40
0.0
 40
0.0
 40
0.0
 40
0.0
 40
1.0
 40
1.0
 40
1.0
 40
2.0
 40
2.0
 40
2.0
 40
3.0
 40
3.0
 40
3.0
 40
4.0
 40
4.0
 40
4.0
 40
4.0
 10
2.43750003632158
 20
6.861111213349633
 30
0.0
 10
2.441666703050334
 20
6.854166768801708
 30
0.0
 10
2.438888925231165
 20
6.847222324253784
 30
0.0
 10
2.43194448068324
 20
6.847222324253784
 30
0.0
 10
2.42361114722573
 20
6.847222324253784
 30
0.0
 10
2.416666702677805
 20
6.854166768801708
 30
0.0
 10
2.416666702677805
 20
6.861111213349633
 30
0.0
 10
2.416666702677805
 20
6.869444546807143
 30
0.0
 10
2.419444480496975
 20
6.875000102445483
 30
0.0
 10
2.422222258316145
 20
6.875000102445483
 30
0.0
 10
2.4263889250449
 20
6.875000102445483
 30
0.0
 10
2.433333369592825
 20
6.869444546807143
 30
0.0
 10
2.43750003632158
 20
6.861111213349633
 30
0.0
  0
SPLINE
  5
C1
330
79
100
AcDbEntity
  8
Layer 1
100
AcDbSpline
210
0.0
220
0.0
230
1.0
 70
     9
 71
     3
 72
    44
 73
    40
 74
     0
 42
0.0000000001
 43
0.0000000001
 40
0.0
 40
0.0
 40
0.0
 40
0.0
 40
1.0
 40
1.0
 40
1.0
 40
2.0
 40
2.0
 40
2.0
 40
3.0
 40
3.0
 40
3.0
 40
4.0
 40
4.0
 40
4.0
 40
5.0
 40
5.0
 40
5.0
 40
6.0
 40
6.0
 40
6.0
 40
7.0
 40
7.0
 40
7.0
 40
8.0
 40
8.0
 40
8.0
 40
9.0
 40
9.0
 40
9.0
 40
10.0
 40
10.0
 40
10.0
 40
11.0
 40
11.0
 40
11.0
 40
12.0
 40
12.0
 40
12.0
 40
13.0
 40
13.0
 40
13.0
 40
13.0
 10
2.393055591214861
 20
6.886111213722162
 30
0.0
 10
2.325000034645199
 20
6.844444546434614
 30
0.0
 10
2.206944477330479
 20
6.837500101886689
 30
0.0
 10
2.150000032037496
 20
6.870833435716727
 30
0.0
 10
2.076388919829494
 20
6.913888991913861
 30
0.0
 10
2.05000003054738
 20
6.890277880450916
 30
0.0
 10
2.086111142196588
 20
6.813888990423745
 30
0.0
 10
2.116666698207457
 20
6.745833433854082
 30
0.0
 10
2.261111144804292
 20
6.704166766566534
 30
0.0
 10
2.354166701746483
 20
6.733333433667818
 30
0.0
 10
2.398611146853201
 20
6.748611211673252
 30
0.0
 10
2.43750003632158
 20
6.775000100955367
 30
0.0
 10
2.42916670286407
 20
6.784722323322461
 30
0.0
 10
2.42361114722573
 20
6.788888990051216
 30
0.0
 10
2.398611146853201
 20
6.780555656593706
 30
0.0
 10
2.373611146480672
 20
6.765277878588271
 30
0.0
 10
2.326388923554784
 20
6.736111211486988
 30
0.0
 10
2.252777811346782
 20
6.729166766939063
 30
0.0
 10
2.204166699511309
 20
6.748611211673252
 30
0.0
 10
2.180555588048365
 20
6.756944545130762
 30
0.0
 10
2.180555588048365
 20
6.759722322949932
 30
0.0
 10
2.200000032782554
 20
6.776388989864951
 30
0.0
 10
2.212500032968819
 20
6.786111212232046
 30
0.0
 10
2.219444477516743
 20
6.800000101327896
 30
0.0
 10
2.215277810787989
 20
6.805555656966235
 30
0.0
 10
2.211111144059234
 20
6.811111212604575
 30
0.0
 10
2.216666699697573
 20
6.815277879333329
 30
0.0
 10
2.226388922064668
 20
6.815277879333329
 30
0.0
 10
2.234722255522178
 20
6.813888990423745
 30
0.0
 10
2.269444478261801
 20
6.818055657152499
 30
0.0
 10
2.301388923182255
 20
6.823611212790839
 30
0.0
 10
2.334722257012294
 20
6.830555657338764
 30
0.0
 10
2.379166702119012
 20
6.829166768429179
 30
0.0
 10
2.409722258129881
 20
6.820833434971669
 30
0.0
 10
2.466666703422863
 20
6.805555656966235
 30
0.0
 10
2.481944481428298
 20
6.820833434971669
 30
0.0
 10
2.466666703422863
 20
6.881944546993407
 30
0.0
 10
2.456944481055769
 20
6.922222325371371
 30
0.0
 10
2.451388925417429
 20
6.923611214280955
 30
0.0
 10
2.393055591214861
 20
6.886111213722162
 30
0.0
  0
HATCH
  5
C2
330
79
100
AcDbEntity
  8
Layer 1
 62
    18
420
        0
440
 33554687
100
AcDbHatch
 10
0.0
 20
0.0
 30
0.0
210
0.0
220
0.0
230
1.0
  2
SOLID
 70
     1
 71
     1
 91
        3
 92
        1
 93
        1
 72
     4
 94
        3
 73
     0
 74
     0
 95
       26
 96
       22
 40
0.0
 40
0.0
 40
0.0
 40
0.0
 40
1.0
 40
1.0
 40
1.0
 40
2.0
 40
2.0
 40
2.0
 40
3.0
 40
3.0
 40
3.0
 40
4.0
 40
4.0
 40
4.0
 40
5.0
 40
5.0
 40
5.0
 40
6.0
 40
6.0
 40
6.0
 40
7.0
 40
7.0
 40
7.0
 40
7.0
 10
2.138888920760817
 20
6.840277879705858
 10
2.143055587489571
 20
6.840277879705858
 10
2.158333365495006
 20
6.833333435157934
 10
2.172222254590855
 20
6.823611212790839
 10
2.197222254963384
 20
6.80972232369499
 10
2.197222254963384
 20
6.808333434785405
 10
2.166666698952515
 20
6.791666767870386
 10
2.137500031851232
 20
6.776388989864951
 10
2.136111142941647
 20
6.777777878774536
 10
2.144444476399156
 20
6.800000101327896
 10
2.150000032037496
 20
6.813888990423745
 10
2.150000032037496
 20
6.820833434971669
 10
2.144444476399156
 20
6.815277879333329
 10
2.133333365122477
 20
6.80416676805665
 10
2.097222253473268
 20
6.830555657338764
 10
2.097222253473268
 20
6.850000102072954
 10
2.097222253473268
 20
6.856944546620878
 10
2.105555586930778
 20
6.858333435530463
 10
2.115277809297873
 20
6.851388990982538
 10
2.123611142755382
 20
6.845833435344198
 10
2.134722254032062
 20
6.840277879705858
 10
2.138888920760817
 20
6.840277879705858
 97
        0
 97
        1
330
BF
 92
        1
 93
        1
 72
     4
 94
        3
 73
     0
 74
     0
 95
       17
 96
       13
 40
0.0
 40
0.0
 40
0.0
 40
0.0
 40
1.0
 40
1.0
 40
1.0
 40
2.0
 40
2.0
 40
2.0
 40
3.0
 40
3.0
 40
3.0
 40
4.0
 40
4.0
 40
4.0
 40
4.0
 10
2.43750003632158
 20
6.861111213349633
 10
2.441666703050334
 20
6.854166768801708
 10
2.438888925231165
 20
6.847222324253784
 10
2.43194448068324
 20
6.847222324253784
 10
2.42361114722573
 20
6.847222324253784
 10
2.416666702677805
 20
6.854166768801708
 10
2.416666702677805
 20
6.861111213349633
 10
2.416666702677805
 20
6.869444546807143
 10
2.419444480496975
 20
6.875000102445483
 10
2.422222258316145
 20
6.875000102445483
 10
2.4263889250449
 20
6.875000102445483
 10
2.433333369592825
 20
6.869444546807143
 10
2.43750003632158
 20
6.861111213349633
 97
        0
 97
        1
330
C0
 92
        1
 93
        1
 72
     4
 94
        3
 73
     0
 74
     0
 95
       44
 96
       40
 40
0.0
 40
0.0
 40
0.0
 40
0.0
 40
1.0
 40
1.0
 40
1.0
 40
2.0
 40
2.0
 40
2.0
 40
3.0
 40
3.0
 40
3.0
 40
4.0
 40
4.0
 40
4.0
 40
5.0
 40
5.0
 40
5.0
 40
6.0
 40
6.0
 40
6.0
 40
7.0
 40
7.0
 40
7.0
 40
8.0
 40
8.0
 40
8.0
 40
9.0
 40
9.0
 40
9.0
 40
10.0
 40
10.0
 40
10.0
 40
11.0
 40
11.0
 40
11.0
 40
12.0
 40
12.0
 40
12.0
 40
13.0
 40
13.0
 40
13.0
 40
13.0
 10
2.393055591214861
 20
6.886111213722162
 10
2.325000034645199
 20
6.844444546434614
 10
2.206944477330479
 20
6.837500101886689
 10
2.150000032037496
 20
6.870833435716727
 10
2.076388919829494
 20
6.913888991913861
 10
2.05000003054738
 20
6.890277880450916
 10
2.086111142196588
 20
6.813888990423745
 10
2.116666698207457
 20
6.745833433854082
 10
2.261111144804292
 20
6.704166766566534
 10
2.354166701746483
 20
6.733333433667818
 10
2.398611146853201
 20
6.748611211673252
 10
2.43750003632158
 20
6.775000100955367
 10
2.42916670286407
 20
6.784722323322461
 10
2.42361114722573
 20
6.788888990051216
 10
2.398611146853201
 20
6.780555656593706
 10
2.373611146480672
 20
6.765277878588271
 10
2.326388923554784
 20
6.736111211486988
 10
2.252777811346782
 20
6.729166766939063
 10
2.204166699511309
 20
6.748611211673252
 10
2.180555588048365
 20
6.756944545130762
 10
2.180555588048365
 20
6.759722322949932
 10
2.200000032782554
 20
6.776388989864951
 10
2.212500032968819
 20
6.786111212232046
 10
2.219444477516743
 20
6.800000101327896
 10
2.215277810787989
 20
6.805555656966235
 10
2.211111144059234
 20
6.811111212604575
 10
2.216666699697573
 20
6.815277879333329
 10
2.226388922064668
 20
6.815277879333329
 10
2.234722255522178
 20
6.813888990423745
 10
2.269444478261801
 20
6.818055657152499
 10
2.301388923182255
 20
6.823611212790839
 10
2.334722257012294
 20
6.830555657338764
 10
2.379166702119012
 20
6.829166768429179
 10
2.409722258129881
 20
6.820833434971669
 10
2.466666703422863
 20
6.805555656966235
 10
2.481944481428298
 20
6.820833434971669
 10
2.466666703422863
 20
6.881944546993407
 10
2.456944481055769
 20
6.922222325371371
 10
2.451388925417429
 20
6.923611214280955
 10
2.393055591214861
 20
6.886111213722162
 97
        0
 97
        1
330
C1
 75
     2
 76
     1
 98
        1
 10
0.0
 20
0.0
450
        0
451
        0
460
0.0
461
0.0
452
        0
462
0.0
453
        0
470

  0
SPLINE
  5
C3
330
79
100
AcDbEntity
  8
Layer 1
100
AcDbSpline
210
0.0
220
0.0
230
1.0
 70
    11
 71
     3
 72
    14
 73
    10
 74
     0
 42
0.0000000001
 43
0.0000000001
 40
0.0
 40
0.0
 40
0.0
 40
0.0
 40
1.0
 40
1.0
 40
1.0
 40
2.0
 40
2.0
 40
2.0
 40
3.0
 40
3.0
 40
3.0
 40
3.0
 10
3.118055602018203
 20
6.902777880637181
 30
0.0
 10
3.113888935289448
 20
6.894444547179672
 30
0.0
 10
3.119444490927788
 20
6.893055658270086
 30
0.0
 10
3.130555602204468
 20
6.897222324998842
 30
0.0
 10
3.155555602576997
 20
6.906944547365936
 30
0.0
 10
3.159722269305752
 20
6.916666769733031
 30
0.0
 10
3.140277824571562
 20
6.916666769733031
 30
0.0
 10
3.131944491114053
 20
6.916666769733031
 30
0.0
 10
3.122222268746958
 20
6.911111214094691
 30
0.0
 10
3.118055602018203
 20
6.902777880637181
 30
0.0
  0
HATCH
  5
C4
330
79
100
AcDbEntity
  8
Layer 1
 62
    18
420
        0
440
 33554687
100
AcDbHatch
 10
0.0
 20
0.0
 30
0.0
210
0.0
220
0.0
230
1.0
  2
SOLID
 70
     1
 71
     1
 91
        1
 92
        1
 93
        1
 72
     4
 94
        3
 73
     0
 74
     0
 95
       14
 96
       10
 40
0.0
 40
0.0
 40
0.0
 40
0.0
 40
1.0
 40
1.0
 40
1.0
 40
2.0
 40
2.0
 40
2.0
 40
3.0
 40
3.0
 40
3.0
 40
3.0
 10
3.118055602018203
 20
6.902777880637181
 10
3.113888935289448
 20
6.894444547179672
 10
3.119444490927788
 20
6.893055658270086
 10
3.130555602204468
 20
6.897222324998842
 10
3.155555602576997
 20
6.906944547365936
 10
3.159722269305752
 20
6.916666769733031
 10
3.140277824571562
 20
6.916666769733031
 10
3.131944491114053
 20
6.916666769733031
 10
3.122222268746958
 20
6.911111214094691
 10
3.118055602018203
 20
6.902777880637181
 97
        0
 97
        1
330
C3
 75
     2
 76
     1
 98
        1
 10
0.0
 20
0.0
450
        0
451
        0
460
0.0
461
0.0
452
        0
462
0.0
453
        0
470

  0
SPLINE
  5
C5
330
79
100
AcDbEntity
  8
Layer 1
100
AcDbSpline
210
0.0
220
0.0
230
1.0
 70
    11
 71
     3
 72
    17
 73
    13
 74
     0
 42
0.0000000001
 43
0.0000000001
 40
0.0
 40
0.0
 40
0.0
 40
0.0
 40
1.0
 40
1.0
 40
1.0
 40
2.0
 40
2.0
 40
2.0
 40
3.0
 40
3.0
 40
3.0
 40
4.0
 40
4.0
 40
4.0
 40
4.0
 10
2.972222266511784
 20
6.819444546062085
 30
0.0
 10
2.980555599969294
 20
6.80416676805665
 30
0.0
 10
2.990277822336388
 20
6.791666767870386
 30
0.0
 10
2.994444489065143
 20
6.791666767870386
 30
0.0
 10
2.997222266884313
 20
6.791666767870386
 30
0.0
 10
2.994444489065143
 20
6.80416676805665
 30
0.0
 10
2.986111155607634
 20
6.819444546062085
 30
0.0
 10
2.977777822150124
 20
6.834722324067519
 30
0.0
 10
2.968055599783029
 20
6.847222324253784
 30
0.0
 10
2.963888933054274
 20
6.847222324253784
 30
0.0
 10
2.961111155235105
 20
6.847222324253784
 30
0.0
 10
2.963888933054274
 20
6.834722324067519
 30
0.0
 10
2.972222266511784
 20
6.819444546062085
 30
0.0
  0
HATCH
  5
C6
330
79
100
AcDbEntity
  8
Layer 1
 62
    18
420
        0
440
 33554687
100
AcDbHatch
 10
0.0
 20
0.0
 30
0.0
210
0.0
220
0.0
230
1.0
  2
SOLID
 70
     1
 71
     1
 91
        1
 92
        1
 93
        1
 72
     4
 94
        3
 73
     0
 74
     0
 95
       17
 96
       13
 40
0.0
 40
0.0
 40
0.0
 40
0.0
 40
1.0
 40
1.0
 40
1.0
 40
2.0
 40
2.0
 40
2.0
 40
3.0
 40
3.0
 40
3.0
 40
4.0
 40
4.0
 40
4.0
 40
4.0
 10
2.972222266511784
 20
6.819444546062085
 10
2.980555599969294
 20
6.80416676805665
 10
2.990277822336388
 20
6.791666767870386
 10
2.994444489065143
 20
6.791666767870386
 10
2.997222266884313
 20
6.791666767870386
 10
2.994444489065143
 20
6.80416676805665
 10
2.986111155607634
 20
6.819444546062085
 10
2.977777822150124
 20
6.834722324067519
 10
2.968055599783029
 20
6.847222324253784
 10
2.963888933054274
 20
6.847222324253784
 10
2.961111155235105
 20
6.847222324253784
 10
2.963888933054274
 20
6.834722324067519
 10
2.972222266511784
 20
6.819444546062085
 97
        0
 97
        1
330
C5
 75
     2
 76
     1
 98
        1
 10
0.0
 20
0.0
450
        0
451
        0
460
0.0
461
0.0
452
        0
462
0.0
453
        0
470

  0
SPLINE
  5
C7
330
79
100
AcDbEntity
  8
Layer 1
100
AcDbSpline
210
0.0
220
0.0
230
1.0
 70
     9
 71
     3
 72
    17
 73
    13
 74
     0
 42
0.0000000001
 43
0.0000000001
 40
0.0
 40
0.0
 40
0.0
 40
0.0
 40
1.0
 40
1.0
 40
1.0
 40
2.0
 40
2.0
 40
2.0
 40
3.0
 40
3.0
 40
3.0
 40
4.0
 40
4.0
 40
4.0
 40
4.0
 10
1.951388917966849
 20
6.791666767870386
 30
0.0
 10
1.955555584695604
 20
6.784722323322461
 30
0.0
 10
1.962500029243528
 20
6.777777878774536
 30
0.0
 10
1.966666695972283
 20
6.777777878774536
 30
0.0
 10
1.969444473791453
 20
6.777777878774536
 30
0.0
 10
1.972222251610623
 20
6.784722323322461
 30
0.0
 10
1.972222251610623
 20
6.791666767870386
 30
0.0
 10
1.972222251610623
 20
6.800000101327896
 30
0.0
 10
1.965277807062698
 20
6.805555656966235
 30
0.0
 10
1.956944473605188
 20
6.805555656966235
 30
0.0
 10
1.950000029057264
 20
6.805555656966235
 30
0.0
 10
1.947222251238094
 20
6.800000101327896
 30
0.0
 10
1.951388917966849
 20
6.791666767870386
 30
0.0
  0
HATCH
  5
C8
330
79
100
AcDbEntity
  8
Layer 1
 62
    18
420
        0
440
 33554687
100
AcDbHatch
 10
0.0
 20
0.0
 30
0.0
210
0.0
220
0.0
230
1.0
  2
SOLID
 70
     1
 71
     1
 91
        1
 92
        1
 93
        1
 72
     4
 94
        3
 73
     0
 74
     0
 95
       17
 96
       13
 40
0.0
 40
0.0
 40
0.0
 40
0.0
 40
1.0
 40
1.0
 40
1.0
 40
2.0
 40
2.0
 40
2.0
 40
3.0
 40
3.0
 40
3.0
 40
4.0
 40
4.0
 40
4.0
 40
4.0
 10
1.951388917966849
 20
6.791666767870386
 10
1.955555584695604
 20
6.784722323322461
 10
1.962500029243528
 20
6.777777878774536
 10
1.966666695972283
 20
6.777777878774536
 10
1.969444473791453
 20
6.777777878774536
 10
1.972222251610623
 20
6.784722323322461
 10
1.972222251610623
 20
6.791666767870386
 10
1.972222251610623
 20
6.800000101327896
 10
1.965277807062698
 20
6.805555656966235
 10
1.956944473605188
 20
6.805555656966235
 10
1.950000029057264
 20
6.805555656966235
 10
1.947222251238094
 20
6.800000101327896
 10
1.951388917966849
 20
6.791666767870386
 97
        0
 97
        1
330
C7
 75
     2
 76
     1
 98
        1
 10
0.0
 20
0.0
450
        0
451
        0
460
0.0
461
0.0
452
        0
462
0.0
453
        0
470

  0
SPLINE
  5
C9
330
79
100
AcDbEntity
  8
Layer 1
100
AcDbSpline
210
0.0
220
0.0
230
1.0
 70
     9
 71
     3
 72
    14
 73
    10
 74
     0
 42
0.0000000001
 43
0.0000000001
 40
0.0
 40
0.0
 40
0.0
 40
0.0
 40
1.0
 40
1.0
 40
1.0
 40
2.0
 40
2.0
 40
2.0
 40
3.0
 40
3.0
 40
3.0
 40
3.0
 10
2.763888930074042
 20
6.756944545130762
 30
0.0
 10
2.744444485339853
 20
6.745833433854082
 30
0.0
 10
2.736111151882343
 20
6.737500100396573
 30
0.0
 10
2.744444485339853
 20
6.736111211486988
 30
0.0
 10
2.751388929887778
 20
6.736111211486988
 30
0.0
 10
2.770833374621967
 20
6.745833433854082
 30
0.0
 10
2.786111152627401
 20
6.756944545130762
 30
0.0
 10
2.81944448645744
 20
6.781944545503291
 30
0.0
 10
2.80833337518076
 20
6.783333434412876
 30
0.0
 10
2.763888930074042
 20
6.756944545130762
 30
0.0
  0
HATCH
  5
CA
330
79
100
AcDbEntity
  8
Layer 1
 62
    18
420
        0
440
 33554687
100
AcDbHatch
 10
0.0
 20
0.0
 30
0.0
210
0.0
220
0.0
230
1.0
  2
SOLID
 70
     1
 71
     1
 91
        1
 92
        1
 93
        1
 72
     4
 94
        3
 73
     0
 74
     0
 95
       14
 96
       10
 40
0.0
 40
0.0
 40
0.0
 40
0.0
 40
1.0
 40
1.0
 40
1.0
 40
2.0
 40
2.0
 40
2.0
 40
3.0
 40
3.0
 40
3.0
 40
3.0
 10
2.763888930074042
 20
6.756944545130762
 10
2.744444485339853
 20
6.745833433854082
 10
2.736111151882343
 20
6.737500100396573
 10
2.744444485339853
 20
6.736111211486988
 10
2.751388929887778
 20
6.736111211486988
 10
2.770833374621967
 20
6.745833433854082
 10
2.786111152627401
 20
6.756944545130762
 10
2.81944448645744
 20
6.781944545503291
 10
2.80833337518076
 20
6.783333434412876
 10
2.763888930074042
 20
6.756944545130762
 97
        0
 97
        1
330
C9
 75
     2
 76
     1
 98
        1
 10
0.0
 20
0.0
450
        0
451
        0
460
0.0
461
0.0
452
        0
462
0.0
453
        0
470

  0
SPLINE
  5
CB
330
79
100
AcDbEntity
  8
Layer 1
100
AcDbSpline
210
0.0
220
0.0
230
1.0
 70
     9
 71
     3
 72
    14
 73
    10
 74
     0
 42
0.0000000001
 43
0.0000000001
 40
0.0
 40
0.0
 40
0.0
 40
0.0
 40
1.0
 40
1.0
 40
1.0
 40
2.0
 40
2.0
 40
2.0
 40
3.0
 40
3.0
 40
3.0
 40
3.0
 10
2.120833364936212
 20
6.651388988002306
 30
0.0
 10
2.130555587303307
 20
6.641666765635211
 30
0.0
 10
2.141666698579986
 20
6.637500098906457
 30
0.0
 10
2.145833365308741
 20
6.641666765635211
 30
0.0
 10
2.150000032037496
 20
6.645833432363966
 30
0.0
 10
2.143055587489571
 20
6.654166765821476
 30
0.0
 10
2.129166698393722
 20
6.658333432550231
 30
0.0
 10
2.109722253659533
 20
6.66666676600774
 30
0.0
 10
2.108333364749948
 20
6.665277877098155
 30
0.0
 10
2.120833364936212
 20
6.651388988002306
 30
0.0
  0
HATCH
  5
CC
330
79
100
AcDbEntity
  8
Layer 1
 62
    18
420
        0
440
 33554687
100
AcDbHatch
 10
0.0
 20
0.0
 30
0.0
210
0.0
220
0.0
230
1.0
  2
SOLID
 70
     1
 71
     1
 91
        1
 92
        1
 93
        1
 72
     4
 94
        3
 73
     0
 74
     0
 95
       14
 96
       10
 40
0.0
 40
0.0
 40
0.0
 40
0.0
 40
1.0
 40
1.0
 40
1.0
 40
2.0
 40
2.0
 40
2.0
 40
3.0
 40
3.0
 40
3.0
 40
3.0
 10
2.120833364936212
 20
6.651388988002306
 10
2.130555587303307
 20
6.641666765635211
 10
2.141666698579986
 20
6.637500098906457
 10
2.145833365308741
 20
6.641666765635211
 10
2.150000032037496
 20
6.645833432363966
 10
2.143055587489571
 20
6.654166765821476
 10
2.129166698393722
 20
6.658333432550231
 10
2.109722253659533
 20
6.66666676600774
 10
2.108333364749948
 20
6.665277877098155
 10
2.120833364936212
 20
6.651388988002306
 97
        0
 97
        1
330
CB
 75
     2
 76
     1
 98
        1
 10
0.0
 20
0.0
450
        0
451
        0
460
0.0
461
0.0
452
        0
462
0.0
453
        0
470

  0
SPLINE
  5
CD
330
79
100
AcDbEntity
  8
Layer 1
100
AcDbSpline
210
0.0
220
0.0
230
1.0
 70
     9
 71
     3
 72
    14
 73
    10
 74
     0
 42
0.0000000001
 43
0.0000000001
 40
0.0
 40
0.0
 40
0.0
 40
0.0
 40
1.0
 40
1.0
 40
1.0
 40
2.0
 40
2.0
 40
2.0
 40
3.0
 40
3.0
 40
3.0
 40
3.0
 10
2.180555588048365
 20
6.647222321273551
 30
0.0
 10
2.180555588048365
 20
6.644444543454381
 30
0.0
 10
2.19027781041546
 20
6.637500098906457
 30
0.0
 10
2.202777810601724
 20
6.633333432177701
 30
0.0
 10
2.213888921878404
 20
6.629166765448947
 30
0.0
 10
2.219444477516743
 20
6.630555654358532
 30
0.0
 10
2.215277810787989
 20
6.638888987816041
 30
0.0
 10
2.206944477330479
 20
6.652777876911891
 30
0.0
 10
2.180555588048365
 20
6.658333432550231
 30
0.0
 10
2.180555588048365
 20
6.647222321273551
 30
0.0
  0
HATCH
  5
CE
330
79
100
AcDbEntity
  8
Layer 1
 62
    18
420
        0
440
 33554687
100
AcDbHatch
 10
0.0
 20
0.0
 30
0.0
210
0.0
220
0.0
230
1.0
  2
SOLID
 70
     1
 71
     1
 91
        1
 92
        1
 93
        1
 72
     4
 94
        3
 73
     0
 74
     0
 95
       14
 96
       10
 40
0.0
 40
0.0
 40
0.0
 40
0.0
 40
1.0
 40
1.0
 40
1.0
 40
2.0
 40
2.0
 40
2.0
 40
3.0
 40
3.0
 40
3.0
 40
3.0
 10
2.180555588048365
 20
6.647222321273551
 10
2.180555588048365
 20
6.644444543454381
 10
2.19027781041546
 20
6.637500098906457
 10
2.202777810601724
 20
6.633333432177701
 10
2.213888921878404
 20
6.629166765448947
 10
2.219444477516743
 20
6.630555654358532
 10
2.215277810787989
 20
6.638888987816041
 10
2.206944477330479
 20
6.652777876911891
 10
2.180555588048365
 20
6.658333432550231
 10
2.180555588048365
 20
6.647222321273551
 97
        0
 97
        1
330
CD
 75
     2
 76
     1
 98
        1
 10
0.0
 20
0.0
450
        0
451
        0
460
0.0
461
0.0
452
        0
462
0.0
453
        0
470

  0
SPLINE
  5
CF
330
79
100
AcDbEntity
  8
Layer 1
100
AcDbSpline
210
0.0
220
0.0
230
1.0
 70
    11
 71
     3
 72
    20
 73
    16
 74
     0
 42
0.0000000001
 43
0.0000000001
 40
0.0
 40
0.0
 40
0.0
 40
0.0
 40
1.0
 40
1.0
 40
1.0
 40
2.0
 40
2.0
 40
2.0
 40
3.0
 40
3.0
 40
3.0
 40
4.0
 40
4.0
 40
4.0
 40
5.0
 40
5.0
 40
5.0
 40
5.0
 10
2.763888930074042
 20
6.626388987629777
 30
0.0
 10
2.763888930074042
 20
6.616666765262682
 30
0.0
 10
2.758333374435702
 20
6.613888987443512
 30
0.0
 10
2.750000040978193
 20
6.618055654172267
 30
0.0
 10
2.741666707520683
 20
6.623611209810607
 30
0.0
 10
2.740277818611098
 20
6.616666765262682
 30
0.0
 10
2.745833374249438
 20
6.602777876166832
 30
0.0
 10
2.754166707706947
 20
6.581944542523059
 30
0.0
 10
2.755555596616532
 20
6.581944542523059
 30
0.0
 10
2.766666707893212
 20
6.604166765076418
 30
0.0
 10
2.775000041350722
 20
6.616666765262682
 30
0.0
 10
2.776388930260307
 20
6.630555654358532
 30
0.0
 10
2.772222263531552
 20
6.634722321087287
 30
0.0
 10
2.768055596802797
 20
6.640277876725626
 30
0.0
 10
2.763888930074042
 20
6.636111209996871
 30
0.0
 10
2.763888930074042
 20
6.626388987629777
 30
0.0
  0
HATCH
  5
D0
330
79
100
AcDbEntity
  8
Layer 1
 62
    18
420
        0
440
 33554687
100
AcDbHatch
 10
0.0
 20
0.0
 30
0.0
210
0.0
220
0.0
230
1.0
  2
SOLID
 70
     1
 71
     1
 91
        1
 92
        1
 93
        1
 72
     4
 94
        3
 73
     0
 74
     0
 95
       20
 96
       16
 40
0.0
 40
0.0
 40
0.0
 40
0.0
 40
1.0
 40
1.0
 40
1.0
 40
2.0
 40
2.0
 40
2.0
 40
3.0
 40
3.0
 40
3.0
 40
4.0
 40
4.0
 40
4.0
 40
5.0
 40
5.0
 40
5.0
 40
5.0
 10
2.763888930074042
 20
6.626388987629777
 10
2.763888930074042
 20
6.616666765262682
 10
2.758333374435702
 20
6.613888987443512
 10
2.750000040978193
 20
6.618055654172267
 10
2.741666707520683
 20
6.623611209810607
 10
2.740277818611098
 20
6.616666765262682
 10
2.745833374249438
 20
6.602777876166832
 10
2.754166707706947
 20
6.581944542523059
 10
2.755555596616532
 20
6.581944542523059
 10
2.766666707893212
 20
6.604166765076418
 10
2.775000041350722
 20
6.616666765262682
 10
2.776388930260307
 20
6.630555654358532
 10
2.772222263531552
 20
6.634722321087287
 10
2.768055596802797
 20
6.640277876725626
 10
2.763888930074042
 20
6.636111209996871
 10
2.763888930074042
 20
6.626388987629777
 97
        0
 97
        1
330
CF
 75
     2
 76
     1
 98
        1
 10
0.0
 20
0.0
450
        0
451
        0
460
0.0
461
0.0
452
        0
462
0.0
453
        0
470

  0
SPLINE
  5
D1
330
79
100
AcDbEntity
  8
Layer 1
100
AcDbSpline
210
0.0
220
0.0
230
1.0
 70
     9
 71
     3
 72
    14
 73
    10
 74
     0
 42
0.0000000001
 43
0.0000000001
 40
0.0
 40
0.0
 40
0.0
 40
0.0
 40
1.0
 40
1.0
 40
1.0
 40
2.0
 40
2.0
 40
2.0
 40
3.0
 40
3.0
 40
3.0
 40
3.0
 10
1.576388912378913
 20
6.595833431618908
 30
0.0
 10
1.570833356740573
 20
6.587500098161399
 30
0.0
 10
1.569444467830988
 20
6.579166764703889
 30
0.0
 10
1.573611134559743
 20
6.575000097975134
 30
0.0
 10
1.576388912378913
 20
6.570833431246379
 30
0.0
 10
1.583333356926838
 20
6.577777875794303
 30
0.0
 10
1.587500023655593
 20
6.590277875980568
 30
0.0
 10
1.597222246022687
 20
6.613888987443512
 30
0.0
 10
1.588888912565178
 20
6.618055654172267
 30
0.0
 10
1.576388912378913
 20
6.595833431618908
 30
0.0
  0
HATCH
  5
D2
330
79
100
AcDbEntity
  8
Layer 1
 62
    18
420
        0
440
 33554687
100
AcDbHatch
 10
0.0
 20
0.0
 30
0.0
210
0.0
220
0.0
230
1.0
  2
SOLID
 70
     1
 71
     1
 91
        1
 92
        1
 93
        1
 72
     4
 94
        3
 73
     0
 74
     0
 95
       14
 96
       10
 40
0.0
 40
0.0
 40
0.0
 40
0.0
 40
1.0
 40
1.0
 40
1.0
 40
2.0
 40
2.0
 40
2.0
 40
3.0
 40
3.0
 40
3.0
 40
3.0
 10
1.576388912378913
 20
6.595833431618908
 10
1.570833356740573
 20
6.587500098161399
 10
1.569444467830988
 20
6.579166764703889
 10
1.573611134559743
 20
6.575000097975134
 10
1.576388912378913
 20
6.570833431246379
 10
1.583333356926838
 20
6.577777875794303
 10
1.587500023655593
 20
6.590277875980568
 10
1.597222246022687
 20
6.613888987443512
 10
1.588888912565178
 20
6.618055654172267
 10
1.576388912378913
 20
6.595833431618908
 97
        0
 97
        1
330
D1
 75
     2
 76
     1
 98
        1
 10
0.0
 20
0.0
450
        0
451
        0
460
0.0
461
0.0
452
        0
462
0.0
453
        0
470

  0
SPLINE
  5
D3
330
79
100
AcDbEntity
  8
Layer 1
100
AcDbSpline
210
0.0
220
0.0
230
1.0
 70
    11
 71
     3
 72
    20
 73
    16
 74
     0
 42
0.0000000001
 43
0.0000000001
 40
0.0
 40
0.0
 40
0.0
 40
0.0
 40
1.0
 40
1.0
 40
1.0
 40
2.0
 40
2.0
 40
2.0
 40
3.0
 40
3.0
 40
3.0
 40
4.0
 40
4.0
 40
4.0
 40
5.0
 40
5.0
 40
5.0
 40
5.0
 10
2.500000037252902
 20
6.569444542336794
 30
0.0
 10
2.480555592518713
 20
6.563888986698454
 30
0.0
 10
2.422222258316145
 20
6.55694454215053
 30
0.0
 10
2.368055590842332
 20
6.555555653240944
 30
0.0
 10
2.301388923182255
 20
6.55416676433136
 30
0.0
 10
2.281944478448066
 20
6.550000097602605
 30
0.0
 10
2.30555558991101
 20
6.54305565305468
 30
0.0
 10
2.366666701932747
 20
6.525000097230076
 30
0.0
 10
2.522222259806262
 20
6.536111208506755
 30
0.0
 10
2.556944482545885
 20
6.561111208879284
 30
0.0
 10
2.586111149647169
 20
6.581944542523059
 30
0.0
 10
2.587500038556754
 20
6.583333431432643
 30
0.0
 10
2.562500038184225
 20
6.581944542523059
 30
0.0
 10
2.547222260178791
 20
6.580555653613473
 30
0.0
 10
2.519444481987092
 20
6.575000097975134
 30
0.0
 10
2.500000037252902
 20
6.569444542336794
 30
0.0
  0
HATCH
  5
D4
330
79
100
AcDbEntity
  8
Layer 1
 62
    18
420
        0
440
 33554687
100
AcDbHatch
 10
0.0
 20
0.0
 30
0.0
210
0.0
220
0.0
230
1.0
  2
SOLID
 70
     1
 71
     1
 91
        1
 92
        1
 93
        1
 72
     4
 94
        3
 73
     0
 74
     0
 95
       20
 96
       16
 40
0.0
 40
0.0
 40
0.0
 40
0.0
 40
1.0
 40
1.0
 40
1.0
 40
2.0
 40
2.0
 40
2.0
 40
3.0
 40
3.0
 40
3.0
 40
4.0
 40
4.0
 40
4.0
 40
5.0
 40
5.0
 40
5.0
 40
5.0
 10
2.500000037252902
 20
6.569444542336794
 10
2.480555592518713
 20
6.563888986698454
 10
2.422222258316145
 20
6.55694454215053
 10
2.368055590842332
 20
6.555555653240944
 10
2.301388923182255
 20
6.55416676433136
 10
2.281944478448066
 20
6.550000097602605
 10
2.30555558991101
 20
6.54305565305468
 10
2.366666701932747
 20
6.525000097230076
 10
2.522222259806262
 20
6.536111208506755
 10
2.556944482545885
 20
6.561111208879284
 10
2.586111149647169
 20
6.581944542523059
 10
2.587500038556754
 20
6.583333431432643
 10
2.562500038184225
 20
6.581944542523059
 10
2.547222260178791
 20
6.580555653613473
 10
2.519444481987092
 20
6.575000097975134
 10
2.500000037252902
 20
6.569444542336794
 97
        0
 97
        1
330
D3
 75
     2
 76
     1
 98
        1
 10
0.0
 20
0.0
450
        0
451
        0
460
0.0
461
0.0
452
        0
462
0.0
453
        0
470

  0
SPLINE
  5
D5
330
79
100
AcDbEntity
  8
Layer 1
100
AcDbSpline
210
0.0
220
0.0
230
1.0
 70
    11
 71
     3
 72
    14
 73
    10
 74
     0
 42
0.0000000001
 43
0.0000000001
 40
0.0
 40
0.0
 40
0.0
 40
0.0
 40
1.0
 40
1.0
 40
1.0
 40
2.0
 40
2.0
 40
2.0
 40
3.0
 40
3.0
 40
3.0
 40
3.0
 10
3.411111161940627
 20
6.538888986325925
 30
0.0
 10
3.415277828669382
 20
6.531944541778001
 30
0.0
 10
3.425000051036477
 20
6.530555652868415
 30
0.0
 10
3.431944495584401
 20
6.534722319597171
 30
0.0
 10
3.450000051409006
 20
6.547222319783435
 30
0.0
 10
3.447222273589836
 20
6.55138898651219
 30
0.0
 10
3.423611162126892
 20
6.55138898651219
 30
0.0
 10
3.412500050850212
 20
6.55138898651219
 30
0.0
 10
3.406944495211872
 20
6.54583343087385
 30
0.0
 10
3.411111161940627
 20
6.538888986325925
 30
0.0
  0
HATCH
  5
D6
330
79
100
AcDbEntity
  8
Layer 1
 62
    18
420
        0
440
 33554687
100
AcDbHatch
 10
0.0
 20
0.0
 30
0.0
210
0.0
220
0.0
230
1.0
  2
SOLID
 70
     1
 71
     1
 91
        1
 92
        1
 93
        1
 72
     4
 94
        3
 73
     0
 74
     0
 95
       14
 96
       10
 40
0.0
 40
0.0
 40
0.0
 40
0.0
 40
1.0
 40
1.0
 40
1.0
 40
2.0
 40
2.0
 40
2.0
 40
3.0
 40
3.0
 40
3.0
 40
3.0
 10
3.411111161940627
 20
6.538888986325925
 10
3.415277828669382
 20
6.531944541778001
 10
3.425000051036477
 20
6.530555652868415
 10
3.431944495584401
 20
6.534722319597171
 10
3.450000051409006
 20
6.547222319783435
 10
3.447222273589836
 20
6.55138898651219
 10
3.423611162126892
 20
6.55138898651219
 10
3.412500050850212
 20
6.55138898651219
 10
3.406944495211872
 20
6.54583343087385
 10
3.411111161940627
 20
6.538888986325925
 97
        0
 97
        1
330
D5
 75
     2
 76
     1
 98
        1
 10
0.0
 20
0.0
450
        0
451
        0
460
0.0
461
0.0
452
        0
462
0.0
453
        0
470

  0
SPLINE
  5
D7
330
79
100
AcDbEntity
  8
Layer 1
100
AcDbSpline
210
0.0
220
0.0
230
1.0
 70
     9
 71
     3
 72
    20
 73
    16
 74
     0
 42
0.0000000001
 43
0.0000000001
 40
0.0
 40
0.0
 40
0.0
 40
0.0
 40
1.0
 40
1.0
 40
1.0
 40
2.0
 40
2.0
 40
2.0
 40
3.0
 40
3.0
 40
3.0
 40
4.0
 40
4.0
 40
4.0
 40
5.0
 40
5.0
 40
5.0
 40
5.0
 10
2.425000036135315
 20
6.504166763586302
 30
0.0
 10
2.402777813581956
 20
6.493055652309622
 30
0.0
 10
2.369444479751917
 20
6.481944541032943
 30
0.0
 10
2.348611146108143
 20
6.480555652123357
 30
0.0
 10
2.329166701373954
 20
6.480555652123357
 30
0.0
 10
2.304166701001425
 20
6.470833429756263
 30
0.0
 10
2.29444447863433
 20
6.462500096298754
 30
0.0
 10
2.279166700628896
 20
6.447222318293319
 30
0.0
 10
2.279166700628896
 20
6.444444540474149
 30
0.0
 10
2.29444447863433
 20
6.444444540474149
 30
0.0
 10
2.334722257012294
 20
6.445833429383734
 30
0.0
 10
2.441666703050334
 20
6.480555652123357
 30
0.0
 10
2.473611147970788
 20
6.502777874676716
 30
0.0
 10
2.515277815258337
 20
6.531944541778001
 30
0.0
 10
2.480555592518713
 20
6.533333430687585
 30
0.0
 10
2.425000036135315
 20
6.504166763586302
 30
0.0
  0
HATCH
  5
D8
330
79
100
AcDbEntity
  8
Layer 1
 62
    18
420
        0
440
 33554687
100
AcDbHatch
 10
0.0
 20
0.0
 30
0.0
210
0.0
220
0.0
230
1.0
  2
SOLID
 70
     1
 71
     1
 91
        1
 92
        1
 93
        1
 72
     4
 94
        3
 73
     0
 74
     0
 95
       20
 96
       16
 40
0.0
 40
0.0
 40
0.0
 40
0.0
 40
1.0
 40
1.0
 40
1.0
 40
2.0
 40
2.0
 40
2.0
 40
3.0
 40
3.0
 40
3.0
 40
4.0
 40
4.0
 40
4.0
 40
5.0
 40
5.0
 40
5.0
 40
5.0
 10
2.425000036135315
 20
6.504166763586302
 10
2.402777813581956
 20
6.493055652309622
 10
2.369444479751917
 20
6.481944541032943
 10
2.348611146108143
 20
6.480555652123357
 10
2.329166701373954
 20
6.480555652123357
 10
2.304166701001425
 20
6.470833429756263
 10
2.29444447863433
 20
6.462500096298754
 10
2.279166700628896
 20
6.447222318293319
 10
2.279166700628896
 20
6.444444540474149
 10
2.29444447863433
 20
6.444444540474149
 10
2.334722257012294
 20
6.445833429383734
 10
2.441666703050334
 20
6.480555652123357
 10
2.473611147970788
 20
6.502777874676716
 10
2.515277815258337
 20
6.531944541778001
 10
2.480555592518713
 20
6.533333430687585
 10
2.425000036135315
 20
6.504166763586302
 97
        0
 97
        1
330
D7
 75
     2
 76
     1
 98
        1
 10
0.0
 20
0.0
450
        0
451
        0
460
0.0
461
0.0
452
        0
462
0.0
453
        0
470

  0
SPLINE
  5
D9
330
79
100
AcDbEntity
  8
Layer 1
100
AcDbSpline
210
0.0
220
0.0
230
1.0
 70
     9
 71
     3
 72
    38
 73
    34
 74
     0
 42
0.0000000001
 43
0.0000000001
 40
0.0
 40
0.0
 40
0.0
 40
0.0
 40
1.0
 40
1.0
 40
1.0
 40
2.0
 40
2.0
 40
2.0
 40
3.0
 40
3.0
 40
3.0
 40
4.0
 40
4.0
 40
4.0
 40
5.0
 40
5.0
 40
5.0
 40
6.0
 40
6.0
 40
6.0
 40
7.0
 40
7.0
 40
7.0
 40
8.0
 40
8.0
 40
8.0
 40
9.0
 40
9.0
 40
9.0
 40
10.0
 40
10.0
 40
10.0
 40
11.0
 40
11.0
 40
11.0
 40
11.0
 10
2.68750004004687
 20
6.352777872441542
 30
0.0
 10
2.647222261668907
 20
6.277777871323955
 30
0.0
 10
2.57222226055132
 20
6.244444537493917
 30
0.0
 10
2.443055591959919
 20
6.243055648584332
 30
0.0
 10
2.348611146108143
 20
6.243055648584332
 30
0.0
 10
2.333333368102709
 20
6.247222315313087
 30
0.0
 10
2.287500034086406
 20
6.281944538052711
 30
0.0
 10
2.259722255894707
 20
6.302777871696484
 30
0.0
 10
2.231944477703008
 20
6.336111205526523
 30
0.0
 10
2.227777810974253
 20
6.354166761351128
 30
0.0
 10
2.223611144245498
 20
6.373611206085317
 30
0.0
 10
2.213888921878404
 20
6.388888984090751
 30
0.0
 10
2.206944477330479
 20
6.388888984090751
 30
0.0
 10
2.18194447695795
 20
6.388888984090751
 30
0.0
 10
2.227777810974253
 20
6.302777871696484
 30
0.0
 10
2.273611144990556
 20
6.265277871137691
 30
0.0
 10
2.320833367916444
 20
6.226388981669312
 30
0.0
 10
2.329166701373954
 20
6.225000092759728
 30
0.0
 10
2.443055591959919
 20
6.227777870578897
 30
0.0
 10
2.536111148902111
 20
6.229166759488482
 30
0.0
 10
2.57500003837049
 20
6.237500092945992
 30
0.0
 10
2.622222261296378
 20
6.261111204408936
 30
0.0
 10
2.654166706216831
 20
6.277777871323955
 30
0.0
 10
2.680555595498945
 20
6.300000093877315
 30
0.0
 10
2.680555595498945
 20
6.308333427334824
 30
0.0
 10
2.680555595498945
 20
6.316666760792334
 30
0.0
 10
2.69027781786604
 20
6.334722316616939
 30
0.0
 10
2.702777818052304
 20
6.348611205712788
 30
0.0
 10
2.715277818238569
 20
6.362500094808638
 30
0.0
 10
2.722222262786494
 20
6.380555650633241
 30
0.0
 10
2.719444484967324
 20
6.388888984090751
 30
0.0
 10
2.716666707148154
 20
6.397222317548261
 30
0.0
 10
2.702777818052304
 20
6.380555650633241
 30
0.0
 10
2.68750004004687
 20
6.352777872441542
 30
0.0
  0
HATCH
  5
DA
330
79
100
AcDbEntity
  8
Layer 1
 62
    18
420
        0
440
 33554687
100
AcDbHatch
 10
0.0
 20
0.0
 30
0.0
210
0.0
220
0.0
230
1.0
  2
SOLID
 70
     1
 71
     1
 91
        1
 92
        1
 93
        1
 72
     4
 94
        3
 73
     0
 74
     0
 95
       38
 96
       34
 40
0.0
 40
0.0
 40
0.0
 40
0.0
 40
1.0
 40
1.0
 40
1.0
 40
2.0
 40
2.0
 40
2.0
 40
3.0
 40
3.0
 40
3.0
 40
4.0
 40
4.0
 40
4.0
 40
5.0
 40
5.0
 40
5.0
 40
6.0
 40
6.0
 40
6.0
 40
7.0
 40
7.0
 40
7.0
 40
8.0
 40
8.0
 40
8.0
 40
9.0
 40
9.0
 40
9.0
 40
10.0
 40
10.0
 40
10.0
 40
11.0
 40
11.0
 40
11.0
 40
11.0
 10
2.68750004004687
 20
6.352777872441542
 10
2.647222261668907
 20
6.277777871323955
 10
2.57222226055132
 20
6.244444537493917
 10
2.443055591959919
 20
6.243055648584332
 10
2.348611146108143
 20
6.243055648584332
 10
2.333333368102709
 20
6.247222315313087
 10
2.287500034086406
 20
6.281944538052711
 10
2.259722255894707
 20
6.302777871696484
 10
2.231944477703008
 20
6.336111205526523
 10
2.227777810974253
 20
6.354166761351128
 10
2.223611144245498
 20
6.373611206085317
 10
2.213888921878404
 20
6.388888984090751
 10
2.206944477330479
 20
6.388888984090751
 10
2.18194447695795
 20
6.388888984090751
 10
2.227777810974253
 20
6.302777871696484
 10
2.273611144990556
 20
6.265277871137691
 10
2.320833367916444
 20
6.226388981669312
 10
2.329166701373954
 20
6.225000092759728
 10
2.443055591959919
 20
6.227777870578897
 10
2.536111148902111
 20
6.229166759488482
 10
2.57500003837049
 20
6.237500092945992
 10
2.622222261296378
 20
6.261111204408936
 10
2.654166706216831
 20
6.277777871323955
 10
2.680555595498945
 20
6.300000093877315
 10
2.680555595498945
 20
6.308333427334824
 10
2.680555595498945
 20
6.316666760792334
 10
2.69027781786604
 20
6.334722316616939
 10
2.702777818052304
 20
6.348611205712788
 10
2.715277818238569
 20
6.362500094808638
 10
2.722222262786494
 20
6.380555650633241
 10
2.719444484967324
 20
6.388888984090751
 10
2.716666707148154
 20
6.397222317548261
 10
2.702777818052304
 20
6.380555650633241
 10
2.68750004004687
 20
6.352777872441542
 97
        0
 97
        1
330
D9
 75
     2
 76
     1
 98
        1
 10
0.0
 20
0.0
450
        0
451
        0
460
0.0
461
0.0
452
        0
462
0.0
453
        0
470

  0
SPLINE
  5
DB
330
79
100
AcDbEntity
  8
Layer 1
100
AcDbSpline
210
0.0
220
0.0
230
1.0
 70
     9
 71
     3
 72
   200
 73
   196
 74
     0
 42
0.0000000001
 43
0.0000000001
 40
0.0
 40
0.0
 40
0.0
 40
0.0
 40
1.0
 40
1.0
 40
1.0
 40
2.0
 40
2.0
 40
2.0
 40
3.0
 40
3.0
 40
3.0
 40
4.0
 40
4.0
 40
4.0
 40
5.0
 40
5.0
 40
5.0
 40
6.0
 40
6.0
 40
6.0
 40
7.0
 40
7.0
 40
7.0
 40
8.0
 40
8.0
 40
8.0
 40
9.0
 40
9.0
 40
9.0
 40
10.0
 40
10.0
 40
10.0
 40
11.0
 40
11.0
 40
11.0
 40
12.0
 40
12.0
 40
12.0
 40
13.0
 40
13.0
 40
13.0
 40
14.0
 40
14.0
 40
14.0
 40
15.0
 40
15.0
 40
15.0
 40
16.0
 40
16.0
 40
16.0
 40
17.0
 40
17.0
 40
17.0
 40
18.0
 40
18.0
 40
18.0
 40
19.0
 40
19.0
 40
19.0
 40
20.0
 40
20.0
 40
20.0
 40
21.0
 40
21.0
 40
21.0
 40
22.0
 40
22.0
 40
22.0
 40
23.0
 40
23.0
 40
23.0
 40
24.0
 40
24.0
 40
24.0
 40
25.0
 40
25.0
 40
25.0
 40
26.0
 40
26.0
 40
26.0
 40
27.0
 40
27.0
 40
27.0
 40
28.0
 40
28.0
 40
28.0
 40
29.0
 40
29.0
 40
29.0
 40
30.0
 40
30.0
 40
30.0
 40
31.0
 40
31.0
 40
31.0
 40
32.0
 40
32.0
 40
32.0
 40
33.0
 40
33.0
 40
33.0
 40
34.0
 40
34.0
 40
34.0
 40
35.0
 40
35.0
 40
35.0
 40
36.0
 40
36.0
 40
36.0
 40
37.0
 40
37.0
 40
37.0
 40
38.0
 40
38.0
 40
38.0
 40
39.0
 40
39.0
 40
39.0
 40
40.0
 40
40.0
 40
40.0
 40
41.0
 40
41.0
 40
41.0
 40
42.0
 40
42.0
 40
42.0
 40
43.0
 40
43.0
 40
43.0
 40
44.0
 40
44.0
 40
44.0
 40
45.0
 40
45.0
 40
45.0
 40
46.0
 40
46.0
 40
46.0
 40
47.0
 40
47.0
 40
47.0
 40
48.0
 40
48.0
 40
48.0
 40
49.0
 40
49.0
 40
49.0
 40
50.0
 40
50.0
 40
50.0
 40
51.0
 40
51.0
 40
51.0
 40
52.0
 40
52.0
 40
52.0
 40
53.0
 40
53.0
 40
53.0
 40
54.0
 40
54.0
 40
54.0
 40
55.0
 40
55.0
 40
55.0
 40
56.0
 40
56.0
 40
56.0
 40
57.0
 40
57.0
 40
57.0
 40
58.0
 40
58.0
 40
58.0
 40
59.0
 40
59.0
 40
59.0
 40
60.0
 40
60.0
 40
60.0
 40
61.0
 40
61.0
 40
61.0
 40
62.0
 40
62.0
 40
62.0
 40
63.0
 40
63.0
 40
63.0
 40
64.0
 40
64.0
 40
64.0
 40
65.0
 40
65.0
 40
65.0
 40
65.0
 10
1.77777780426873
 20
6.281944538052711
 30
0.0
 10
1.693055580784049
 20
6.170833425285914
 30
0.0
 10
1.430555576872494
 20
5.791666752969224
 30
0.0
 10
1.430555576872494
 20
5.77916675278296
 30
0.0
 10
1.430555576872494
 20
5.772222308235035
 30
0.0
 10
1.445833354877928
 20
5.748611196772091
 30
0.0
 10
1.463888910702532
 20
5.726388974218732
 30
0.0
 10
1.463888910702532
 20
5.726388974218732
 30
0.0
 10
1.498611133442156
 20
5.686111195840768
 30
0.0
 10
1.498611133442156
 20
5.686111195840768
 30
0.0
 10
1.498611133442156
 20
5.686111195840768
 30
0.0
 10
1.454166688335438
 20
5.608333416904011
 30
0.0
 10
1.454166688335438
 20
5.608333416904011
 30
0.0
 10
1.429166687962909
 20
5.566666749616463
 30
0.0
 10
1.387500020675361
 20
5.494444526318046
 30
0.0
 10
1.361111131393247
 20
5.447222303392158
 30
0.0
 10
1.334722242111133
 20
5.40000008046627
 30
0.0
 10
1.304166686100264
 20
5.358333413178721
 30
0.0
 10
1.295833352642754
 20
5.355555635359551
 30
0.0
 10
1.273611130089395
 20
5.345833412992456
 30
0.0
 10
0.9986111259915762
 20
5.311111190252833
 30
0.0
 10
0.7527777889950408
 20
5.284722300970719
 30
0.0
 10
0.5722222307489978
 20
5.26527785623653
 30
0.0
 10
0.5513888971052236
 20
5.26527785623653
 30
0.0
 10
0.5208333410943548
 20
5.286111189880304
 30
0.0
 10
0.5027777852697505
 20
5.298611190066568
 30
0.0
 10
0.4805555627163914
 20
5.304166745704908
 30
0.0
 10
0.4722222292588817
 20
5.298611190066568
 30
0.0
 10
0.463888895801372
 20
5.293055634428228
 30
0.0
 10
0.4597222290726172
 20
5.297222301156984
 30
0.0
 10
0.4611111179822021
 20
5.306944523524078
 30
0.0
 10
0.4694444514397118
 20
5.343055635173286
 30
0.0
 10
0.358333338672916
 20
5.38611119137042
 30
0.0
 10
0.2375000035390258
 20
5.39444452482793
 30
0.0
 10
0.1722222247885333
 20
5.40000008046627
 30
0.0
 10
0.1166666684051355
 20
5.406944525014194
 30
0.0
 10
0.1138888905859656
 20
5.409722302833364
 30
0.0
 10
0.102777779309286
 20
5.420833414110044
 30
0.0
 10
0.0694444454792473
 20
5.387500080280005
 30
0.0
 10
0.0694444454792473
 20
5.366666746636231
 30
0.0
 10
0.0694444454792473
 20
5.356944524269136
 30
0.0
 10
0.0875000013038516
 20
5.338888968444532
 30
0.0
 10
0.1111111127667957
 20
5.326388968258267
 30
0.0
 10
0.1680555580597785
 20
5.297222301156984
 30
0.0
 10
0.1736111136981182
 20
5.300000078976154
 30
0.0
 10
0.1305555575009849
 20
5.337500079534947
 30
0.0
 10
0.1305555575009849
 20
5.337500079534947
 30
0.0
 10
0.0930555569421914
 20
5.370833413364985
 30
0.0
 10
0.0930555569421914
 20
5.370833413364985
 30
0.0
 10
0.0930555569421914
 20
5.370833413364985
 30
0.0
 10
0.2027777807994021
 20
5.363888968817061
 30
0.0
 10
0.2027777807994021
 20
5.363888968817061
 30
0.0
 10
0.2625000039115548
 20
5.361111190997891
 30
0.0
 10
0.3263888937524623
 20
5.358333413178721
 30
0.0
 10
0.3430555606674817
 20
5.358333413178721
 30
0.0
 10
0.361111116492086
 20
5.358333413178721
 30
0.0
 10
0.3708333388591805
 20
5.351388968630796
 30
0.0
 10
0.3666666721304257
 20
5.344444524082872
 30
0.0
 10
0.361111116492086
 20
5.336111190625362
 30
0.0
 10
0.3652777832208408
 20
5.331944523896607
 30
0.0
 10
0.3763888944975204
 20
5.336111190625362
 30
0.0
 10
0.386111116864615
 20
5.338888968444532
 30
0.0
 10
0.4097222283275591
 20
5.329166746077437
 30
0.0
 10
0.4263888952425785
 20
5.313888968072003
 30
0.0
 10
0.4444444510671828
 20
5.298611190066568
 30
0.0
 10
0.4763888959876365
 20
5.277777856422795
 30
0.0
 10
0.4972222296314107
 20
5.268055634055699
 30
0.0
 10
0.518055563275185
 20
5.258333411688605
 30
0.0
 10
0.5236111189135247
 20
5.252777856050266
 30
0.0
 10
0.5097222298176752
 20
5.25694452277902
 30
0.0
 10
0.4958333407218257
 20
5.261111189507775
 30
0.0
 10
0.488888896173901
 20
5.258333411688605
 30
0.0
 10
0.4930555629026559
 20
5.250000078231096
 30
0.0
 10
0.4972222296314107
 20
5.241666744773586
 30
0.0
 10
0.5152777854560151
 20
5.238888966954416
 30
0.0
 10
0.5319444523710344
 20
5.24305563368317
 30
0.0
 10
0.5486111192860537
 20
5.24583341150234
 30
0.0
 10
0.6277777871323957
 20
5.25138896714068
 30
0.0
 10
0.7083333438883225
 20
5.255555633869435
 30
0.0
 10
0.7888889006442494
 20
5.25972230059819
 30
0.0
 10
0.8861111243151956
 20
5.268055634055699
 30
0.0
 10
0.9236111248739891
 20
5.276388967513209
 30
0.0
 10
0.9625000143423676
 20
5.283333412061134
 30
0.0
 10
1.033333348731199
 20
5.293055634428228
 30
0.0
 10
1.083333349476257
 20
5.297222301156984
 30
0.0
 10
1.133333350221315
 20
5.301388967885738
 30
0.0
 10
1.188888906604713
 20
5.308333412433663
 30
0.0
 10
1.208333351338902
 20
5.311111190252833
 30
0.0
 10
1.227777796073092
 20
5.313888968072003
 30
0.0
 10
1.254166685355206
 20
5.318055634800757
 30
0.0
 10
1.268055574451055
 20
5.318055634800757
 30
0.0
 10
1.300000019371509
 20
5.319444523710343
 30
0.0
 10
1.375000020489096
 20
5.393055635918345
 30
0.0
 10
1.375000020489096
 20
5.422222303019629
 30
0.0
 10
1.375000020489096
 20
5.434722303205894
 30
0.0
 10
1.381944465037021
 20
5.444444525572988
 30
0.0
 10
1.388888909584945
 20
5.444444525572988
 30
0.0
 10
1.397222243042455
 20
5.444444525572988
 30
0.0
 10
1.40138890977121
 20
5.448611192301743
 30
0.0
 10
1.400000020861625
 20
5.455555636849667
 30
0.0
 10
1.394444465223285
 20
5.472222303764687
 30
0.0
 10
1.448611132697098
 20
5.555555638339783
 30
0.0
 10
1.465277799612118
 20
5.555555638339783
 30
0.0
 10
1.486111133255892
 20
5.555555638339783
 30
0.0
 10
1.537500022910535
 20
5.498611193046801
 30
0.0
 10
1.611111135118537
 20
5.395833413737515
 30
0.0
 10
1.644444468948575
 20
5.350000079721212
 30
0.0
 10
1.67361113604986
 20
5.309722301343248
 30
0.0
 10
1.676388913869029
 20
5.306944523524078
 30
0.0
 10
1.677777802778614
 20
5.304166745704908
 30
0.0
 10
1.684722247326539
 20
5.304166745704908
 30
0.0
 10
1.688888914055294
 20
5.309722301343248
 30
0.0
 10
1.695833358603219
 20
5.316666745891173
 30
0.0
 10
1.688888914055294
 20
5.329166746077437
 30
0.0
 10
1.644444468948575
 20
5.379166746822495
 30
0.0
 10
1.636111135491066
 20
5.38888896918959
 30
0.0
 10
1.620833357485631
 20
5.411111191742949
 30
0.0
 10
1.611111135118537
 20
5.430555636477138
 30
0.0
 10
1.601388912751442
 20
5.448611192301743
 30
0.0
 10
1.570833356740573
 20
5.487500081770122
 30
0.0
 10
1.543055578548875
 20
5.51805563778099
 30
0.0
 10
1.486111133255892
 20
5.580555638712312
 30
0.0
 10
1.458333355064193
 20
5.620833417090276
 30
0.0
 10
1.486111133255892
 20
5.604166750175257
 30
0.0
 10
1.500000022351741
 20
5.595833416717747
 30
0.0
 10
1.502777800170911
 20
5.598611194536917
 30
0.0
 10
1.495833355622986
 20
5.615277861451937
 30
0.0
 10
1.486111133255892
 20
5.64166675073405
 30
0.0
 10
1.508333355809251
 20
5.64722230637239
 30
0.0
 10
1.519444467085931
 20
5.622222305999861
 30
0.0
 10
1.523611133814685
 20
5.612500083632767
 30
0.0
 10
1.523611133814685
 20
5.620833417090276
 30
0.0
 10
1.518055578176346
 20
5.643055639643635
 30
0.0
 10
1.513888911447591
 20
5.663888973287409
 30
0.0
 10
1.518055578176346
 20
5.688888973659938
 30
0.0
 10
1.526388911633855
 20
5.700000084936618
 30
0.0
 10
1.53888891182012
 20
5.715277862942053
 30
0.0
 10
1.537500022910535
 20
5.719444529670807
 30
0.0
 10
1.518055578176346
 20
5.716666751851637
 30
0.0
 10
1.504166689080496
 20
5.716666751851637
 30
0.0
 10
1.494444466713401
 20
5.723611196399562
 30
0.0
 10
1.497222244532571
 20
5.733333418766656
 30
0.0
 10
1.498611133442156
 20
5.741666752224166
 30
0.0
 10
1.495833355622986
 20
5.748611196772091
 30
0.0
 10
1.490277799984647
 20
5.748611196772091
 30
0.0
 10
1.462500021792948
 20
5.744444530043336
 30
0.0
 10
1.454166688335438
 20
5.751388974591261
 30
0.0
 10
1.472222244160042
 20
5.763888974777525
 30
0.0
 10
1.487500022165477
 20
5.77361119714462
 30
0.0
 10
1.487500022165477
 20
5.777777863873375
 30
0.0
 10
1.475000021979212
 20
5.777777863873375
 30
0.0
 10
1.465277799612118
 20
5.777777863873375
 30
0.0
 10
1.459722243973778
 20
5.783333419511714
 30
0.0
 10
1.465277799612118
 20
5.791666752969224
 30
0.0
 10
1.469444466340872
 20
5.798611197517149
 30
0.0
 10
1.483333355436722
 20
5.800000086426734
 30
0.0
 10
1.497222244532571
 20
5.795833419697979
 30
0.0
 10
1.516666689266761
 20
5.788888975150054
 30
0.0
 10
1.515277800357176
 20
5.793055641878809
 30
0.0
 10
1.493055577803817
 20
5.811111197703413
 30
0.0
 10
1.477777799798382
 20
5.825000086799263
 30
0.0
 10
1.473611133069627
 20
5.831944531347188
 30
0.0
 10
1.483333355436722
 20
5.826388975708848
 30
0.0
 10
1.493055577803817
 20
5.820833420070508
 30
0.0
 10
1.504166689080496
 20
5.829166753528018
 30
0.0
 10
1.509722244718836
 20
5.843055642623867
 30
0.0
 10
1.515277800357176
 20
5.856944531719717
 30
0.0
 10
1.52500002272427
 20
5.872222309725152
 30
0.0
 10
1.53333335618178
 20
5.877777865363492
 30
0.0
 10
1.54166668963929
 20
5.883333421001831
 30
0.0
 10
1.548611134187214
 20
5.893055643368925
 30
0.0
 10
1.548611134187214
 20
5.898611199007265
 30
0.0
 10
1.550000023096799
 20
5.918055643741454
 30
0.0
 10
1.627777802033556
 20
6.027777867598666
 30
0.0
 10
1.640277802219821
 20
6.027777867598666
 30
0.0
 10
1.647222246767745
 20
6.027777867598666
 30
0.0
 10
1.652777802406085
 20
6.033333423237005
 30
0.0
 10
1.652777802406085
 20
6.04027786778493
 30
0.0
 10
1.652777802406085
 20
6.055555645790364
 30
0.0
 10
1.737500025890767
 20
6.194444536748859
 30
0.0
 10
1.745833359348277
 20
6.194444536748859
 30
0.0
 10
1.748611137167447
 20
6.194444536748859
 30
0.0
 10
1.748611137167447
 20
6.188888981110519
 30
0.0
 10
1.744444470438692
 20
6.181944536562594
 30
0.0
 10
1.740277803709937
 20
6.17500009201467
 30
0.0
 10
1.747222248257862
 20
6.16111120291882
 30
0.0
 10
1.761111137353711
 20
6.151388980551725
 30
0.0
 10
1.781944470997485
 20
6.134722313636706
 30
0.0
 10
1.781944470997485
 20
6.134722313636706
 30
0.0
 10
1.768055581901636
 20
6.152777869461311
 30
0.0
 10
1.755555581715371
 20
6.170833425285914
 30
0.0
 10
1.759722248444126
 20
6.188888981110519
 30
0.0
 10
1.79166669336458
 20
6.247222315313087
 30
0.0
 10
1.833333360652128
 20
6.325000094249844
 30
0.0
 10
1.826388916104203
 20
6.344444538984033
 30
0.0
 10
1.77777780426873
 20
6.281944538052711
 30
0.0
  0
HATCH
  5
DC
330
79
100
AcDbEntity
  8
Layer 1
 62
    18
420
        0
440
 33554687
100
AcDbHatch
 10
0.0
 20
0.0
 30
0.0
210
0.0
220
0.0
230
1.0
  2
SOLID
 70
     1
 71
     1
 91
        1
 92
        1
 93
        1
 72
     4
 94
        3
 73
     0
 74
     0
 95
      200
 96
      196
 40
0.0
 40
0.0
 40
0.0
 40
0.0
 40
1.0
 40
1.0
 40
1.0
 40
2.0
 40
2.0
 40
2.0
 40
3.0
 40
3.0
 40
3.0
 40
4.0
 40
4.0
 40
4.0
 40
5.0
 40
5.0
 40
5.0
 40
6.0
 40
6.0
 40
6.0
 40
7.0
 40
7.0
 40
7.0
 40
8.0
 40
8.0
 40
8.0
 40
9.0
 40
9.0
 40
9.0
 40
10.0
 40
10.0
 40
10.0
 40
11.0
 40
11.0
 40
11.0
 40
12.0
 40
12.0
 40
12.0
 40
13.0
 40
13.0
 40
13.0
 40
14.0
 40
14.0
 40
14.0
 40
15.0
 40
15.0
 40
15.0
 40
16.0
 40
16.0
 40
16.0
 40
17.0
 40
17.0
 40
17.0
 40
18.0
 40
18.0
 40
18.0
 40
19.0
 40
19.0
 40
19.0
 40
20.0
 40
20.0
 40
20.0
 40
21.0
 40
21.0
 40
21.0
 40
22.0
 40
22.0
 40
22.0
 40
23.0
 40
23.0
 40
23.0
 40
24.0
 40
24.0
 40
24.0
 40
25.0
 40
25.0
 40
25.0
 40
26.0
 40
26.0
 40
26.0
 40
27.0
 40
27.0
 40
27.0
 40
28.0
 40
28.0
 40
28.0
 40
29.0
 40
29.0
 40
29.0
 40
30.0
 40
30.0
 40
30.0
 40
31.0
 40
31.0
 40
31.0
 40
32.0
 40
32.0
 40
32.0
 40
33.0
 40
33.0
 40
33.0
 40
34.0
 40
34.0
 40
34.0
 40
35.0
 40
35.0
 40
35.0
 40
36.0
 40
36.0
 40
36.0
 40
37.0
 40
37.0
 40
37.0
 40
38.0
 40
38.0
 40
38.0
 40
39.0
 40
39.0
 40
39.0
 40
40.0
 40
40.0
 40
40.0
 40
41.0
 40
41.0
 40
41.0
 40
42.0
 40
42.0
 40
42.0
 40
43.0
 40
43.0
 40
43.0
 40
44.0
 40
44.0
 40
44.0
 40
45.0
 40
45.0
 40
45.0
 40
46.0
 40
46.0
 40
46.0
 40
47.0
 40
47.0
 40
47.0
 40
48.0
 40
48.0
 40
48.0
 40
49.0
 40
49.0
 40
49.0
 40
50.0
 40
50.0
 40
50.0
 40
51.0
 40
51.0
 40
51.0
 40
52.0
 40
52.0
 40
52.0
 40
53.0
 40
53.0
 40
53.0
 40
54.0
 40
54.0
 40
54.0
 40
55.0
 40
55.0
 40
55.0
 40
56.0
 40
56.0
 40
56.0
 40
57.0
 40
57.0
 40
57.0
 40
58.0
 40
58.0
 40
58.0
 40
59.0
 40
59.0
 40
59.0
 40
60.0
 40
60.0
 40
60.0
 40
61.0
 40
61.0
 40
61.0
 40
62.0
 40
62.0
 40
62.0
 40
63.0
 40
63.0
 40
63.0
 40
64.0
 40
64.0
 40
64.0
 40
65.0
 40
65.0
 40
65.0
 40
65.0
 10
1.77777780426873
 20
6.281944538052711
 10
1.693055580784049
 20
6.170833425285914
 10
1.430555576872494
 20
5.791666752969224
 10
1.430555576872494
 20
5.77916675278296
 10
1.430555576872494
 20
5.772222308235035
 10
1.445833354877928
 20
5.748611196772091
 10
1.463888910702532
 20
5.726388974218732
 10
1.463888910702532
 20
5.726388974218732
 10
1.498611133442156
 20
5.686111195840768
 10
1.498611133442156
 20
5.686111195840768
 10
1.498611133442156
 20
5.686111195840768
 10
1.454166688335438
 20
5.608333416904011
 10
1.454166688335438
 20
5.608333416904011
 10
1.429166687962909
 20
5.566666749616463
 10
1.387500020675361
 20
5.494444526318046
 10
1.361111131393247
 20
5.447222303392158
 10
1.334722242111133
 20
5.40000008046627
 10
1.304166686100264
 20
5.358333413178721
 10
1.295833352642754
 20
5.355555635359551
 10
1.273611130089395
 20
5.345833412992456
 10
0.9986111259915762
 20
5.311111190252833
 10
0.7527777889950408
 20
5.284722300970719
 10
0.5722222307489978
 20
5.26527785623653
 10
0.5513888971052236
 20
5.26527785623653
 10
0.5208333410943548
 20
5.286111189880304
 10
0.5027777852697505
 20
5.298611190066568
 10
0.4805555627163914
 20
5.304166745704908
 10
0.4722222292588817
 20
5.298611190066568
 10
0.463888895801372
 20
5.293055634428228
 10
0.4597222290726172
 20
5.297222301156984
 10
0.4611111179822021
 20
5.306944523524078
 10
0.4694444514397118
 20
5.343055635173286
 10
0.358333338672916
 20
5.38611119137042
 10
0.2375000035390258
 20
5.39444452482793
 10
0.1722222247885333
 20
5.40000008046627
 10
0.1166666684051355
 20
5.406944525014194
 10
0.1138888905859656
 20
5.409722302833364
 10
0.102777779309286
 20
5.420833414110044
 10
0.0694444454792473
 20
5.387500080280005
 10
0.0694444454792473
 20
5.366666746636231
 10
0.0694444454792473
 20
5.356944524269136
 10
0.0875000013038516
 20
5.338888968444532
 10
0.1111111127667957
 20
5.326388968258267
 10
0.1680555580597785
 20
5.297222301156984
 10
0.1736111136981182
 20
5.300000078976154
 10
0.1305555575009849
 20
5.337500079534947
 10
0.1305555575009849
 20
5.337500079534947
 10
0.0930555569421914
 20
5.370833413364985
 10
0.0930555569421914
 20
5.370833413364985
 10
0.0930555569421914
 20
5.370833413364985
 10
0.2027777807994021
 20
5.363888968817061
 10
0.2027777807994021
 20
5.363888968817061
 10
0.2625000039115548
 20
5.361111190997891
 10
0.3263888937524623
 20
5.358333413178721
 10
0.3430555606674817
 20
5.358333413178721
 10
0.361111116492086
 20
5.358333413178721
 10
0.3708333388591805
 20
5.351388968630796
 10
0.3666666721304257
 20
5.344444524082872
 10
0.361111116492086
 20
5.336111190625362
 10
0.3652777832208408
 20
5.331944523896607
 10
0.3763888944975204
 20
5.336111190625362
 10
0.386111116864615
 20
5.338888968444532
 10
0.4097222283275591
 20
5.329166746077437
 10
0.4263888952425785
 20
5.313888968072003
 10
0.4444444510671828
 20
5.298611190066568
 10
0.4763888959876365
 20
5.277777856422795
 10
0.4972222296314107
 20
5.268055634055699
 10
0.518055563275185
 20
5.258333411688605
 10
0.5236111189135247
 20
5.252777856050266
 10
0.5097222298176752
 20
5.25694452277902
 10
0.4958333407218257
 20
5.261111189507775
 10
0.488888896173901
 20
5.258333411688605
 10
0.4930555629026559
 20
5.250000078231096
 10
0.4972222296314107
 20
5.241666744773586
 10
0.5152777854560151
 20
5.238888966954416
 10
0.5319444523710344
 20
5.24305563368317
 10
0.5486111192860537
 20
5.24583341150234
 10
0.6277777871323957
 20
5.25138896714068
 10
0.7083333438883225
 20
5.255555633869435
 10
0.7888889006442494
 20
5.25972230059819
 10
0.8861111243151956
 20
5.268055634055699
 10
0.9236111248739891
 20
5.276388967513209
 10
0.9625000143423676
 20
5.283333412061134
 10
1.033333348731199
 20
5.293055634428228
 10
1.083333349476257
 20
5.297222301156984
 10
1.133333350221315
 20
5.301388967885738
 10
1.188888906604713
 20
5.308333412433663
 10
1.208333351338902
 20
5.311111190252833
 10
1.227777796073092
 20
5.313888968072003
 10
1.254166685355206
 20
5.318055634800757
 10
1.268055574451055
 20
5.318055634800757
 10
1.300000019371509
 20
5.319444523710343
 10
1.375000020489096
 20
5.393055635918345
 10
1.375000020489096
 20
5.422222303019629
 10
1.375000020489096
 20
5.434722303205894
 10
1.381944465037021
 20
5.444444525572988
 10
1.388888909584945
 20
5.444444525572988
 10
1.397222243042455
 20
5.444444525572988
 10
1.40138890977121
 20
5.448611192301743
 10
1.400000020861625
 20
5.455555636849667
 10
1.394444465223285
 20
5.472222303764687
 10
1.448611132697098
 20
5.555555638339783
 10
1.465277799612118
 20
5.555555638339783
 10
1.486111133255892
 20
5.555555638339783
 10
1.537500022910535
 20
5.498611193046801
 10
1.611111135118537
 20
5.395833413737515
 10
1.644444468948575
 20
5.350000079721212
 10
1.67361113604986
 20
5.309722301343248
 10
1.676388913869029
 20
5.306944523524078
 10
1.677777802778614
 20
5.304166745704908
 10
1.684722247326539
 20
5.304166745704908
 10
1.688888914055294
 20
5.309722301343248
 10
1.695833358603219
 20
5.316666745891173
 10
1.688888914055294
 20
5.329166746077437
 10
1.644444468948575
 20
5.379166746822495
 10
1.636111135491066
 20
5.38888896918959
 10
1.620833357485631
 20
5.411111191742949
 10
1.611111135118537
 20
5.430555636477138
 10
1.601388912751442
 20
5.448611192301743
 10
1.570833356740573
 20
5.487500081770122
 10
1.543055578548875
 20
5.51805563778099
 10
1.486111133255892
 20
5.580555638712312
 10
1.458333355064193
 20
5.620833417090276
 10
1.486111133255892
 20
5.604166750175257
 10
1.500000022351741
 20
5.595833416717747
 10
1.502777800170911
 20
5.598611194536917
 10
1.495833355622986
 20
5.615277861451937
 10
1.486111133255892
 20
5.64166675073405
 10
1.508333355809251
 20
5.64722230637239
 10
1.519444467085931
 20
5.622222305999861
 10
1.523611133814685
 20
5.612500083632767
 10
1.523611133814685
 20
5.620833417090276
 10
1.518055578176346
 20
5.643055639643635
 10
1.513888911447591
 20
5.663888973287409
 10
1.518055578176346
 20
5.688888973659938
 10
1.526388911633855
 20
5.700000084936618
 10
1.53888891182012
 20
5.715277862942053
 10
1.537500022910535
 20
5.719444529670807
 10
1.518055578176346
 20
5.716666751851637
 10
1.504166689080496
 20
5.716666751851637
 10
1.494444466713401
 20
5.723611196399562
 10
1.497222244532571
 20
5.733333418766656
 10
1.498611133442156
 20
5.741666752224166
 10
1.495833355622986
 20
5.748611196772091
 10
1.490277799984647
 20
5.748611196772091
 10
1.462500021792948
 20
5.744444530043336
 10
1.454166688335438
 20
5.751388974591261
 10
1.472222244160042
 20
5.763888974777525
 10
1.487500022165477
 20
5.77361119714462
 10
1.487500022165477
 20
5.777777863873375
 10
1.475000021979212
 20
5.777777863873375
 10
1.465277799612118
 20
5.777777863873375
 10
1.459722243973778
 20
5.783333419511714
 10
1.465277799612118
 20
5.791666752969224
 10
1.469444466340872
 20
5.798611197517149
 10
1.483333355436722
 20
5.800000086426734
 10
1.497222244532571
 20
5.795833419697979
 10
1.516666689266761
 20
5.788888975150054
 10
1.515277800357176
 20
5.793055641878809
 10
1.493055577803817
 20
5.811111197703413
 10
1.477777799798382
 20
5.825000086799263
 10
1.473611133069627
 20
5.831944531347188
 10
1.483333355436722
 20
5.826388975708848
 10
1.493055577803817
 20
5.820833420070508
 10
1.504166689080496
 20
5.829166753528018
 10
1.509722244718836
 20
5.843055642623867
 10
1.515277800357176
 20
5.856944531719717
 10
1.52500002272427
 20
5.872222309725152
 10
1.53333335618178
 20
5.877777865363492
 10
1.54166668963929
 20
5.883333421001831
 10
1.548611134187214
 20
5.893055643368925
 10
1.548611134187214
 20
5.898611199007265
 10
1.550000023096799
 20
5.918055643741454
 10
1.627777802033556
 20
6.027777867598666
 10
1.640277802219821
 20
6.027777867598666
 10
1.647222246767745
 20
6.027777867598666
 10
1.652777802406085
 20
6.033333423237005
 10
1.652777802406085
 20
6.04027786778493
 10
1.652777802406085
 20
6.055555645790364
 10
1.737500025890767
 20
6.194444536748859
 10
1.745833359348277
 20
6.194444536748859
 10
1.748611137167447
 20
6.194444536748859
 10
1.748611137167447
 20
6.188888981110519
 10
1.744444470438692
 20
6.181944536562594
 10
1.740277803709937
 20
6.17500009201467
 10
1.747222248257862
 20
6.16111120291882
 10
1.761111137353711
 20
6.151388980551725
 10
1.781944470997485
 20
6.134722313636706
 10
1.781944470997485
 20
6.134722313636706
 10
1.768055581901636
 20
6.152777869461311
 10
1.755555581715371
 20
6.170833425285914
 10
1.759722248444126
 20
6.188888981110519
 10
1.79166669336458
 20
6.247222315313087
 10
1.833333360652128
 20
6.325000094249844
 10
1.826388916104203
 20
6.344444538984033
 10
1.77777780426873
 20
6.281944538052711
 97
        0
 97
        1
330
DB
 75
     2
 76
     1
 98
        1
 10
0.0
 20
0.0
450
        0
451
        0
460
0.0
461
0.0
452
        0
462
0.0
453
        0
470

  0
SPLINE
  5
DD
330
79
100
AcDbEntity
  8
Layer 1
100
AcDbSpline
210
0.0
220
0.0
230
1.0
 70
     9
 71
     3
 72
    17
 73
    13
 74
     0
 42
0.0000000001
 43
0.0000000001
 40
0.0
 40
0.0
 40
0.0
 40
0.0
 40
1.0
 40
1.0
 40
1.0
 40
2.0
 40
2.0
 40
2.0
 40
3.0
 40
3.0
 40
3.0
 40
4.0
 40
4.0
 40
4.0
 40
4.0
 10
1.690277802964879
 20
6.268055648956861
 30
0.0
 10
1.694444469693634
 20
6.258333426589766
 30
0.0
 10
1.698611136422389
 20
6.250000093132257
 30
0.0
 10
1.701388914241558
 20
6.250000093132257
 30
0.0
 10
1.704166692060728
 20
6.250000093132257
 30
0.0
 10
1.708333358789483
 20
6.258333426589766
 30
0.0
 10
1.712500025518238
 20
6.268055648956861
 30
0.0
 10
1.716666692246993
 20
6.279166760233541
 30
0.0
 10
1.711111136608653
 20
6.287500093691051
 30
0.0
 10
1.701388914241558
 20
6.287500093691051
 30
0.0
 10
1.691666691874464
 20
6.287500093691051
 30
0.0
 10
1.686111136236124
 20
6.279166760233541
 30
0.0
 10
1.690277802964879
 20
6.268055648956861
 30
0.0
  0
HATCH
  5
DE
330
79
100
AcDbEntity
  8
Layer 1
 62
    18
420
        0
440
 33554687
100
AcDbHatch
 10
0.0
 20
0.0
 30
0.0
210
0.0
220
0.0
230
1.0
  2
SOLID
 70
     1
 71
     1
 91
        1
 92
        1
 93
        1
 72
     4
 94
        3
 73
     0
 74
     0
 95
       17
 96
       13
 40
0.0
 40
0.0
 40
0.0
 40
0.0
 40
1.0
 40
1.0
 40
1.0
 40
2.0
 40
2.0
 40
2.0
 40
3.0
 40
3.0
 40
3.0
 40
4.0
 40
4.0
 40
4.0
 40
4.0
 10
1.690277802964879
 20
6.268055648956861
 10
1.694444469693634
 20
6.258333426589766
 10
1.698611136422389
 20
6.250000093132257
 10
1.701388914241558
 20
6.250000093132257
 10
1.704166692060728
 20
6.250000093132257
 10
1.708333358789483
 20
6.258333426589766
 10
1.712500025518238
 20
6.268055648956861
 10
1.716666692246993
 20
6.279166760233541
 10
1.711111136608653
 20
6.287500093691051
 10
1.701388914241558
 20
6.287500093691051
 10
1.691666691874464
 20
6.287500093691051
 10
1.686111136236124
 20
6.279166760233541
 10
1.690277802964879
 20
6.268055648956861
 97
        0
 97
        1
330
DD
 75
     2
 76
     1
 98
        1
 10
0.0
 20
0.0
450
        0
451
        0
460
0.0
461
0.0
452
        0
462
0.0
453
        0
470

  0
SPLINE
  5
DF
330
79
100
AcDbEntity
  8
Layer 1
100
AcDbSpline
210
0.0
220
0.0
230
1.0
 70
     9
 71
     3
 72
    26
 73
    22
 74
     0
 42
0.0000000001
 43
0.0000000001
 40
0.0
 40
0.0
 40
0.0
 40
0.0
 40
1.0
 40
1.0
 40
1.0
 40
2.0
 40
2.0
 40
2.0
 40
3.0
 40
3.0
 40
3.0
 40
4.0
 40
4.0
 40
4.0
 40
5.0
 40
5.0
 40
5.0
 40
6.0
 40
6.0
 40
6.0
 40
7.0
 40
7.0
 40
7.0
 40
7.0
 10
2.256944478075537
 20
0.5347222301902043
 30
0.0
 10
2.320833367916444
 20
0.5263888967326946
 30
0.0
 10
2.402777813581956
 20
0.490277785083486
 30
0.0
 10
2.402777813581956
 20
0.4722222292588817
 30
0.0
 10
2.402777813581956
 20
0.4680555625301269
 30
0.0
 10
2.397222257943616
 20
0.4569444512534473
 30
0.0
 10
2.390277813395691
 20
0.4458333399767677
 30
0.0
 10
2.380555591028597
 20
0.4305555619713334
 30
0.0
 10
2.365277813023162
 20
0.4319444508809183
 30
0.0
 10
2.304166701001425
 20
0.4555555623438624
 30
0.0
 10
2.262500033713877
 20
0.4708333403492967
 30
0.0
 10
2.193055588234629
 20
0.4875000072643161
 30
0.0
 10
2.148611143127911
 20
0.4930555629026559
 30
0.0
 10
2.105555586930778
 20
0.4986111185409956
 30
0.0
 10
2.065277808552814
 20
0.5083333409080903
 30
0.0
 10
2.062500030733644
 20
0.5152777854560151
 30
0.0
 10
2.054166697276134
 20
0.5277777856422796
 30
0.0
 10
2.133333365122477
 20
0.5527777860148086
 30
0.0
 10
2.166666698952515
 20
0.5486111192860537
 30
0.0
 10
2.177777810229195
 20
0.5472222303764688
 30
0.0
 10
2.219444477516743
 20
0.5402777858285441
 30
0.0
 10
2.256944478075537
 20
0.5347222301902043
 30
0.0
  0
SPLINE
  5
E0
330
79
100
AcDbEntity
  8
Layer 1
100
AcDbSpline
210
0.0
220
0.0
230
1.0
 70
    11
 71
     3
 72
    44
 73
    40
 74
     0
 42
0.0000000001
 43
0.0000000001
 40
0.0
 40
0.0
 40
0.0
 40
0.0
 40
1.0
 40
1.0
 40
1.0
 40
2.0
 40
2.0
 40
2.0
 40
3.0
 40
3.0
 40
3.0
 40
4.0
 40
4.0
 40
4.0
 40
5.0
 40
5.0
 40
5.0
 40
6.0
 40
6.0
 40
6.0
 40
7.0
 40
7.0
 40
7.0
 40
8.0
 40
8.0
 40
8.0
 40
9.0
 40
9.0
 40
9.0
 40
10.0
 40
10.0
 40
10.0
 40
11.0
 40
11.0
 40
11.0
 40
12.0
 40
12.0
 40
12.0
 40
13.0
 40
13.0
 40
13.0
 40
13.0
 10
2.215277810787989
 20
0.6083333423982064
 30
0.0
 10
2.286111145176821
 20
0.6111111202173763
 30
0.0
 10
2.306944478820595
 20
0.6069444534886214
 30
0.0
 10
2.29166670081516
 20
0.5972222311215269
 30
0.0
 10
2.273611144990556
 20
0.5847222309352623
 30
0.0
 10
2.275000033900141
 20
0.5819444531160923
 30
0.0
 10
2.298611145363085
 20
0.5847222309352623
 30
0.0
 10
2.31388892336852
 20
0.5861111198448472
 30
0.0
 10
2.338888923741049
 20
0.5819444531160923
 30
0.0
 10
2.354166701746483
 20
0.5750000085681677
 30
0.0
 10
2.383333368847767
 20
0.5611111194723182
 30
0.0
 10
2.398611146853201
 20
0.5277777856422796
 30
0.0
 10
2.375000035390257
 20
0.5277777856422796
 30
0.0
 10
2.368055590842332
 20
0.5277777856422796
 30
0.0
 10
2.361111146294408
 20
0.5347222301902043
 30
0.0
 10
2.361111146294408
 20
0.543055563647714
 30
0.0
 10
2.361111146294408
 20
0.5500000081956387
 30
0.0
 10
2.354166701746483
 20
0.5527777860148086
 30
0.0
 10
2.347222257198558
 20
0.5486111192860537
 30
0.0
 10
2.338888923741049
 20
0.543055563647714
 30
0.0
 10
2.323611145735614
 20
0.5472222303764688
 30
0.0
 10
2.312500034458935
 20
0.5555555638339785
 30
0.0
 10
2.301388923182255
 20
0.5652777862010731
 30
0.0
 10
2.281944478448066
 20
0.5694444529298278
 30
0.0
 10
2.270833367171386
 20
0.5638888972914881
 30
0.0
 10
2.258333366985122
 20
0.5597222305627333
 30
0.0
 10
2.251388922437197
 20
0.5611111194723182
 30
0.0
 10
2.255555589165952
 20
0.568055564020243
 30
0.0
 10
2.263888922623462
 20
0.5819444531160923
 30
0.0
 10
2.091666697834928
 20
0.5763888974777526
 30
0.0
 10
2.069444475281569
 20
0.5625000083819032
 30
0.0
 10
2.062500030733644
 20
0.5583333416531483
 30
0.0
 10
2.063888919643229
 20
0.5736111196585827
 30
0.0
 10
2.072222253100739
 20
0.5986111200311118
 30
0.0
 10
2.084722253287004
 20
0.6347222316803204
 30
0.0
 10
2.090277808925343
 20
0.6388888984090752
 30
0.0
 10
2.102777809111608
 20
0.6236111204036408
 30
0.0
 10
2.113888920388288
 20
0.6097222313077914
 30
0.0
 10
2.144444476399156
 20
0.6055555645790366
 30
0.0
 10
2.215277810787989
 20
0.6083333423982064
 30
0.0
  0
SPLINE
  5
E1
330
79
100
AcDbEntity
  8
Layer 1
100
AcDbSpline
210
0.0
220
0.0
230
1.0
 70
     9
 71
     3
 72
    20
 73
    16
 74
     0
 42
0.0000000001
 43
0.0000000001
 40
0.0
 40
0.0
 40
0.0
 40
0.0
 40
1.0
 40
1.0
 40
1.0
 40
2.0
 40
2.0
 40
2.0
 40
3.0
 40
3.0
 40
3.0
 40
4.0
 40
4.0
 40
4.0
 40
5.0
 40
5.0
 40
5.0
 40
5.0
 10
2.358333368475238
 20
0.6916666769733031
 30
0.0
 10
2.412500035949051
 20
0.6680555655103591
 30
0.0
 10
2.458333369965354
 20
0.6236111204036408
 30
0.0
 10
2.458333369965354
 20
0.5944444533023569
 30
0.0
 10
2.458333369965354
 20
0.5625000083819032
 30
0.0
 10
2.441666703050334
 20
0.5625000083819032
 30
0.0
 10
2.370833368661502
 20
0.6000000089406968
 30
0.0
 10
2.333333368102709
 20
0.6180555647653011
 30
0.0
 10
2.276388922809726
 20
0.6319444538611504
 30
0.0
 10
2.212500032968819
 20
0.6361111205899053
 30
0.0
 10
2.104166698021193
 20
0.6430555651378301
 30
0.0
 10
2.076388919829494
 20
0.6638888987816042
 30
0.0
 10
2.129166698393722
 20
0.7013888993403978
 30
0.0
 10
2.162500032223761
 20
0.7263888997129268
 30
0.0
 10
2.288888922995991
 20
0.720833344074587
 30
0.0
 10
2.358333368475238
 20
0.6916666769733031
 30
0.0
  0
SPLINE
  5
E2
330
79
100
AcDbEntity
  8
Layer 1
100
AcDbSpline
210
0.0
220
0.0
230
1.0
 70
     9
 71
     3
 72
    14
 73
    10
 74
     0
 42
0.0000000001
 43
0.0000000001
 40
0.0
 40
0.0
 40
0.0
 40
0.0
 40
1.0
 40
1.0
 40
1.0
 40
2.0
 40
2.0
 40
2.0
 40
3.0
 40
3.0
 40
3.0
 40
3.0
 10
2.876388931750423
 20
0.8625000128522515
 30
0.0
 10
2.865277820473743
 20
0.8555555683043268
 30
0.0
 10
2.848611153558724
 20
0.8527777904851568
 30
0.0
 10
2.837500042282044
 20
0.8569444572139117
 30
0.0
 10
2.80833337518076
 20
0.8680555684905913
 30
0.0
 10
2.81666670863827
 20
0.875000013038516
 30
0.0
 10
2.858333375925818
 20
0.875000013038516
 30
0.0
 10
2.886111154117518
 20
0.875000013038516
 30
0.0
 10
2.890277820846272
 20
0.8708333463097611
 30
0.0
 10
2.876388931750423
 20
0.8625000128522515
 30
0.0
  0
SPLINE
  5
E3
330
79
100
AcDbEntity
  8
Layer 1
100
AcDbSpline
210
0.0
220
0.0
230
1.0
 70
     9
 71
     3
 72
    14
 73
    10
 74
     0
 42
0.0000000001
 43
0.0000000001
 40
0.0
 40
0.0
 40
0.0
 40
0.0
 40
1.0
 40
1.0
 40
1.0
 40
2.0
 40
2.0
 40
2.0
 40
3.0
 40
3.0
 40
3.0
 40
3.0
 10
2.95416671068718
 20
0.8652777906714213
 30
0.0
 10
2.941666710500915
 20
0.8527777904851568
 30
0.0
 10
2.926388932495481
 20
0.847222234846817
 30
0.0
 10
2.920833376857141
 20
0.8527777904851568
 30
0.0
 10
2.915277821218801
 20
0.8583333461234966
 30
0.0
 10
2.919444487947556
 20
0.8680555684905913
 30
0.0
 10
2.930555599224236
 20
0.875000013038516
 30
0.0
 10
2.965277821963859
 20
0.897222235591875
 30
0.0
 10
2.979166711059709
 20
0.8902777910439503
 30
0.0
 10
2.95416671068718
 20
0.8652777906714213
 30
0.0
  0
SPLINE
  5
E4
330
79
100
AcDbEntity
  8
Layer 1
100
AcDbSpline
210
0.0
220
0.0
230
1.0
 70
     9
 71
     3
 72
    20
 73
    16
 74
     0
 42
0.0000000001
 43
0.0000000001
 40
0.0
 40
0.0
 40
0.0
 40
0.0
 40
1.0
 40
1.0
 40
1.0
 40
2.0
 40
2.0
 40
2.0
 40
3.0
 40
3.0
 40
3.0
 40
4.0
 40
4.0
 40
4.0
 40
5.0
 40
5.0
 40
5.0
 40
5.0
 10
3.270833382072547
 20
0.9583333476136127
 30
0.0
 10
3.276388937710887
 20
0.9500000141561031
 30
0.0
 10
3.269444493162962
 20
0.9486111252465182
 30
0.0
 10
3.254166715157528
 20
0.9541666808848578
 30
0.0
 10
3.240277826061678
 20
0.9583333476136127
 30
0.0
 10
3.233333381513754
 20
0.9569444587040278
 30
0.0
 10
3.240277826061678
 20
0.951388903065688
 30
0.0
 10
3.250000048428773
 20
0.9402777917890084
 30
0.0
 10
3.152777824757827
 20
0.8986111245014601
 30
0.0
 10
3.141666713481147
 20
0.9083333468685546
 30
0.0
 10
3.137500046752393
 20
0.9138889025068944
 30
0.0
 10
3.233333381513754
 20
0.9666666810711223
 30
0.0
 10
3.252777826247943
 20
0.9708333477998772
 30
0.0
 10
3.258333381886283
 20
0.9708333477998772
 30
0.0
 10
3.266666715343792
 20
0.9666666810711223
 30
0.0
 10
3.270833382072547
 20
0.9583333476136127
 30
0.0
  0
SPLINE
  5
E5
330
79
100
AcDbEntity
  8
Layer 1
100
AcDbSpline
210
0.0
220
0.0
230
1.0
 70
     9
 71
     3
 72
    20
 73
    16
 74
     0
 42
0.0000000001
 43
0.0000000001
 40
0.0
 40
0.0
 40
0.0
 40
0.0
 40
1.0
 40
1.0
 40
1.0
 40
2.0
 40
2.0
 40
2.0
 40
3.0
 40
3.0
 40
3.0
 40
4.0
 40
4.0
 40
4.0
 40
5.0
 40
5.0
 40
5.0
 40
5.0
 10
3.354166716647644
 20
0.9722222367094621
 30
0.0
 10
3.350000049918889
 20
0.9652777921615374
 30
0.0
 10
3.33611116082304
 20
0.9638889032519525
 30
0.0
 10
3.323611160636775
 20
0.9680555699807074
 30
0.0
 10
3.306944493721756
 20
0.9750000145286321
 30
0.0
 10
3.304166715902586
 20
0.9722222367094621
 30
0.0
 10
3.312500049360096
 20
0.9583333476136127
 30
0.0
 10
3.320833382817605
 20
0.9458333474273482
 30
0.0
 10
3.318055604998435
 20
0.9430555696081784
 30
0.0
 10
3.305555604812171
 20
0.951388903065688
 30
0.0
 10
3.291666715716321
 20
0.9597222365231976
 30
0.0
 10
3.293055604625906
 20
0.9666666810711223
 30
0.0
 10
3.312500049360096
 20
0.9805555701669719
 30
0.0
 10
3.33888893864221
 20
1.000000014901161
 30
0.0
 10
3.366666716833909
 20
0.9930555703532364
 30
0.0
 10
3.354166716647644
 20
0.9722222367094621
 30
0.0
  0
SPLINE
  5
E6
330
79
100
AcDbEntity
  8
Layer 1
100
AcDbSpline
210
0.0
220
0.0
230
1.0
 70
     9
 71
     3
 72
    17
 73
    13
 74
     0
 42
0.0000000001
 43
0.0000000001
 40
0.0
 40
0.0
 40
0.0
 40
0.0
 40
1.0
 40
1.0
 40
1.0
 40
2.0
 40
2.0
 40
2.0
 40
3.0
 40
3.0
 40
3.0
 40
4.0
 40
4.0
 40
4.0
 40
4.0
 10
3.388888939387268
 20
1.000000014901161
 30
0.0
 10
3.388888939387268
 20
0.9930555703532364
 30
0.0
 10
3.386111161568098
 20
0.9861111258053117
 30
0.0
 10
3.383333383748928
 20
0.9861111258053117
 30
0.0
 10
3.379166717020173
 20
0.9861111258053117
 30
0.0
 10
3.372222272472249
 20
0.9930555703532364
 30
0.0
 10
3.368055605743494
 20
1.000000014901161
 30
0.0
 10
3.363888939014739
 20
1.00833334835867
 30
0.0
 10
3.366666716833909
 20
1.01388890399701
 30
0.0
 10
3.373611161381834
 20
1.01388890399701
 30
0.0
 10
3.381944494839343
 20
1.01388890399701
 30
0.0
 10
3.388888939387268
 20
1.00833334835867
 30
0.0
 10
3.388888939387268
 20
1.000000014901161
 30
0.0
  0
SPLINE
  5
E7
330
79
100
AcDbEntity
  8
Layer 1
100
AcDbSpline
210
0.0
220
0.0
230
1.0
 70
     9
 71
     3
 72
    50
 73
    46
 74
     0
 42
0.0000000001
 43
0.0000000001
 40
0.0
 40
0.0
 40
0.0
 40
0.0
 40
1.0
 40
1.0
 40
1.0
 40
2.0
 40
2.0
 40
2.0
 40
3.0
 40
3.0
 40
3.0
 40
4.0
 40
4.0
 40
4.0
 40
5.0
 40
5.0
 40
5.0
 40
6.0
 40
6.0
 40
6.0
 40
7.0
 40
7.0
 40
7.0
 40
8.0
 40
8.0
 40
8.0
 40
9.0
 40
9.0
 40
9.0
 40
10.0
 40
10.0
 40
10.0
 40
11.0
 40
11.0
 40
11.0
 40
12.0
 40
12.0
 40
12.0
 40
13.0
 40
13.0
 40
13.0
 40
14.0
 40
14.0
 40
14.0
 40
15.0
 40
15.0
 40
15.0
 40
15.0
 10
3.59722227582501
 20
1.111111127667956
 30
0.0
 10
3.59722227582501
 20
1.104166683120032
 30
0.0
 10
3.5888889423675
 20
1.097222238572107
 30
0.0
 10
3.579166720000405
 20
1.097222238572107
 30
0.0
 10
3.568055608723726
 20
1.097222238572107
 30
0.0
 10
3.548611163989537
 20
1.084722238385842
 30
0.0
 10
3.534722274893687
 20
1.069444460380408
 30
0.0
 10
3.520833385797838
 20
1.054166682374974
 30
0.0
 10
3.501388941063648
 20
1.041666682188709
 30
0.0
 10
3.490277829786969
 20
1.041666682188709
 30
0.0
 10
3.480555607419874
 20
1.041666682188709
 30
0.0
 10
3.472222273962365
 20
1.037500015459954
 30
0.0
 10
3.472222273962365
 20
1.031944459821614
 30
0.0
 10
3.472222273962365
 20
1.02500001527369
 30
0.0
 10
3.455555607047345
 20
1.01944445963535
 30
0.0
 10
3.433333384493986
 20
1.01944445963535
 30
0.0
 10
3.433333384493986
 20
1.01944445963535
 30
0.0
 10
3.395833383935193
 20
1.018055570725765
 30
0.0
 10
3.395833383935193
 20
1.018055570725765
 30
0.0
 10
3.395833383935193
 20
1.018055570725765
 30
0.0
 10
3.434722273403571
 20
1.033333348731199
 30
0.0
 10
3.434722273403571
 20
1.033333348731199
 30
0.0
 10
3.455555607047345
 20
1.043055571098294
 30
0.0
 10
3.46805560723361
 20
1.055555571284559
 30
0.0
 10
3.46250005159527
 20
1.061111126922898
 30
0.0
 10
3.45694449595693
 20
1.066666682561238
 30
0.0
 10
3.463888940504855
 20
1.066666682561238
 30
0.0
 10
3.477777829600704
 20
1.061111126922898
 30
0.0
 10
3.495833385425309
 20
1.054166682374974
 30
0.0
 10
3.501388941063648
 20
1.055555571284559
 30
0.0
 10
3.494444496515724
 20
1.066666682561238
 30
0.0
 10
3.487500051967799
 20
1.077777793837918
 30
0.0
 10
3.493055607606139
 20
1.080555571657088
 30
0.0
 10
3.508333385611573
 20
1.073611127109163
 30
0.0
 10
3.526388941436177
 20
1.066666682561238
 30
0.0
 10
3.529166719255347
 20
1.069444460380408
 30
0.0
 10
3.520833385797838
 20
1.084722238385842
 30
0.0
 10
3.515277830159498
 20
1.095833349662522
 30
0.0
 10
3.513888941249913
 20
1.100000016391277
 30
0.0
 10
3.520833385797838
 20
1.094444460752937
 30
0.0
 10
3.526388941436177
 20
1.088888905114597
 30
0.0
 10
3.544444497260782
 20
1.093055571843352
 30
0.0
 10
3.561111164175801
 20
1.104166683120032
 30
0.0
 10
3.59444449800584
 20
1.129166683492561
 30
0.0
 10
3.59722227582501
 20
1.129166683492561
 30
0.0
 10
3.59722227582501
 20
1.111111127667956
 30
0.0
  0
SPLINE
  5
E8
330
79
100
AcDbEntity
  8
Layer 1
100
AcDbSpline
210
0.0
220
0.0
230
1.0
 70
     9
 71
     3
 72
    17
 73
    13
 74
     0
 42
0.0000000001
 43
0.0000000001
 40
0.0
 40
0.0
 40
0.0
 40
0.0
 40
1.0
 40
1.0
 40
1.0
 40
2.0
 40
2.0
 40
2.0
 40
3.0
 40
3.0
 40
3.0
 40
4.0
 40
4.0
 40
4.0
 40
4.0
 10
3.750000055879354
 20
1.231944462801847
 30
0.0
 10
3.750000055879354
 20
1.229166684982677
 30
0.0
 10
3.72083338877807
 20
1.206944462429318
 30
0.0
 10
3.684722277128861
 20
1.181944462056789
 30
0.0
 10
3.684722277128861
 20
1.181944462056789
 30
0.0
 10
3.618055609468784
 20
1.136111128040485
 30
0.0
 10
3.618055609468784
 20
1.136111128040485
 30
0.0
 10
3.618055609468784
 20
1.136111128040485
 30
0.0
 10
3.672222276942597
 20
1.186111128785543
 30
0.0
 10
3.672222276942597
 20
1.186111128785543
 30
0.0
 10
3.719444499868485
 20
1.229166684982677
 30
0.0
 10
3.750000055879354
 20
1.247222240807281
 30
0.0
 10
3.750000055879354
 20
1.231944462801847
 30
0.0
  0
SPLINE
  5
E9
330
79
100
AcDbEntity
  8
Layer 1
100
AcDbSpline
210
0.0
220
0.0
230
1.0
 70
     9
 71
     3
 72
    20
 73
    16
 74
     0
 42
0.0000000001
 43
0.0000000001
 40
0.0
 40
0.0
 40
0.0
 40
0.0
 40
1.0
 40
1.0
 40
1.0
 40
2.0
 40
2.0
 40
2.0
 40
3.0
 40
3.0
 40
3.0
 40
4.0
 40
4.0
 40
4.0
 40
5.0
 40
5.0
 40
5.0
 40
5.0
 10
3.793055612076487
 20
1.27777779681815
 30
0.0
 10
3.775000056251883
 20
1.262500018812716
 30
0.0
 10
3.754166722608109
 20
1.250000018626451
 30
0.0
 10
3.744444500241014
 20
1.251388907536036
 30
0.0
 10
3.736111166783504
 20
1.251388907536036
 30
0.0
 10
3.743055611331429
 20
1.258333352083961
 30
0.0
 10
3.761111167156033
 20
1.26666668554147
 30
0.0
 10
3.777777834071053
 20
1.27500001899898
 30
0.0
 10
3.791666723166902
 20
1.287500019185245
 30
0.0
 10
3.791666723166902
 20
1.294444463733169
 30
0.0
 10
3.791666723166902
 20
1.300000019371509
 30
0.0
 10
3.800000056624412
 20
1.305555575009849
 30
0.0
 10
3.809722278991507
 20
1.305555575009849
 30
0.0
 10
3.818055612449016
 20
1.304166686100264
 30
0.0
 10
3.811111167901092
 20
1.291666685913999
 30
0.0
 10
3.793055612076487
 20
1.27777779681815
 30
0.0
  0
SPLINE
  5
EA
330
79
100
AcDbEntity
  8
Layer 1
100
AcDbSpline
210
0.0
220
0.0
230
1.0
 70
     9
 71
     3
 72
    14
 73
    10
 74
     0
 42
0.0000000001
 43
0.0000000001
 40
0.0
 40
0.0
 40
0.0
 40
0.0
 40
1.0
 40
1.0
 40
1.0
 40
2.0
 40
2.0
 40
2.0
 40
3.0
 40
3.0
 40
3.0
 40
3.0
 10
3.843055612821545
 20
1.326388908653623
 30
0.0
 10
3.843055612821545
 20
1.315277797376943
 30
0.0
 10
3.837500057183206
 20
1.309722241738604
 30
0.0
 10
3.830555612635281
 20
1.313888908467358
 30
0.0
 10
3.823611168087356
 20
1.318055575196113
 30
0.0
 10
3.822222279177771
 20
1.327777797563208
 30
0.0
 10
3.826388945906526
 20
1.334722242111133
 30
0.0
 10
3.83888894609279
 20
1.352777797935737
 30
0.0
 10
3.843055612821545
 20
1.350000020116567
 30
0.0
 10
3.843055612821545
 20
1.326388908653623
 30
0.0
  0
SPLINE
  5
EB
330
79
100
AcDbEntity
  8
Layer 1
100
AcDbSpline
210
0.0
220
0.0
230
1.0
 70
     9
 71
     3
 72
    14
 73
    10
 74
     0
 42
0.0000000001
 43
0.0000000001
 40
0.0
 40
0.0
 40
0.0
 40
0.0
 40
1.0
 40
1.0
 40
1.0
 40
2.0
 40
2.0
 40
2.0
 40
3.0
 40
3.0
 40
3.0
 40
3.0
 10
3.930555614125397
 20
1.430555576872494
 30
0.0
 10
3.922222280667887
 20
1.415277798867059
 30
0.0
 10
3.908333391572038
 20
1.405555576499965
 30
0.0
 10
3.901388947024113
 20
1.411111132138305
 30
0.0
 10
3.893055613566603
 20
1.415277798867059
 30
0.0
 10
3.897222280295358
 20
1.427777799053324
 30
0.0
 10
3.912500058300793
 20
1.438888910330003
 30
0.0
 10
3.945833392130831
 20
1.463888910702532
 30
0.0
 10
3.948611169950001
 20
1.462500021792948
 30
0.0
 10
3.930555614125397
 20
1.430555576872494
 30
0.0
  0
SPLINE
  5
EC
330
79
100
AcDbEntity
  8
Layer 1
100
AcDbSpline
210
0.0
220
0.0
230
1.0
 70
     9
 71
     3
 72
    26
 73
    22
 74
     0
 42
0.0000000001
 43
0.0000000001
 40
0.0
 40
0.0
 40
0.0
 40
0.0
 40
1.0
 40
1.0
 40
1.0
 40
2.0
 40
2.0
 40
2.0
 40
3.0
 40
3.0
 40
3.0
 40
4.0
 40
4.0
 40
4.0
 40
5.0
 40
5.0
 40
5.0
 40
6.0
 40
6.0
 40
6.0
 40
7.0
 40
7.0
 40
7.0
 40
7.0
 10
3.993055615056719
 20
1.501388911261326
 30
0.0
 10
3.988888948327964
 20
1.493055577803817
 30
0.0
 10
3.977777837051285
 20
1.490277799984647
 30
0.0
 10
3.969444503593775
 20
1.494444466713401
 30
0.0
 10
3.958333392317096
 20
1.501388911261326
 30
0.0
 10
3.956944503407511
 20
1.495833355622986
 30
0.0
 10
3.963888947955435
 20
1.477777799798382
 30
0.0
 10
3.97083339250336
 20
1.458333355064193
 30
0.0
 10
3.969444503593775
 20
1.455555577245023
 30
0.0
 10
3.956944503407511
 20
1.468055577431288
 30
0.0
 10
3.938888947582906
 20
1.486111133255892
 30
0.0
 10
3.954166725588341
 20
1.518055578176346
 30
0.0
 10
3.975000059232115
 20
1.505555577990081
 30
0.0
 10
3.986111170508795
 20
1.498611133442156
 30
0.0
 10
3.98750005941838
 20
1.504166689080496
 30
0.0
 10
3.980555614870455
 20
1.5222222449051
 30
0.0
 10
3.97361117032253
 20
1.54166668963929
 30
0.0
 10
3.975000059232115
 20
1.54444446745846
 30
0.0
 10
3.98750005941838
 20
1.531944467272195
 30
0.0
 10
3.995833392875889
 20
1.523611133814685
 30
0.0
 10
3.998611170695059
 20
1.509722244718836
 30
0.0
 10
3.993055615056719
 20
1.501388911261326
 30
0.0
  0
SPLINE
  5
ED
330
79
100
AcDbEntity
  8
Layer 1
100
AcDbSpline
210
0.0
220
0.0
230
1.0
 70
     9
 71
     3
 72
    20
 73
    16
 74
     0
 42
0.0000000001
 43
0.0000000001
 40
0.0
 40
0.0
 40
0.0
 40
0.0
 40
1.0
 40
1.0
 40
1.0
 40
2.0
 40
2.0
 40
2.0
 40
3.0
 40
3.0
 40
3.0
 40
4.0
 40
4.0
 40
4.0
 40
5.0
 40
5.0
 40
5.0
 40
5.0
 10
4.025000059977173
 20
1.561111134373479
 30
0.0
 10
4.009722281971739
 20
1.545833356368044
 30
0.0
 10
4.000000059604644
 20
1.543055578548875
 30
0.0
 10
3.993055615056719
 20
1.554166689825554
 30
0.0
 10
3.98750005941838
 20
1.563888912192649
 30
0.0
 10
3.991666726147134
 20
1.568055578921404
 30
0.0
 10
4.002777837423814
 20
1.566666690011819
 30
0.0
 10
4.012500059790909
 20
1.563888912192649
 30
0.0
 10
4.019444504338833
 20
1.573611134559743
 30
0.0
 10
4.018055615429249
 20
1.588888912565178
 30
0.0
 10
4.016666726519663
 20
1.606944468389782
 30
0.0
 10
4.020833393248418
 20
1.609722246208952
 30
0.0
 10
4.031944504525098
 20
1.598611134932272
 30
0.0
 10
4.043055615801778
 20
1.587500023655593
 30
0.0
 10
4.041666726892192
 20
1.577777801288498
 30
0.0
 10
4.025000059977173
 20
1.561111134373479
 30
0.0
  0
SPLINE
  5
EE
330
79
100
AcDbEntity
  8
Layer 1
100
AcDbSpline
210
0.0
220
0.0
230
1.0
 70
     9
 71
     3
 72
    23
 73
    19
 74
     0
 42
0.0000000001
 43
0.0000000001
 40
0.0
 40
0.0
 40
0.0
 40
0.0
 40
1.0
 40
1.0
 40
1.0
 40
2.0
 40
2.0
 40
2.0
 40
3.0
 40
3.0
 40
3.0
 40
4.0
 40
4.0
 40
4.0
 40
5.0
 40
5.0
 40
5.0
 40
6.0
 40
6.0
 40
6.0
 40
6.0
 10
4.08333339417974
 20
1.64583335785816
 30
0.0
 10
4.08333339417974
 20
1.644444468948575
 30
0.0
 10
4.075000060722231
 20
1.634722246581481
 30
0.0
 10
4.063888949445551
 20
1.626388913123971
 30
0.0
 10
4.048611171440117
 20
1.613888912937707
 30
0.0
 10
4.041666726892192
 20
1.613888912937707
 30
0.0
 10
4.033333393434682
 20
1.626388913123971
 30
0.0
 10
4.026388948886758
 20
1.637500024400651
 30
0.0
 10
4.029166726705928
 20
1.638888913310236
 30
0.0
 10
4.041666726892192
 20
1.631944468762311
 30
0.0
 10
4.055555615988042
 20
1.623611135304801
 30
0.0
 10
4.058333393807211
 20
1.626388913123971
 30
0.0
 10
4.051388949259287
 20
1.643055580038991
 30
0.0
 10
4.045833393620947
 20
1.658333358044425
 30
0.0
 10
4.048611171440117
 20
1.66250002477318
 30
0.0
 10
4.063888949445551
 20
1.65694446913484
 30
0.0
 10
4.073611171812646
 20
1.652777802406085
 30
0.0
 10
4.08333339417974
 20
1.64861113567733
 30
0.0
 10
4.08333339417974
 20
1.64583335785816
 30
0.0
  0
SPLINE
  5
EF
330
79
100
AcDbEntity
  8
Layer 1
100
AcDbSpline
210
0.0
220
0.0
230
1.0
 70
     9
 71
     3
 72
    32
 73
    28
 74
     0
 42
0.0000000001
 43
0.0000000001
 40
0.0
 40
0.0
 40
0.0
 40
0.0
 40
1.0
 40
1.0
 40
1.0
 40
2.0
 40
2.0
 40
2.0
 40
3.0
 40
3.0
 40
3.0
 40
4.0
 40
4.0
 40
4.0
 40
5.0
 40
5.0
 40
5.0
 40
6.0
 40
6.0
 40
6.0
 40
7.0
 40
7.0
 40
7.0
 40
8.0
 40
8.0
 40
8.0
 40
9.0
 40
9.0
 40
9.0
 40
9.0
 10
4.147222284020648
 20
1.768055581901636
 30
0.0
 10
4.143055617291894
 20
1.762500026263296
 30
0.0
 10
4.138888950563138
 20
1.768055581901636
 30
0.0
 10
4.138888950563138
 20
1.779166693178315
 30
0.0
 10
4.138888950563138
 20
1.790277804454995
 30
0.0
 10
4.129166728196044
 20
1.7805555820879
 30
0.0
 10
4.118055616919365
 20
1.758333359534541
 30
0.0
 10
4.106944505642685
 20
1.737500025890767
 30
0.0
 10
4.101388950004345
 20
1.712500025518238
 30
0.0
 10
4.106944505642685
 20
1.704166692060728
 30
0.0
 10
4.111111172371439
 20
1.695833358603219
 30
0.0
 10
4.108333394552269
 20
1.694444469693634
 30
0.0
 10
4.10000006109476
 20
1.700000025331974
 30
0.0
 10
4.090277838727666
 20
1.705555580970313
 30
0.0
 10
4.08333339417974
 20
1.702777803151143
 30
0.0
 10
4.08333339417974
 20
1.693055580784049
 30
0.0
 10
4.08333339417974
 20
1.683333358416954
 30
0.0
 10
4.080555616360571
 20
1.679166691688199
 30
0.0
 10
4.076388949631816
 20
1.683333358416954
 30
0.0
 10
4.072222282903061
 20
1.687500025145709
 30
0.0
 10
4.081944505270156
 20
1.719444470066163
 30
0.0
 10
4.10000006109476
 20
1.755555581715371
 30
0.0
 10
4.125000061467289
 20
1.806944471370014
 30
0.0
 10
4.133333394924799
 20
1.815277804827524
 30
0.0
 10
4.143055617291894
 20
1.79722224900292
 30
0.0
 10
4.150000061839818
 20
1.78611113772624
 30
0.0
 10
4.151388950749403
 20
1.772222248630391
 30
0.0
 10
4.147222284020648
 20
1.768055581901636
 30
0.0
  0
SPLINE
  5
F0
330
79
100
AcDbEntity
  8
Layer 1
100
AcDbSpline
210
0.0
220
0.0
230
1.0
 70
    11
 71
     3
 72
    20
 73
    16
 74
     0
 42
0.0000000001
 43
0.0000000001
 40
0.0
 40
0.0
 40
0.0
 40
0.0
 40
1.0
 40
1.0
 40
1.0
 40
2.0
 40
2.0
 40
2.0
 40
3.0
 40
3.0
 40
3.0
 40
4.0
 40
4.0
 40
4.0
 40
5.0
 40
5.0
 40
5.0
 40
5.0
 10
4.208333396042386
 20
1.91805558413681
 30
0.0
 10
4.208333396042386
 20
1.91250002849847
 30
0.0
 10
4.198611173675291
 20
1.895833361583451
 30
0.0
 10
4.186111173489027
 20
1.880555583578017
 30
0.0
 10
4.166666728754838
 20
1.855555583205488
 30
0.0
 10
4.165277839845253
 20
1.855555583205488
 30
0.0
 10
4.180555617850687
 20
1.886111139216356
 30
0.0
 10
4.188888951308197
 20
1.902777806131376
 30
0.0
 10
4.191666729127367
 20
1.925000028684735
 30
0.0
 10
4.186111173489027
 20
1.933333362142244
 30
0.0
 10
4.180555617850687
 20
1.943055584509339
 30
0.0
 10
4.181944506760272
 20
1.944444473418924
 30
0.0
 10
4.191666729127367
 20
1.938888917780584
 30
0.0
 10
4.201388951494461
 20
1.933333362142244
 30
0.0
 10
4.208333396042386
 20
1.92361113977515
 30
0.0
 10
4.208333396042386
 20
1.91805558413681
 30
0.0
  0
SPLINE
  5
F1
330
79
100
AcDbEntity
  8
Layer 1
100
AcDbSpline
210
0.0
220
0.0
230
1.0
 70
     9
 71
     3
 72
    14
 73
    10
 74
     0
 42
0.0000000001
 43
0.0000000001
 40
0.0
 40
0.0
 40
0.0
 40
0.0
 40
1.0
 40
1.0
 40
1.0
 40
2.0
 40
2.0
 40
2.0
 40
3.0
 40
3.0
 40
3.0
 40
3.0
 10
4.250000063329935
 20
2.008333363259831
 30
0.0
 10
4.250000063329935
 20
2.005555585440661
 30
0.0
 10
4.24027784096284
 20
1.998611140892737
 30
0.0
 10
4.227777840776576
 20
1.994444474163982
 30
0.0
 10
4.216666729499896
 20
1.990277807435227
 30
0.0
 10
4.211111173861556
 20
1.991666696344812
 30
0.0
 10
4.215277840590311
 20
2.000000029802322
 30
0.0
 10
4.22361117404782
 20
2.013888918898171
 30
0.0
 10
4.250000063329935
 20
2.019444474536511
 30
0.0
 10
4.250000063329935
 20
2.008333363259831
 30
0.0
  0
SPLINE
  5
F2
330
79
100
AcDbEntity
  8
Layer 1
100
AcDbSpline
210
0.0
220
0.0
230
1.0
 70
     9
 71
     3
 72
    17
 73
    13
 74
     0
 42
0.0000000001
 43
0.0000000001
 40
0.0
 40
0.0
 40
0.0
 40
0.0
 40
1.0
 40
1.0
 40
1.0
 40
2.0
 40
2.0
 40
2.0
 40
3.0
 40
3.0
 40
3.0
 40
4.0
 40
4.0
 40
4.0
 40
4.0
 10
4.263888952425784
 20
2.063888919643229
 30
0.0
 10
4.263888952425784
 20
2.059722252914474
 30
0.0
 10
4.258333396787444
 20
2.05277780836655
 30
0.0
 10
4.250000063329935
 20
2.048611141637795
 30
0.0
 10
4.24305561878201
 20
2.04444447490904
 30
0.0
 10
4.236111174234085
 20
2.04722225272821
 30
0.0
 10
4.236111174234085
 20
2.054166697276134
 30
0.0
 10
4.236111174234085
 20
2.062500030733644
 30
0.0
 10
4.24305561878201
 20
2.069444475281569
 30
0.0
 10
4.250000063329935
 20
2.069444475281569
 30
0.0
 10
4.258333396787444
 20
2.069444475281569
 30
0.0
 10
4.263888952425784
 20
2.066666697462399
 30
0.0
 10
4.263888952425784
 20
2.063888919643229
 30
0.0
  0
SPLINE
  5
F3
330
79
100
AcDbEntity
  8
Layer 1
100
AcDbSpline
210
0.0
220
0.0
230
1.0
 70
     9
 71
     3
 72
    14
 73
    10
 74
     0
 42
0.0000000001
 43
0.0000000001
 40
0.0
 40
0.0
 40
0.0
 40
0.0
 40
1.0
 40
1.0
 40
1.0
 40
2.0
 40
2.0
 40
2.0
 40
3.0
 40
3.0
 40
3.0
 40
3.0
 10
4.259722285697029
 20
2.094444475654098
 30
0.0
 10
4.255555618968275
 20
2.084722253287004
 30
0.0
 10
4.252777841149105
 20
2.091666697834928
 30
0.0
 10
4.252777841149105
 20
2.111111142569118
 30
0.0
 10
4.252777841149105
 20
2.130555587303307
 30
0.0
 10
4.255555618968275
 20
2.137500031851232
 30
0.0
 10
4.259722285697029
 20
2.129166698393722
 30
0.0
 10
4.262500063516199
 20
2.119444476026627
 30
0.0
 10
4.262500063516199
 20
2.102777809111608
 30
0.0
 10
4.259722285697029
 20
2.094444475654098
 30
0.0
  0
SPLINE
  5
F4
330
79
100
AcDbEntity
  8
Layer 1
100
AcDbSpline
210
0.0
220
0.0
230
1.0
 70
     9
 71
     3
 72
    14
 73
    10
 74
     0
 42
0.0000000001
 43
0.0000000001
 40
0.0
 40
0.0
 40
0.0
 40
0.0
 40
1.0
 40
1.0
 40
1.0
 40
2.0
 40
2.0
 40
2.0
 40
3.0
 40
3.0
 40
3.0
 40
3.0
 10
4.291666730617483
 20
2.141666698579986
 30
0.0
 10
4.291666730617483
 20
2.120833364936212
 30
0.0
 10
4.288888952798313
 20
2.120833364936212
 30
0.0
 10
4.277777841521634
 20
2.138888920760817
 30
0.0
 10
4.259722285697029
 20
2.166666698952515
 30
0.0
 10
4.259722285697029
 20
2.18472225477712
 30
0.0
 10
4.277777841521634
 20
2.17361114350044
 30
0.0
 10
4.286111174979143
 20
2.169444476771685
 30
0.0
 10
4.291666730617483
 20
2.154166698766251
 30
0.0
 10
4.291666730617483
 20
2.141666698579986
 30
0.0
  0
SPLINE
  5
F5
330
79
100
AcDbEntity
  8
Layer 1
100
AcDbSpline
210
0.0
220
0.0
230
1.0
 70
     9
 71
     3
 72
    14
 73
    10
 74
     0
 42
0.0000000001
 43
0.0000000001
 40
0.0
 40
0.0
 40
0.0
 40
0.0
 40
1.0
 40
1.0
 40
1.0
 40
2.0
 40
2.0
 40
2.0
 40
3.0
 40
3.0
 40
3.0
 40
3.0
 10
4.301388952984577
 20
2.198611143872969
 30
0.0
 10
4.297222286255823
 20
2.18472225477712
 30
0.0
 10
4.294444508436653
 20
2.193055588234629
 30
0.0
 10
4.294444508436653
 20
2.215277810787989
 30
0.0
 10
4.294444508436653
 20
2.238888922250933
 30
0.0
 10
4.297222286255823
 20
2.248611144618027
 30
0.0
 10
4.301388952984577
 20
2.240277811160517
 30
0.0
 10
4.304166730803747
 20
2.230555588793423
 30
0.0
 10
4.304166730803747
 20
2.211111144059234
 30
0.0
 10
4.301388952984577
 20
2.198611143872969
 30
0.0
  0
SPLINE
  5
F6
330
79
100
AcDbEntity
  8
Layer 1
100
AcDbSpline
210
0.0
220
0.0
230
1.0
 70
     9
 71
     3
 72
    17
 73
    13
 74
     0
 42
0.0000000001
 43
0.0000000001
 40
0.0
 40
0.0
 40
0.0
 40
0.0
 40
1.0
 40
1.0
 40
1.0
 40
2.0
 40
2.0
 40
2.0
 40
3.0
 40
3.0
 40
3.0
 40
4.0
 40
4.0
 40
4.0
 40
4.0
 10
4.337500064633786
 20
2.30555558991101
 30
0.0
 10
4.333333397905031
 20
2.290277811905575
 30
0.0
 10
4.323611175537936
 20
2.273611144990556
 30
0.0
 10
4.315277842080427
 20
2.268055589352216
 30
0.0
 10
4.308333397532502
 20
2.263888922623462
 30
0.0
 10
4.304166730803747
 20
2.265277811533046
 30
0.0
 10
4.308333397532502
 20
2.272222256080971
 30
0.0
 10
4.312500064261257
 20
2.279166700628896
 30
0.0
 10
4.319444508809182
 20
2.295833367543915
 30
0.0
 10
4.323611175537936
 20
2.309722256639765
 30
0.0
 10
4.336111175724201
 20
2.343055590469803
 30
0.0
 10
4.345833398091295
 20
2.340277812650633
 30
0.0
 10
4.337500064633786
 20
2.30555558991101
 30
0.0
  0
SPLINE
  5
F7
330
79
100
AcDbEntity
  8
Layer 1
100
AcDbSpline
210
0.0
220
0.0
230
1.0
 70
     9
 71
     3
 72
    17
 73
    13
 74
     0
 42
0.0000000001
 43
0.0000000001
 40
0.0
 40
0.0
 40
0.0
 40
0.0
 40
1.0
 40
1.0
 40
1.0
 40
2.0
 40
2.0
 40
2.0
 40
3.0
 40
3.0
 40
3.0
 40
4.0
 40
4.0
 40
4.0
 40
4.0
 10
4.37500006519258
 20
2.388888924486107
 30
0.0
 10
4.37500006519258
 20
2.381944479938182
 30
0.0
 10
4.368055620644655
 20
2.375000035390257
 30
0.0
 10
4.359722287187145
 20
2.375000035390257
 30
0.0
 10
4.352777842639221
 20
2.375000035390257
 30
0.0
 10
4.350000064820051
 20
2.381944479938182
 30
0.0
 10
4.354166731548805
 20
2.388888924486107
 30
0.0
 10
4.35833339827756
 20
2.397222257943616
 30
0.0
 10
4.365277842825485
 20
2.402777813581956
 30
0.0
 10
4.36944450955424
 20
2.402777813581956
 30
0.0
 10
4.37222228737341
 20
2.402777813581956
 30
0.0
 10
4.37500006519258
 20
2.397222257943616
 30
0.0
 10
4.37500006519258
 20
2.388888924486107
 30
0.0
  0
SPLINE
  5
F8
330
79
100
AcDbEntity
  8
Layer 1
100
AcDbSpline
210
0.0
220
0.0
230
1.0
 70
     9
 71
     3
 72
    14
 73
    10
 74
     0
 42
0.0000000001
 43
0.0000000001
 40
0.0
 40
0.0
 40
0.0
 40
0.0
 40
1.0
 40
1.0
 40
1.0
 40
2.0
 40
2.0
 40
2.0
 40
3.0
 40
3.0
 40
3.0
 40
3.0
 10
4.370833398463824
 20
2.43750003632158
 30
0.0
 10
4.350000064820051
 20
2.41527781376822
 30
0.0
 10
4.344444509181711
 20
2.419444480496975
 30
0.0
 10
4.355555620458391
 20
2.450000036507844
 30
0.0
 10
4.359722287187145
 20
2.462500036694109
 30
0.0
 10
4.36944450955424
 20
2.468055592332448
 30
0.0
 10
4.376388954102164
 20
2.463888925603694
 30
0.0
 10
4.383333398650089
 20
2.459722258874939
 30
0.0
 10
4.38055562083092
 20
2.448611147598259
 30
0.0
 10
4.370833398463824
 20
2.43750003632158
 30
0.0
  0
SPLINE
  5
F9
330
79
100
AcDbEntity
  8
Layer 1
100
AcDbSpline
210
0.0
220
0.0
230
1.0
 70
     9
 71
     3
 72
    17
 73
    13
 74
     0
 42
0.0000000001
 43
0.0000000001
 40
0.0
 40
0.0
 40
0.0
 40
0.0
 40
1.0
 40
1.0
 40
1.0
 40
2.0
 40
2.0
 40
2.0
 40
3.0
 40
3.0
 40
3.0
 40
4.0
 40
4.0
 40
4.0
 40
4.0
 10
4.394444509926769
 20
2.502777815072072
 30
0.0
 10
4.398611176655523
 20
2.495833370524147
 30
0.0
 10
4.393055621017184
 20
2.490277814885808
 30
0.0
 10
4.381944509740504
 20
2.490277814885808
 30
0.0
 10
4.370833398463824
 20
2.490277814885808
 30
0.0
 10
4.365277842825485
 20
2.495833370524147
 30
0.0
 10
4.36944450955424
 20
2.502777815072072
 30
0.0
 10
4.373611176282994
 20
2.508333370710412
 30
0.0
 10
4.379166731921334
 20
2.513888926348752
 30
0.0
 10
4.381944509740504
 20
2.513888926348752
 30
0.0
 10
4.384722287559674
 20
2.513888926348752
 30
0.0
 10
4.390277843198014
 20
2.508333370710412
 30
0.0
 10
4.394444509926769
 20
2.502777815072072
 30
0.0
  0
SPLINE
  5
FA
330
79
100
AcDbEntity
  8
Layer 1
100
AcDbSpline
210
0.0
220
0.0
230
1.0
 70
     9
 71
     3
 72
    17
 73
    13
 74
     0
 42
0.0000000001
 43
0.0000000001
 40
0.0
 40
0.0
 40
0.0
 40
0.0
 40
1.0
 40
1.0
 40
1.0
 40
2.0
 40
2.0
 40
2.0
 40
3.0
 40
3.0
 40
3.0
 40
4.0
 40
4.0
 40
4.0
 40
4.0
 10
4.402777843384279
 20
2.56388892709381
 30
0.0
 10
4.402777843384279
 20
2.559722260365055
 30
0.0
 10
4.397222287745939
 20
2.55277781581713
 30
0.0
 10
4.388888954288429
 20
2.548611149088376
 30
0.0
 10
4.381944509740504
 20
2.544444482359621
 30
0.0
 10
4.37500006519258
 20
2.547222260178791
 30
0.0
 10
4.37500006519258
 20
2.554166704726715
 30
0.0
 10
4.37500006519258
 20
2.562500038184225
 30
0.0
 10
4.381944509740504
 20
2.56944448273215
 30
0.0
 10
4.388888954288429
 20
2.56944448273215
 30
0.0
 10
4.397222287745939
 20
2.56944448273215
 30
0.0
 10
4.402777843384279
 20
2.56666670491298
 30
0.0
 10
4.402777843384279
 20
2.56388892709381
 30
0.0
  0
SPLINE
  5
FB
330
79
100
AcDbEntity
  8
Layer 1
100
AcDbSpline
210
0.0
220
0.0
230
1.0
 70
     9
 71
     3
 72
    14
 73
    10
 74
     0
 42
0.0000000001
 43
0.0000000001
 40
0.0
 40
0.0
 40
0.0
 40
0.0
 40
1.0
 40
1.0
 40
1.0
 40
2.0
 40
2.0
 40
2.0
 40
3.0
 40
3.0
 40
3.0
 40
3.0
 10
4.412500065751373
 20
2.619444483477208
 30
0.0
 10
4.402777843384279
 20
2.600000038743019
 30
0.0
 10
4.394444509926769
 20
2.587500038556754
 30
0.0
 10
4.391666732107599
 20
2.590277816375924
 30
0.0
 10
4.381944509740504
 20
2.598611149833434
 30
0.0
 10
4.404166732293863
 20
2.652777817307246
 30
0.0
 10
4.416666732480128
 20
2.652777817307246
 30
0.0
 10
4.422222288118468
 20
2.652777817307246
 30
0.0
 10
4.420833399208882
 20
2.637500039301812
 30
0.0
 10
4.412500065751373
 20
2.619444483477208
 30
0.0
  0
SPLINE
  5
FC
330
79
100
AcDbEntity
  8
Layer 1
100
AcDbSpline
210
0.0
220
0.0
230
1.0
 70
     9
 71
     3
 72
    17
 73
    13
 74
     0
 42
0.0000000001
 43
0.0000000001
 40
0.0
 40
0.0
 40
0.0
 40
0.0
 40
1.0
 40
1.0
 40
1.0
 40
2.0
 40
2.0
 40
2.0
 40
3.0
 40
3.0
 40
3.0
 40
4.0
 40
4.0
 40
4.0
 40
4.0
 10
4.422222288118468
 20
2.68750004004687
 30
0.0
 10
4.426388954847222
 20
2.676388928770191
 30
0.0
 10
4.423611177028052
 20
2.666666706403096
 30
0.0
 10
4.416666732480128
 20
2.666666706403096
 30
0.0
 10
4.408333399022618
 20
2.666666706403096
 30
0.0
 10
4.402777843384279
 20
2.676388928770191
 30
0.0
 10
4.402777843384279
 20
2.68750004004687
 30
0.0
 10
4.402777843384279
 20
2.69861115132355
 30
0.0
 10
4.405555621203449
 20
2.708333373690644
 30
0.0
 10
4.408333399022618
 20
2.708333373690644
 30
0.0
 10
4.411111176841788
 20
2.708333373690644
 30
0.0
 10
4.416666732480128
 20
2.69861115132355
 30
0.0
 10
4.422222288118468
 20
2.68750004004687
 30
0.0
  0
SPLINE
  5
FD
330
79
100
AcDbEntity
  8
Layer 1
100
AcDbSpline
210
0.0
220
0.0
230
1.0
 70
     9
 71
     3
 72
    17
 73
    13
 74
     0
 42
0.0000000001
 43
0.0000000001
 40
0.0
 40
0.0
 40
0.0
 40
0.0
 40
1.0
 40
1.0
 40
1.0
 40
2.0
 40
2.0
 40
2.0
 40
3.0
 40
3.0
 40
3.0
 40
4.0
 40
4.0
 40
4.0
 40
4.0
 10
4.451388955219751
 20
2.736111151882343
 30
0.0
 10
4.455555621948506
 20
2.729166707334418
 30
0.0
 10
4.452777844129337
 20
2.722222262786494
 30
0.0
 10
4.445833399581411
 20
2.722222262786494
 30
0.0
 10
4.437500066123902
 20
2.722222262786494
 30
0.0
 10
4.430555621575978
 20
2.729166707334418
 30
0.0
 10
4.430555621575978
 20
2.736111151882343
 30
0.0
 10
4.430555621575978
 20
2.744444485339853
 30
0.0
 10
4.433333399395147
 20
2.750000040978193
 30
0.0
 10
4.436111177214317
 20
2.750000040978193
 30
0.0
 10
4.440277843943072
 20
2.750000040978193
 30
0.0
 10
4.447222288490997
 20
2.744444485339853
 30
0.0
 10
4.451388955219751
 20
2.736111151882343
 30
0.0
  0
SPLINE
  5
FE
330
79
100
AcDbEntity
  8
Layer 1
100
AcDbSpline
210
0.0
220
0.0
230
1.0
 70
     9
 71
     3
 72
    17
 73
    13
 74
     0
 42
0.0000000001
 43
0.0000000001
 40
0.0
 40
0.0
 40
0.0
 40
0.0
 40
1.0
 40
1.0
 40
1.0
 40
2.0
 40
2.0
 40
2.0
 40
3.0
 40
3.0
 40
3.0
 40
4.0
 40
4.0
 40
4.0
 40
4.0
 10
4.456944510858091
 20
2.8138889308191
 30
0.0
 10
4.444444510671827
 20
2.80277781954242
 30
0.0
 10
4.443055621762242
 20
2.804166708452005
 30
0.0
 10
4.450000066310167
 20
2.823611153186195
 30
0.0
 10
4.454166733038921
 20
2.837500042282044
 30
0.0
 10
4.459722288677261
 20
2.862500042654573
 30
0.0
 10
4.459722288677261
 20
2.879166709569592
 30
0.0
 10
4.462500066496431
 20
2.901388932122952
 30
0.0
 10
4.463888955406016
 20
2.898611154303782
 30
0.0
 10
4.46805562213477
 20
2.869444487202498
 30
0.0
 10
4.472222288863526
 20
2.847222264649139
 30
0.0
 10
4.466666733225186
 20
2.82222226427661
 30
0.0
 10
4.456944510858091
 20
2.8138889308191
 30
0.0
  0
SPLINE
  5
FF
330
79
100
AcDbEntity
  8
Layer 1
100
AcDbSpline
210
0.0
220
0.0
230
1.0
 70
     9
 71
     3
 72
    26
 73
    22
 74
     0
 42
0.0000000001
 43
0.0000000001
 40
0.0
 40
0.0
 40
0.0
 40
0.0
 40
1.0
 40
1.0
 40
1.0
 40
2.0
 40
2.0
 40
2.0
 40
3.0
 40
3.0
 40
3.0
 40
4.0
 40
4.0
 40
4.0
 40
5.0
 40
5.0
 40
5.0
 40
6.0
 40
6.0
 40
6.0
 40
7.0
 40
7.0
 40
7.0
 40
7.0
 10
4.500000067055225
 20
3.022222267256842
 30
0.0
 10
4.493055622507299
 20
3.004166711432238
 30
0.0
 10
4.491666733597715
 20
2.986111155607634
 30
0.0
 10
4.495833400326469
 20
2.981944488878879
 30
0.0
 10
4.498611178145639
 20
2.977777822150124
 30
0.0
 10
4.498611178145639
 20
2.961111155235105
 30
0.0
 10
4.493055622507299
 20
2.94583337722967
 30
0.0
 10
4.483333400140205
 20
2.912500043399631
 30
0.0
 10
4.458333399767676
 20
2.919444487947556
 30
0.0
 10
4.458333399767676
 20
2.955555599596765
 30
0.0
 10
4.458333399767676
 20
2.976388933240539
 30
0.0
 10
4.461111177586846
 20
2.976388933240539
 30
0.0
 10
4.47361117777311
 20
2.958333377415934
 30
0.0
 10
4.48472228904979
 20
2.941666710500915
 30
0.0
 10
4.48750006686896
 20
2.941666710500915
 30
0.0
 10
4.48472228904979
 20
2.965277821963859
 30
0.0
 10
4.480555622321035
 20
3.020833378347257
 30
0.0
 10
4.486111177959375
 20
3.055555601086881
 30
0.0
 10
4.500000067055225
 20
3.055555601086881
 30
0.0
 10
4.508333400512734
 20
3.055555601086881
 30
0.0
 10
4.508333400512734
 20
3.043055600900616
 30
0.0
 10
4.500000067055225
 20
3.022222267256842
 30
0.0
  0
SPLINE
  5
100
330
79
100
AcDbEntity
  8
Layer 1
100
AcDbSpline
210
0.0
220
0.0
230
1.0
 70
     9
 71
     3
 72
    17
 73
    13
 74
     0
 42
0.0000000001
 43
0.0000000001
 40
0.0
 40
0.0
 40
0.0
 40
0.0
 40
1.0
 40
1.0
 40
1.0
 40
2.0
 40
2.0
 40
2.0
 40
3.0
 40
3.0
 40
3.0
 40
4.0
 40
4.0
 40
4.0
 40
4.0
 10
4.518055622879828
 20
3.100000046193599
 30
0.0
 10
4.513888956151074
 20
3.08333337927858
 30
0.0
 10
4.504166733783979
 20
3.06944449018273
 30
0.0
 10
4.497222289236055
 20
3.06944449018273
 30
0.0
 10
4.49027784468813
 20
3.06944449018273
 30
0.0
 10
4.48750006686896
 20
3.073611156911485
 30
0.0
 10
4.49027784468813
 20
3.08055560145941
 30
0.0
 10
4.493055622507299
 20
3.08611115709775
 30
0.0
 10
4.500000067055225
 20
3.102777824012769
 30
0.0
 10
4.505555622693564
 20
3.116666713108618
 30
0.0
 10
4.518055622879828
 20
3.151388935848242
 30
0.0
 10
4.529166734156508
 20
3.138888935661977
 30
0.0
 10
4.518055622879828
 20
3.100000046193599
 30
0.0
  0
SPLINE
  5
101
330
79
100
AcDbEntity
  8
Layer 1
100
AcDbSpline
210
0.0
220
0.0
230
1.0
 70
     9
 71
     3
 72
    23
 73
    19
 74
     0
 42
0.0000000001
 43
0.0000000001
 40
0.0
 40
0.0
 40
0.0
 40
0.0
 40
1.0
 40
1.0
 40
1.0
 40
2.0
 40
2.0
 40
2.0
 40
3.0
 40
3.0
 40
3.0
 40
4.0
 40
4.0
 40
4.0
 40
5.0
 40
5.0
 40
5.0
 40
6.0
 40
6.0
 40
6.0
 40
6.0
 10
4.540277845433188
 20
3.194444492045375
 30
0.0
 10
4.541666734342773
 20
3.169444491672846
 30
0.0
 10
4.537500067614018
 20
3.165277824944091
 30
0.0
 10
4.529166734156508
 20
3.179166714039941
 30
0.0
 10
4.518055622879828
 20
3.19583338095496
 30
0.0
 10
4.515277845060659
 20
3.19583338095496
 30
0.0
 10
4.509722289422319
 20
3.179166714039941
 30
0.0
 10
4.506944511603149
 20
3.168055602763261
 30
0.0
 10
4.506944511603149
 20
3.172222269492016
 30
0.0
 10
4.509722289422319
 20
3.187500047497451
 30
0.0
 10
4.513888956151074
 20
3.202777825502885
 30
0.0
 10
4.516666733970244
 20
3.230555603694584
 30
0.0
 10
4.516666733970244
 20
3.250000048428773
 30
0.0
 10
4.515277845060659
 20
3.281944493349227
 30
0.0
 10
4.516666733970244
 20
3.281944493349227
 30
0.0
 10
4.527777845246924
 20
3.256944492976698
 30
0.0
 10
4.534722289794848
 20
3.241666714971263
 30
0.0
 10
4.540277845433188
 20
3.213888936779564
 30
0.0
 10
4.540277845433188
 20
3.194444492045375
 30
0.0
  0
SPLINE
  5
102
330
79
100
AcDbEntity
  8
Layer 1
100
AcDbSpline
210
0.0
220
0.0
230
1.0
 70
     9
 71
     3
 72
    20
 73
    16
 74
     0
 42
0.0000000001
 43
0.0000000001
 40
0.0
 40
0.0
 40
0.0
 40
0.0
 40
1.0
 40
1.0
 40
1.0
 40
2.0
 40
2.0
 40
2.0
 40
3.0
 40
3.0
 40
3.0
 40
4.0
 40
4.0
 40
4.0
 40
5.0
 40
5.0
 40
5.0
 40
5.0
 10
4.566666734715302
 20
3.418055606488552
 30
0.0
 10
4.556944512348207
 20
3.348611161009305
 30
0.0
 10
4.544444512161943
 20
3.291666715716321
 30
0.0
 10
4.538888956523603
 20
3.291666715716321
 30
0.0
 10
4.525000067427754
 20
3.291666715716321
 30
0.0
 10
4.525000067427754
 20
3.293055604625906
 30
0.0
 10
4.548611178890697
 20
3.430555606674816
 30
0.0
 10
4.559722290167377
 20
3.495833385425309
 30
0.0
 10
4.569444512534472
 20
3.551388941808706
 30
0.0
 10
4.569444512534472
 20
3.554166719627876
 30
0.0
 10
4.569444512534472
 20
3.556944497447046
 30
0.0
 10
4.572222290353642
 20
3.556944497447046
 30
0.0
 10
4.576388957082397
 20
3.552777830718291
 30
0.0
 10
4.580555623811151
 20
3.548611163989537
 30
0.0
 10
4.576388957082397
 20
3.488888940877384
 30
0.0
 10
4.566666734715302
 20
3.418055606488552
 30
0.0
  0
SPLINE
  5
103
330
79
100
AcDbEntity
  8
Layer 1
100
AcDbSpline
210
0.0
220
0.0
230
1.0
 70
     9
 71
     3
 72
    14
 73
    10
 74
     0
 42
0.0000000001
 43
0.0000000001
 40
0.0
 40
0.0
 40
0.0
 40
0.0
 40
1.0
 40
1.0
 40
1.0
 40
2.0
 40
2.0
 40
2.0
 40
3.0
 40
3.0
 40
3.0
 40
3.0
 10
4.60833340200285
 20
3.643055609841313
 30
0.0
 10
4.583333401630321
 20
3.584722275638745
 30
0.0
 10
4.570833401444057
 20
3.575000053271651
 30
0.0
 10
4.575000068172812
 20
3.618055609468784
 30
0.0
 10
4.577777845991982
 20
3.638888943112558
 30
0.0
 10
4.588888957268661
 20
3.661111165665917
 30
0.0
 10
4.598611179635756
 20
3.668055610213842
 30
0.0
 10
4.626388957827455
 20
3.684722277128861
 30
0.0
 10
4.626388957827455
 20
3.684722277128861
 30
0.0
 10
4.60833340200285
 20
3.643055609841313
 30
0.0
  0
SPLINE
  5
104
330
79
100
AcDbEntity
  8
Layer 1
100
AcDbSpline
210
0.0
220
0.0
230
1.0
 70
     9
 71
     3
 72
    20
 73
    16
 74
     0
 42
0.0000000001
 43
0.0000000001
 40
0.0
 40
0.0
 40
0.0
 40
0.0
 40
1.0
 40
1.0
 40
1.0
 40
2.0
 40
2.0
 40
2.0
 40
3.0
 40
3.0
 40
3.0
 40
4.0
 40
4.0
 40
4.0
 40
5.0
 40
5.0
 40
5.0
 40
5.0
 10
4.630555624556209
 20
3.781944500799808
 30
0.0
 10
4.620833402189115
 20
3.779166722980638
 30
0.0
 10
4.61666673546036
 20
3.765277833884788
 30
0.0
 10
4.620833402189115
 20
3.752777833698524
 30
0.0
 10
4.623611180008285
 20
3.740277833512259
 30
0.0
 10
4.618055624369945
 20
3.716666722049315
 30
0.0
 10
4.606944513093266
 20
3.702777832953465
 30
0.0
 10
4.588888957268661
 20
3.679166721490521
 30
0.0
 10
4.587500068359076
 20
3.680555610400106
 30
0.0
 10
4.594444512907001
 20
3.72361116659724
 30
0.0
 10
4.601388957454926
 20
3.773611167342298
 30
0.0
 10
4.623611180008285
 20
3.812500056810677
 30
0.0
 10
4.637500069104135
 20
3.797222278805242
 30
0.0
 10
4.641666735832889
 20
3.791666723166902
 30
0.0
 10
4.638888958013719
 20
3.784722278618978
 30
0.0
 10
4.630555624556209
 20
3.781944500799808
 30
0.0
  0
SPLINE
  5
105
330
79
100
AcDbEntity
  8
Layer 1
100
AcDbSpline
210
0.0
220
0.0
230
1.0
 70
     9
 71
     3
 72
    20
 73
    16
 74
     0
 42
0.0000000001
 43
0.0000000001
 40
0.0
 40
0.0
 40
0.0
 40
0.0
 40
1.0
 40
1.0
 40
1.0
 40
2.0
 40
2.0
 40
2.0
 40
3.0
 40
3.0
 40
3.0
 40
4.0
 40
4.0
 40
4.0
 40
5.0
 40
5.0
 40
5.0
 40
5.0
 10
4.648611180380814
 20
3.916666725029547
 30
0.0
 10
4.645833402561644
 20
3.870833391013244
 30
0.0
 10
4.638888958013719
 20
3.829166723725696
 30
0.0
 10
4.631944513465795
 20
3.823611168087356
 30
0.0
 10
4.626388957827455
 20
3.816666723539431
 30
0.0
 10
4.62500006891787
 20
3.837500057183206
 30
0.0
 10
4.629166735646625
 20
3.868055613194074
 30
0.0
 10
4.634722291284965
 20
3.898611169204943
 30
0.0
 10
4.638888958013719
 20
3.940277836492491
 30
0.0
 10
4.638888958013719
 20
3.962500059045851
 30
0.0
 10
4.638888958013719
 20
3.983333392689625
 30
0.0
 10
4.643055624742474
 20
4.000000059604644
 30
0.0
 10
4.647222291471229
 20
4.000000059604644
 30
0.0
 10
4.651388958199984
 20
4.000000059604644
 30
0.0
 10
4.652777847109569
 20
3.962500059045851
 30
0.0
 10
4.648611180380814
 20
3.916666725029547
 30
0.0
  0
SPLINE
  5
106
330
79
100
AcDbEntity
  8
Layer 1
100
AcDbSpline
210
0.0
220
0.0
230
1.0
 70
     9
 71
     3
 72
    14
 73
    10
 74
     0
 42
0.0000000001
 43
0.0000000001
 40
0.0
 40
0.0
 40
0.0
 40
0.0
 40
1.0
 40
1.0
 40
1.0
 40
2.0
 40
2.0
 40
2.0
 40
3.0
 40
3.0
 40
3.0
 40
3.0
 10
4.676388958572513
 20
4.038888949073022
 30
0.0
 10
4.672222291843758
 20
4.027777837796343
 30
0.0
 10
4.668055625115003
 20
4.031944504525098
 30
0.0
 10
4.668055625115003
 20
4.047222282530532
 30
0.0
 10
4.666666736205418
 20
4.062500060535967
 30
0.0
 10
4.670833402934173
 20
4.070833393993476
 30
0.0
 10
4.675000069662928
 20
4.065277838355137
 30
0.0
 10
4.679166736391683
 20
4.061111171626381
 30
0.0
 10
4.680555625301267
 20
4.048611171440117
 30
0.0
 10
4.676388958572513
 20
4.038888949073022
 30
0.0
  0
SPLINE
  5
107
330
79
100
AcDbEntity
  8
Layer 1
100
AcDbSpline
210
0.0
220
0.0
230
1.0
 70
     9
 71
     3
 72
    17
 73
    13
 74
     0
 42
0.0000000001
 43
0.0000000001
 40
0.0
 40
0.0
 40
0.0
 40
0.0
 40
1.0
 40
1.0
 40
1.0
 40
2.0
 40
2.0
 40
2.0
 40
3.0
 40
3.0
 40
3.0
 40
4.0
 40
4.0
 40
4.0
 40
4.0
 10
4.695833403306702
 20
4.123611172557704
 30
0.0
 10
4.695833403306702
 20
4.123611172557704
 30
0.0
 10
4.683333403120437
 20
4.076388949631816
 30
0.0
 10
4.683333403120437
 20
4.076388949631816
 30
0.0
 10
4.683333403120437
 20
4.076388949631816
 30
0.0
 10
4.681944514210853
 20
4.119444505828949
 30
0.0
 10
4.681944514210853
 20
4.119444505828949
 30
0.0
 10
4.680555625301267
 20
4.143055617291894
 30
0.0
 10
4.684722292030023
 20
4.166666728754838
 30
0.0
 10
4.690277847668363
 20
4.170833395483592
 30
0.0
 10
4.706944514583382
 20
4.188888951308197
 30
0.0
 10
4.709722292402552
 20
4.169444506574008
 30
0.0
 10
4.695833403306702
 20
4.123611172557704
 30
0.0
  0
SPLINE
  5
108
330
79
100
AcDbEntity
  8
Layer 1
100
AcDbSpline
210
0.0
220
0.0
230
1.0
 70
    11
 71
     3
 72
    17
 73
    13
 74
     0
 42
0.0000000001
 43
0.0000000001
 40
0.0
 40
0.0
 40
0.0
 40
0.0
 40
1.0
 40
1.0
 40
1.0
 40
2.0
 40
2.0
 40
2.0
 40
3.0
 40
3.0
 40
3.0
 40
4.0
 40
4.0
 40
4.0
 40
4.0
 10
4.715277848040892
 20
4.222222285138236
 30
0.0
 10
4.709722292402552
 20
4.205555618223216
 30
0.0
 10
4.702777847854627
 20
4.195833395856121
 30
0.0
 10
4.698611181125872
 20
4.198611173675291
 30
0.0
 10
4.694444514397117
 20
4.202777840404047
 30
0.0
 10
4.695833403306702
 20
4.219444507319066
 30
0.0
 10
4.701388958945042
 20
4.236111174234085
 30
0.0
 10
4.706944514583382
 20
4.252777841149105
 30
0.0
 10
4.713888959131306
 20
4.262500063516199
 30
0.0
 10
4.718055625860061
 20
4.259722285697029
 30
0.0
 10
4.722222292588816
 20
4.255555618968275
 30
0.0
 10
4.720833403679231
 20
4.238888952053255
 30
0.0
 10
4.715277848040892
 20
4.222222285138236
 30
0.0
  0
SPLINE
  5
109
330
79
100
AcDbEntity
  8
Layer 1
100
AcDbSpline
210
0.0
220
0.0
230
1.0
 70
     9
 71
     3
 72
    14
 73
    10
 74
     0
 42
0.0000000001
 43
0.0000000001
 40
0.0
 40
0.0
 40
0.0
 40
0.0
 40
1.0
 40
1.0
 40
1.0
 40
2.0
 40
2.0
 40
2.0
 40
3.0
 40
3.0
 40
3.0
 40
3.0
 10
4.731944514955911
 20
4.302777841894163
 30
0.0
 10
4.727777848227156
 20
4.291666730617483
 30
0.0
 10
4.723611181498401
 20
4.295833397346237
 30
0.0
 10
4.723611181498401
 20
4.311111175351672
 30
0.0
 10
4.722222292588816
 20
4.326388953357106
 30
0.0
 10
4.726388959317571
 20
4.334722286814616
 30
0.0
 10
4.730555626046325
 20
4.329166731176276
 30
0.0
 10
4.734722292775081
 20
4.325000064447522
 30
0.0
 10
4.736111181684665
 20
4.312500064261257
 30
0.0
 10
4.731944514955911
 20
4.302777841894163
 30
0.0
  0
SPLINE
  5
10A
330
79
100
AcDbEntity
  8
Layer 1
100
AcDbSpline
210
0.0
220
0.0
230
1.0
 70
     9
 71
     3
 72
    14
 73
    10
 74
     0
 42
0.0000000001
 43
0.0000000001
 40
0.0
 40
0.0
 40
0.0
 40
0.0
 40
1.0
 40
1.0
 40
1.0
 40
2.0
 40
2.0
 40
2.0
 40
3.0
 40
3.0
 40
3.0
 40
3.0
 10
4.755555626418854
 20
4.425000065937638
 30
0.0
 10
4.74583340405176
 20
4.384722287559674
 30
0.0
 10
4.726388959317571
 20
4.376388954102164
 30
0.0
 10
4.729166737136741
 20
4.413888954660958
 30
0.0
 10
4.730555626046325
 20
4.441666732852657
 30
0.0
 10
4.750000070780515
 20
4.47638895559228
 30
0.0
 10
4.758333404238024
 20
4.46805562213477
 30
0.0
 10
4.76250007096678
 20
4.463888955406016
 30
0.0
 10
4.761111182057194
 20
4.445833399581411
 30
0.0
 10
4.755555626418854
 20
4.425000065937638
 30
0.0
  0
SPLINE
  5
10B
330
79
100
AcDbEntity
  8
Layer 1
100
AcDbSpline
210
0.0
220
0.0
230
1.0
 70
     9
 71
     3
 72
    14
 73
    10
 74
     0
 42
0.0000000001
 43
0.0000000001
 40
0.0
 40
0.0
 40
0.0
 40
0.0
 40
1.0
 40
1.0
 40
1.0
 40
2.0
 40
2.0
 40
2.0
 40
3.0
 40
3.0
 40
3.0
 40
3.0
 10
4.75972229314761
 20
4.497222289236055
 30
0.0
 10
4.755555626418854
 20
4.486111177959375
 30
0.0
 10
4.7513889596901
 20
4.49027784468813
 30
0.0
 10
4.7513889596901
 20
4.505555622693564
 30
0.0
 10
4.750000070780515
 20
4.520833400698998
 30
0.0
 10
4.75416673750927
 20
4.529166734156508
 30
0.0
 10
4.758333404238024
 20
4.523611178518168
 30
0.0
 10
4.76250007096678
 20
4.519444511789414
 30
0.0
 10
4.763888959876364
 20
4.506944511603149
 30
0.0
 10
4.75972229314761
 20
4.497222289236055
 30
0.0
  0
SPLINE
  5
10C
330
79
100
AcDbEntity
  8
Layer 1
100
AcDbSpline
210
0.0
220
0.0
230
1.0
 70
     9
 71
     3
 72
    32
 73
    28
 74
     0
 42
0.0000000001
 43
0.0000000001
 40
0.0
 40
0.0
 40
0.0
 40
0.0
 40
1.0
 40
1.0
 40
1.0
 40
2.0
 40
2.0
 40
2.0
 40
3.0
 40
3.0
 40
3.0
 40
4.0
 40
4.0
 40
4.0
 40
5.0
 40
5.0
 40
5.0
 40
6.0
 40
6.0
 40
6.0
 40
7.0
 40
7.0
 40
7.0
 40
8.0
 40
8.0
 40
8.0
 40
9.0
 40
9.0
 40
9.0
 40
9.0
 10
4.825000071898102
 20
4.701388958945042
 30
0.0
 10
4.819444516259762
 20
4.690277847668363
 30
0.0
 10
4.811111182802252
 20
4.680555625301267
 30
0.0
 10
4.804166738254328
 20
4.680555625301267
 30
0.0
 10
4.797222293706403
 20
4.680555625301267
 30
0.0
 10
4.791666738068063
 20
4.673611180753343
 30
0.0
 10
4.791666738068063
 20
4.665277847295834
 30
0.0
 10
4.791666738068063
 20
4.658333402747908
 30
0.0
 10
4.797222293706403
 20
4.654166736019154
 30
0.0
 10
4.805555627163912
 20
4.659722291657494
 30
0.0
 10
4.812500071711838
 20
4.663888958386248
 30
0.0
 10
4.812500071711838
 20
4.650000069290399
 30
0.0
 10
4.804166738254328
 20
4.62500006891787
 30
0.0
 10
4.790277849158479
 20
4.587500068359076
 30
0.0
 10
4.763888959876364
 20
4.579166734901567
 30
0.0
 10
4.763888959876364
 20
4.612500068731606
 30
0.0
 10
4.763888959876364
 20
4.620833402189115
 30
0.0
 10
4.770833404424289
 20
4.6222222910987
 30
0.0
 10
4.779166737881799
 20
4.61666673546036
 30
0.0
 10
4.790277849158479
 20
4.609722290912436
 30
0.0
 10
4.793055626977648
 20
4.618055624369945
 30
0.0
 10
4.786111182429723
 20
4.643055624742474
 30
0.0
 10
4.780555626791383
 20
4.666666736205418
 30
0.0
 10
4.784722293520139
 20
4.686111180939607
 30
0.0
 10
4.800000071525573
 20
4.700000070035457
 30
0.0
 10
4.826388960807687
 20
4.727777848227156
 30
0.0
 10
4.834722294265197
 20
4.727777848227156
 30
0.0
 10
4.825000071898102
 20
4.701388958945042
 30
0.0
  0
SPLINE
  5
10D
330
79
100
AcDbEntity
  8
Layer 1
100
AcDbSpline
210
0.0
220
0.0
230
1.0
 70
     9
 71
     3
 72
    14
 73
    10
 74
     0
 42
0.0000000001
 43
0.0000000001
 40
0.0
 40
0.0
 40
0.0
 40
0.0
 40
1.0
 40
1.0
 40
1.0
 40
2.0
 40
2.0
 40
2.0
 40
3.0
 40
3.0
 40
3.0
 40
3.0
 10
4.830555627536441
 20
4.763888959876364
 30
0.0
 10
4.820833405169347
 20
4.750000070780515
 30
0.0
 10
4.811111182802252
 20
4.740277848413421
 30
0.0
 10
4.806944516073498
 20
4.74305562623259
 30
0.0
 10
4.801388960435158
 20
4.74861118187093
 30
0.0
 10
4.831944516446027
 20
4.791666738068063
 30
0.0
 10
4.841666738813121
 20
4.791666738068063
 30
0.0
 10
4.844444516632291
 20
4.791666738068063
 30
0.0
 10
4.840277849903537
 20
4.779166737881799
 30
0.0
 10
4.830555627536441
 20
4.763888959876364
 30
0.0
  0
SPLINE
  5
10E
330
79
100
AcDbEntity
  8
Layer 1
100
AcDbSpline
210
0.0
220
0.0
230
1.0
 70
     9
 71
     3
 72
    14
 73
    10
 74
     0
 42
0.0000000001
 43
0.0000000001
 40
0.0
 40
0.0
 40
0.0
 40
0.0
 40
1.0
 40
1.0
 40
1.0
 40
2.0
 40
2.0
 40
2.0
 40
3.0
 40
3.0
 40
3.0
 40
3.0
 10
4.862500072456896
 20
4.873611183733575
 30
0.0
 10
4.85555562790897
 20
4.837500072084367
 30
0.0
 10
4.850000072270631
 20
4.826388960807687
 30
0.0
 10
4.848611183361046
 20
4.847222294451461
 30
0.0
 10
4.847222294451461
 20
4.884722295010255
 30
0.0
 10
4.86111118354731
 20
4.948611184851162
 30
0.0
 10
4.86944451700482
 20
4.940277851393653
 30
0.0
 10
4.87222229482399
 20
4.937500073574483
 30
0.0
 10
4.86944451700482
 20
4.908333406473198
 30
0.0
 10
4.862500072456896
 20
4.873611183733575
 30
0.0
  0
SPLINE
  5
10F
330
79
100
AcDbEntity
  8
Layer 1
100
AcDbSpline
210
0.0
220
0.0
230
1.0
 70
     9
 71
     3
 72
    14
 73
    10
 74
     0
 42
0.0000000001
 43
0.0000000001
 40
0.0
 40
0.0
 40
0.0
 40
0.0
 40
1.0
 40
1.0
 40
1.0
 40
2.0
 40
2.0
 40
2.0
 40
3.0
 40
3.0
 40
3.0
 40
3.0
 10
4.890277850648595
 20
4.976388963042861
 30
0.0
 10
4.873611183733575
 20
4.948611184851162
 30
0.0
 10
4.870833405914405
 20
4.956944518308672
 30
0.0
 10
4.883333406100669
 20
4.99305562995788
 30
0.0
 10
4.888888961739009
 20
5.005555630144145
 30
0.0
 10
4.895833406286934
 20
5.01250007469207
 30
0.0
 10
4.898611184106104
 20
5.008333407963315
 30
0.0
 10
4.902777850834859
 20
5.005555630144145
 30
0.0
 10
4.898611184106104
 20
4.990277852138711
 30
0.0
 10
4.890277850648595
 20
4.976388963042861
 30
0.0
  0
SPLINE
  5
110
330
79
100
AcDbEntity
  8
Layer 1
100
AcDbSpline
210
0.0
220
0.0
230
1.0
 70
     9
 71
     3
 72
    17
 73
    13
 74
     0
 42
0.0000000001
 43
0.0000000001
 40
0.0
 40
0.0
 40
0.0
 40
0.0
 40
1.0
 40
1.0
 40
1.0
 40
2.0
 40
2.0
 40
2.0
 40
3.0
 40
3.0
 40
3.0
 40
4.0
 40
4.0
 40
4.0
 40
4.0
 10
4.916666739930708
 20
5.051388964160448
 30
0.0
 10
4.916666739930708
 20
5.040277852883769
 30
0.0
 10
4.908333406473198
 20
5.031944519426259
 30
0.0
 10
4.897222295196519
 20
5.031944519426259
 30
0.0
 10
4.886111183919839
 20
5.031944519426259
 30
0.0
 10
4.880555628281499
 20
5.040277852883769
 30
0.0
 10
4.884722295010255
 20
5.051388964160448
 30
0.0
 10
4.888888961739009
 20
5.061111186527543
 30
0.0
 10
4.897222295196519
 20
5.069444519985053
 30
0.0
 10
4.904166739744444
 20
5.069444519985053
 30
0.0
 10
4.911111184292368
 20
5.069444519985053
 30
0.0
 10
4.916666739930708
 20
5.061111186527543
 30
0.0
 10
4.916666739930708
 20
5.051388964160448
 30
0.0
  0
SPLINE
  5
111
330
79
100
AcDbEntity
  8
Layer 1
100
AcDbSpline
210
0.0
220
0.0
230
1.0
 70
     9
 71
     3
 72
   131
 73
   127
 74
     0
 42
0.0000000001
 43
0.0000000001
 40
0.0
 40
0.0
 40
0.0
 40
0.0
 40
1.0
 40
1.0
 40
1.0
 40
2.0
 40
2.0
 40
2.0
 40
3.0
 40
3.0
 40
3.0
 40
4.0
 40
4.0
 40
4.0
 40
5.0
 40
5.0
 40
5.0
 40
6.0
 40
6.0
 40
6.0
 40
7.0
 40
7.0
 40
7.0
 40
8.0
 40
8.0
 40
8.0
 40
9.0
 40
9.0
 40
9.0
 40
10.0
 40
10.0
 40
10.0
 40
11.0
 40
11.0
 40
11.0
 40
12.0
 40
12.0
 40
12.0
 40
13.0
 40
13.0
 40
13.0
 40
14.0
 40
14.0
 40
14.0
 40
15.0
 40
15.0
 40
15.0
 40
16.0
 40
16.0
 40
16.0
 40
17.0
 40
17.0
 40
17.0
 40
18.0
 40
18.0
 40
18.0
 40
19.0
 40
19.0
 40
19.0
 40
20.0
 40
20.0
 40
20.0
 40
21.0
 40
21.0
 40
21.0
 40
22.0
 40
22.0
 40
22.0
 40
23.0
 40
23.0
 40
23.0
 40
24.0
 40
24.0
 40
24.0
 40
25.0
 40
25.0
 40
25.0
 40
26.0
 40
26.0
 40
26.0
 40
27.0
 40
27.0
 40
27.0
 40
28.0
 40
28.0
 40
28.0
 40
29.0
 40
29.0
 40
29.0
 40
30.0
 40
30.0
 40
30.0
 40
31.0
 40
31.0
 40
31.0
 40
32.0
 40
32.0
 40
32.0
 40
33.0
 40
33.0
 40
33.0
 40
34.0
 40
34.0
 40
34.0
 40
35.0
 40
35.0
 40
35.0
 40
36.0
 40
36.0
 40
36.0
 40
37.0
 40
37.0
 40
37.0
 40
38.0
 40
38.0
 40
38.0
 40
39.0
 40
39.0
 40
39.0
 40
40.0
 40
40.0
 40
40.0
 40
41.0
 40
41.0
 40
41.0
 40
42.0
 40
42.0
 40
42.0
 40
42.0
 10
4.784722293520139
 20
5.375000080093741
 30
0.0
 10
4.780555626791383
 20
5.368055635545815
 30
0.0
 10
4.781944515700969
 20
5.361111190997891
 30
0.0
 10
4.788888960248893
 20
5.361111190997891
 30
0.0
 10
4.816666738440592
 20
5.361111190997891
 30
0.0
 10
4.798611182615988
 20
5.320833412619927
 30
0.0
 10
4.76527784878595
 20
5.312500079162418
 30
0.0
 10
4.74583340405176
 20
5.306944523524078
 30
0.0
 10
4.722222292588816
 20
5.291666745518644
 30
0.0
 10
4.711111181312136
 20
5.276388967513209
 30
0.0
 10
4.701388958945042
 20
5.26250007841736
 30
0.0
 10
4.684722292030023
 20
5.250000078231096
 30
0.0
 10
4.676388958572513
 20
5.250000078231096
 30
0.0
 10
4.654166736019154
 20
5.24861118932151
 30
0.0
 10
4.594444512907001
 20
5.15277785456015
 30
0.0
 10
4.591666735087831
 20
5.115277854001356
 30
0.0
 10
4.590277846178246
 20
5.086111186900072
 30
0.0
 10
4.580555623811151
 20
5.077777853442563
 30
0.0
 10
4.554166734529037
 20
5.080555631261732
 30
0.0
 10
4.541666734342773
 20
5.083333409080902
 30
0.0
 10
4.555555623438622
 20
5.025000074878334
 30
0.0
 10
4.573611179263227
 20
5.00416674123456
 30
0.0
 10
4.580555623811151
 20
4.994444518867465
 30
0.0
 10
4.581944512720736
 20
4.986111185409956
 30
0.0
 10
4.575000068172812
 20
4.986111185409956
 30
0.0
 10
4.569444512534472
 20
4.986111185409956
 30
0.0
 10
4.576388957082397
 20
4.976388963042861
 30
0.0
 10
4.591666735087831
 20
4.963888962856596
 30
0.0
 10
4.612500068731606
 20
4.945833407031992
 30
0.0
 10
4.61388895764119
 20
4.943055629212822
 30
0.0
 10
4.594444512907001
 20
4.950000073760747
 30
0.0
 10
4.579166734901567
 20
4.954166740489502
 30
0.0
 10
4.573611179263227
 20
4.951388962670332
 30
0.0
 10
4.577777845991982
 20
4.938888962484067
 30
0.0
 10
4.586111179449491
 20
4.915277851021124
 30
0.0
 10
4.515277845060659
 20
4.788888960248893
 30
0.0
 10
4.498611178145639
 20
4.800000071525573
 30
0.0
 10
4.491666733597715
 20
4.804166738254328
 30
0.0
 10
4.486111177959375
 20
4.802777849344743
 30
0.0
 10
4.48750006686896
 20
4.795833404796818
 30
0.0
 10
4.494444511416885
 20
4.75694451532844
 30
0.0
 10
4.48472228904979
 20
4.733333403865495
 30
0.0
 10
4.463888955406016
 20
4.741666737323005
 30
0.0
 10
4.452777844129337
 20
4.74583340405176
 30
0.0
 10
4.447222288490997
 20
4.744444515142175
 30
0.0
 10
4.451388955219751
 20
4.736111181684665
 30
0.0
 10
4.455555621948506
 20
4.727777848227156
 30
0.0
 10
4.437500066123902
 20
4.694444514397117
 30
0.0
 10
4.409722287932203
 20
4.659722291657494
 30
0.0
 10
4.3638889539159
 20
4.604166735274096
 30
0.0
 10
4.355555620458391
 20
4.600000068545341
 30
0.0
 10
4.323611175537936
 20
4.612500068731606
 30
0.0
 10
4.304166730803747
 20
4.61944451327953
 30
0.0
 10
4.284722286069558
 20
4.623611180008285
 30
0.0
 10
4.281944508250388
 20
4.61944451327953
 30
0.0
 10
4.270833396973708
 20
4.60833340200285
 30
0.0
 10
4.222222285138236
 20
4.658333402747908
 30
0.0
 10
4.222222285138236
 20
4.680555625301267
 30
0.0
 10
4.222222285138236
 20
4.698611181125872
 30
0.0
 10
4.22083339622865
 20
4.698611181125872
 30
0.0
 10
4.208333396042386
 20
4.680555625301267
 30
0.0
 10
4.195833395856121
 20
4.662500069476664
 30
0.0
 10
4.194444506946537
 20
4.662500069476664
 30
0.0
 10
4.194444506946537
 20
4.681944514210853
 30
0.0
 10
4.194444506946537
 20
4.693055625487532
 30
0.0
 10
4.202777840404047
 20
4.711111181312136
 30
0.0
 10
4.212500062771141
 20
4.720833403679231
 30
0.0
 10
4.22638895186699
 20
4.736111181684665
 30
0.0
 10
4.22361117404782
 20
4.737500070594251
 30
0.0
 10
4.200000062584877
 20
4.725000070407986
 30
0.0
 10
4.175000062212347
 20
4.712500070221722
 30
0.0
 10
4.172222284393177
 20
4.713888959131306
 30
0.0
 10
4.173611173302762
 20
4.738888959503835
 30
0.0
 10
4.175000062212347
 20
4.755555626418854
 30
0.0
 10
4.190277840217782
 20
4.779166737881799
 30
0.0
 10
4.208333396042386
 20
4.794444515887233
 30
0.0
 10
4.225000062957406
 20
4.808333404983082
 30
0.0
 10
4.236111174234085
 20
4.823611182988517
 30
0.0
 10
4.23194450750533
 20
4.827777849717272
 30
0.0
 10
4.22083339622865
 20
4.838888960993951
 30
0.0
 10
4.297222286255823
 20
4.913888962111538
 30
0.0
 10
4.311111175351672
 20
4.905555628654028
 30
0.0
 10
4.318055619899597
 20
4.901388961925274
 30
0.0
 10
4.319444508809182
 20
4.905555628654028
 30
0.0
 10
4.315277842080427
 20
4.912500073201954
 30
0.0
 10
4.302777841894163
 20
4.931944517936143
 30
0.0
 10
4.36666673173507
 20
5.00416674123456
 30
0.0
 10
4.398611176655523
 20
5.008333407963315
 30
0.0
 10
4.411111176841788
 20
5.011111185782485
 30
0.0
 10
4.436111177214317
 20
5.029166741607089
 30
0.0
 10
4.451388955219751
 20
5.051388964160448
 30
0.0
 10
4.466666733225186
 20
5.072222297804223
 30
0.0
 10
4.488888955778545
 20
5.100000075995922
 30
0.0
 10
4.500000067055225
 20
5.111111187272601
 30
0.0
 10
4.511111178331904
 20
5.123611187458865
 30
0.0
 10
4.530555623066093
 20
5.151388965650564
 30
0.0
 10
4.541666734342773
 20
5.173611188203923
 30
0.0
 10
4.570833401444057
 20
5.233333411316076
 30
0.0
 10
4.629166735646625
 20
5.293055634428228
 30
0.0
 10
4.640277846923305
 20
5.276388967513209
 30
0.0
 10
4.645833402561644
 20
5.266666745146115
 30
0.0
 10
4.652777847109569
 20
5.270833411874869
 30
0.0
 10
4.656944513838324
 20
5.284722300970719
 30
0.0
 10
4.663888958386248
 20
5.298611190066568
 30
0.0
 10
4.661111180567078
 20
5.304166745704908
 30
0.0
 10
4.651388958199984
 20
5.297222301156984
 30
0.0
 10
4.641666735832889
 20
5.291666745518644
 30
0.0
 10
4.637500069104135
 20
5.294444523337814
 30
0.0
 10
4.640277846923305
 20
5.304166745704908
 30
0.0
 10
4.644444513652059
 20
5.313888968072003
 30
0.0
 10
4.651388958199984
 20
5.320833412619927
 30
0.0
 10
4.658333402747908
 20
5.319444523710343
 30
0.0
 10
4.665277847295834
 20
5.318055634800757
 30
0.0
 10
4.675000069662928
 20
5.325000079348683
 30
0.0
 10
4.680555625301267
 20
5.334722301715777
 30
0.0
 10
4.686111180939607
 20
5.343055635173286
 30
0.0
 10
4.709722292402552
 20
5.351388968630796
 30
0.0
 10
4.733333403865495
 20
5.352777857540382
 30
0.0
 10
4.75694451532844
 20
5.352777857540382
 30
0.0
 10
4.775000071153044
 20
5.356944524269136
 30
0.0
 10
4.775000071153044
 20
5.361111190997891
 30
0.0
 10
4.773611182243459
 20
5.377777857912911
 30
0.0
 10
4.777777848972214
 20
5.38888896918959
 30
0.0
 10
4.786111182429723
 20
5.38888896918959
 30
0.0
 10
4.790277849158479
 20
5.38888896918959
 30
0.0
 10
4.788888960248893
 20
5.38333341355125
 30
0.0
 10
4.784722293520139
 20
5.375000080093741
 30
0.0
  0
SPLINE
  5
112
330
79
100
AcDbEntity
  8
Layer 1
100
AcDbSpline
210
0.0
220
0.0
230
1.0
 70
     9
 71
     3
 72
   575
 73
   571
 74
     0
 42
0.0000000001
 43
0.0000000001
 40
0.0
 40
0.0
 40
0.0
 40
0.0
 40
1.0
 40
1.0
 40
1.0
 40
2.0
 40
2.0
 40
2.0
 40
3.0
 40
3.0
 40
3.0
 40
4.0
 40
4.0
 40
4.0
 40
5.0
 40
5.0
 40
5.0
 40
6.0
 40
6.0
 40
6.0
 40
7.0
 40
7.0
 40
7.0
 40
8.0
 40
8.0
 40
8.0
 40
9.0
 40
9.0
 40
9.0
 40
10.0
 40
10.0
 40
10.0
 40
11.0
 40
11.0
 40
11.0
 40
12.0
 40
12.0
 40
12.0
 40
13.0
 40
13.0
 40
13.0
 40
14.0
 40
14.0
 40
14.0
 40
15.0
 40
15.0
 40
15.0
 40
16.0
 40
16.0
 40
16.0
 40
17.0
 40
17.0
 40
17.0
 40
18.0
 40
18.0
 40
18.0
 40
19.0
 40
19.0
 40
19.0
 40
20.0
 40
20.0
 40
20.0
 40
21.0
 40
21.0
 40
21.0
 40
22.0
 40
22.0
 40
22.0
 40
23.0
 40
23.0
 40
23.0
 40
24.0
 40
24.0
 40
24.0
 40
25.0
 40
25.0
 40
25.0
 40
26.0
 40
26.0
 40
26.0
 40
27.0
 40
27.0
 40
27.0
 40
28.0
 40
28.0
 40
28.0
 40
29.0
 40
29.0
 40
29.0
 40
30.0
 40
30.0
 40
30.0
 40
31.0
 40
31.0
 40
31.0
 40
32.0
 40
32.0
 40
32.0
 40
33.0
 40
33.0
 40
33.0
 40
34.0
 40
34.0
 40
34.0
 40
35.0
 40
35.0
 40
35.0
 40
36.0
 40
36.0
 40
36.0
 40
37.0
 40
37.0
 40
37.0
 40
38.0
 40
38.0
 40
38.0
 40
39.0
 40
39.0
 40
39.0
 40
40.0
 40
40.0
 40
40.0
 40
41.0
 40
41.0
 40
41.0
 40
42.0
 40
42.0
 40
42.0
 40
43.0
 40
43.0
 40
43.0
 40
44.0
 40
44.0
 40
44.0
 40
45.0
 40
45.0
 40
45.0
 40
46.0
 40
46.0
 40
46.0
 40
47.0
 40
47.0
 40
47.0
 40
48.0
 40
48.0
 40
48.0
 40
49.0
 40
49.0
 40
49.0
 40
50.0
 40
50.0
 40
50.0
 40
51.0
 40
51.0
 40
51.0
 40
52.0
 40
52.0
 40
52.0
 40
53.0
 40
53.0
 40
53.0
 40
54.0
 40
54.0
 40
54.0
 40
55.0
 40
55.0
 40
55.0
 40
56.0
 40
56.0
 40
56.0
 40
57.0
 40
57.0
 40
57.0
 40
58.0
 40
58.0
 40
58.0
 40
59.0
 40
59.0
 40
59.0
 40
60.0
 40
60.0
 40
60.0
 40
61.0
 40
61.0
 40
61.0
 40
62.0
 40
62.0
 40
62.0
 40
63.0
 40
63.0
 40
63.0
 40
64.0
 40
64.0
 40
64.0
 40
65.0
 40
65.0
 40
65.0
 40
66.0
 40
66.0
 40
66.0
 40
67.0
 40
67.0
 40
67.0
 40
68.0
 40
68.0
 40
68.0
 40
69.0
 40
69.0
 40
69.0
 40
70.0
 40
70.0
 40
70.0
 40
71.0
 40
71.0
 40
71.0
 40
72.0
 40
72.0
 40
72.0
 40
73.0
 40
73.0
 40
73.0
 40
74.0
 40
74.0
 40
74.0
 40
75.0
 40
75.0
 40
75.0
 40
76.0
 40
76.0
 40
76.0
 40
77.0
 40
77.0
 40
77.0
 40
78.0
 40
78.0
 40
78.0
 40
79.0
 40
79.0
 40
79.0
 40
80.0
 40
80.0
 40
80.0
 40
81.0
 40
81.0
 40
81.0
 40
82.0
 40
82.0
 40
82.0
 40
83.0
 40
83.0
 40
83.0
 40
84.0
 40
84.0
 40
84.0
 40
85.0
 40
85.0
 40
85.0
 40
86.0
 40
86.0
 40
86.0
 40
87.0
 40
87.0
 40
87.0
 40
88.0
 40
88.0
 40
88.0
 40
89.0
 40
89.0
 40
89.0
 40
90.0
 40
90.0
 40
90.0
 40
91.0
 40
91.0
 40
91.0
 40
92.0
 40
92.0
 40
92.0
 40
93.0
 40
93.0
 40
93.0
 40
94.0
 40
94.0
 40
94.0
 40
95.0
 40
95.0
 40
95.0
 40
96.0
 40
96.0
 40
96.0
 40
97.0
 40
97.0
 40
97.0
 40
98.0
 40
98.0
 40
98.0
 40
99.0
 40
99.0
 40
99.0
 40
100.0
 40
100.0
 40
100.0
 40
101.0
 40
101.0
 40
101.0
 40
102.0
 40
102.0
 40
102.0
 40
103.0
 40
103.0
 40
103.0
 40
104.0
 40
104.0
 40
104.0
 40
105.0
 40
105.0
 40
105.0
 40
106.0
 40
106.0
 40
106.0
 40
107.0
 40
107.0
 40
107.0
 40
108.0
 40
108.0
 40
108.0
 40
109.0
 40
109.0
 40
109.0
 40
110.0
 40
110.0
 40
110.0
 40
111.0
 40
111.0
 40
111.0
 40
112.0
 40
112.0
 40
112.0
 40
113.0
 40
113.0
 40
113.0
 40
114.0
 40
114.0
 40
114.0
 40
115.0
 40
115.0
 40
115.0
 40
116.0
 40
116.0
 40
116.0
 40
117.0
 40
117.0
 40
117.0
 40
118.0
 40
118.0
 40
118.0
 40
119.0
 40
119.0
 40
119.0
 40
120.0
 40
120.0
 40
120.0
 40
121.0
 40
121.0
 40
121.0
 40
122.0
 40
122.0
 40
122.0
 40
123.0
 40
123.0
 40
123.0
 40
124.0
 40
124.0
 40
124.0
 40
125.0
 40
125.0
 40
125.0
 40
126.0
 40
126.0
 40
126.0
 40
127.0
 40
127.0
 40
127.0
 40
128.0
 40
128.0
 40
128.0
 40
129.0
 40
129.0
 40
129.0
 40
130.0
 40
130.0
 40
130.0
 40
131.0
 40
131.0
 40
131.0
 40
132.0
 40
132.0
 40
132.0
 40
133.0
 40
133.0
 40
133.0
 40
134.0
 40
134.0
 40
134.0
 40
135.0
 40
135.0
 40
135.0
 40
136.0
 40
136.0
 40
136.0
 40
137.0
 40
137.0
 40
137.0
 40
138.0
 40
138.0
 40
138.0
 40
139.0
 40
139.0
 40
139.0
 40
140.0
 40
140.0
 40
140.0
 40
141.0
 40
141.0
 40
141.0
 40
142.0
 40
142.0
 40
142.0
 40
143.0
 40
143.0
 40
143.0
 40
144.0
 40
144.0
 40
144.0
 40
145.0
 40
145.0
 40
145.0
 40
146.0
 40
146.0
 40
146.0
 40
147.0
 40
147.0
 40
147.0
 40
148.0
 40
148.0
 40
148.0
 40
149.0
 40
149.0
 40
149.0
 40
150.0
 40
150.0
 40
150.0
 40
151.0
 40
151.0
 40
151.0
 40
152.0
 40
152.0
 40
152.0
 40
153.0
 40
153.0
 40
153.0
 40
154.0
 40
154.0
 40
154.0
 40
155.0
 40
155.0
 40
155.0
 40
156.0
 40
156.0
 40
156.0
 40
157.0
 40
157.0
 40
157.0
 40
158.0
 40
158.0
 40
158.0
 40
159.0
 40
159.0
 40
159.0
 40
160.0
 40
160.0
 40
160.0
 40
161.0
 40
161.0
 40
161.0
 40
162.0
 40
162.0
 40
162.0
 40
163.0
 40
163.0
 40
163.0
 40
164.0
 40
164.0
 40
164.0
 40
165.0
 40
165.0
 40
165.0
 40
166.0
 40
166.0
 40
166.0
 40
167.0
 40
167.0
 40
167.0
 40
168.0
 40
168.0
 40
168.0
 40
169.0
 40
169.0
 40
169.0
 40
170.0
 40
170.0
 40
170.0
 40
171.0
 40
171.0
 40
171.0
 40
172.0
 40
172.0
 40
172.0
 40
173.0
 40
173.0
 40
173.0
 40
174.0
 40
174.0
 40
174.0
 40
175.0
 40
175.0
 40
175.0
 40
176.0
 40
176.0
 40
176.0
 40
177.0
 40
177.0
 40
177.0
 40
178.0
 40
178.0
 40
178.0
 40
179.0
 40
179.0
 40
179.0
 40
180.0
 40
180.0
 40
180.0
 40
181.0
 40
181.0
 40
181.0
 40
182.0
 40
182.0
 40
182.0
 40
183.0
 40
183.0
 40
183.0
 40
184.0
 40
184.0
 40
184.0
 40
185.0
 40
185.0
 40
185.0
 40
186.0
 40
186.0
 40
186.0
 40
187.0
 40
187.0
 40
187.0
 40
188.0
 40
188.0
 40
188.0
 40
189.0
 40
189.0
 40
189.0
 40
190.0
 40
190.0
 40
190.0
 40
190.0
 10
3.156944491486582
 20
6.261111204408936
 30
0.0
 10
3.159722269305752
 20
6.251388982041842
 30
0.0
 10
3.170833380582431
 20
6.244444537493917
 30
0.0
 10
3.179166714039941
 20
6.247222315313087
 30
0.0
 10
3.187500047497451
 20
6.248611204222672
 30
0.0
 10
3.194444492045375
 20
6.241666759674747
 30
0.0
 10
3.194444492045375
 20
6.231944537307652
 30
0.0
 10
3.194444492045375
 20
6.222222314940558
 30
0.0
 10
3.211111158960395
 20
6.200000092387199
 30
0.0
 10
3.230555603694584
 20
6.181944536562594
 30
0.0
 10
3.258333381886283
 20
6.156944536190065
 30
0.0
 10
3.262500048615038
 20
6.147222313822971
 30
0.0
 10
3.250000048428773
 20
6.131944535817536
 30
0.0
 10
3.240277826061678
 20
6.120833424540856
 30
0.0
 10
3.236111159332924
 20
6.104166757625837
 30
0.0
 10
3.240277826061678
 20
6.094444535258743
 30
0.0
 10
3.245833381700018
 20
6.083333423982063
 30
0.0
 10
3.248611159519188
 20
6.084722312891648
 30
0.0
 10
3.248611159519188
 20
6.101388979806667
 30
0.0
 10
3.250000048428773
 20
6.113888979992932
 30
0.0
 10
3.256944492976698
 20
6.125000091269612
 30
0.0
 10
3.265277826434207
 20
6.125000091269612
 30
0.0
 10
3.272222270982132
 20
6.125000091269612
 30
0.0
 10
3.275000048801302
 20
6.118055646721686
 30
0.0
 10
3.269444493162962
 20
6.108333424354592
 30
0.0
 10
3.263888937524622
 20
6.098611201987497
 30
0.0
 10
3.265277826434207
 20
6.097222313077913
 30
0.0
 10
3.275000048801302
 20
6.102777868716253
 30
0.0
 10
3.287500048987567
 20
6.109722313264177
 30
0.0
 10
3.31944449390802
 20
6.072222312705384
 30
0.0
 10
3.32777782736553
 20
6.041666756694515
 30
0.0
 10
3.334722271913455
 20
6.009722311774061
 30
0.0
 10
3.352777827738059
 20
5.987500089220702
 30
0.0
 10
3.365277827924324
 20
5.995833422678211
 30
0.0
 10
3.373611161381834
 20
6.001388978316551
 30
0.0
 10
3.376388939201003
 20
5.995833422678211
 30
0.0
 10
3.370833383562664
 20
5.981944533582362
 30
0.0
 10
3.365277827924324
 20
5.968055644486512
 30
0.0
 10
3.368055605743494
 20
5.959722311029003
 30
0.0
 10
3.379166717020173
 20
5.962500088848173
 30
0.0
 10
3.388888939387268
 20
5.963888977757758
 30
0.0
 10
3.394444495025608
 20
5.954166755390663
 30
0.0
 10
3.394444495025608
 20
5.941666755204399
 30
0.0
 10
3.393055606116023
 20
5.92777786610855
 30
0.0
 10
3.395833383935193
 20
5.91944453265104
 30
0.0
 10
3.401388939573532
 20
5.92222231047021
 30
0.0
 10
3.406944495211872
 20
5.926388977198964
 30
0.0
 10
3.419444495398137
 20
5.909722310283945
 30
0.0
 10
3.429166717765231
 20
5.887500087730586
 30
0.0
 10
3.438888940132326
 20
5.865277865177227
 30
0.0
 10
3.455555607047345
 20
5.847222309352622
 30
0.0
 10
3.46527782941444
 20
5.847222309352622
 30
0.0
 10
3.497222274334894
 20
5.847222309352622
 30
0.0
 10
3.500000052154064
 20
5.806944530974659
 30
0.0
 10
3.47083338505278
 20
5.758333419139185
 30
0.0
 10
3.444444495770666
 20
5.712500085122883
 30
0.0
 10
3.445833384680251
 20
5.63888897291488
 30
0.0
 10
3.47361116287195
 20
5.63888897291488
 30
0.0
 10
3.480555607419874
 20
5.63888897291488
 30
0.0
 10
3.481944496329459
 20
5.629166750547786
 30
0.0
 10
3.477777829600704
 20
5.618055639271106
 30
0.0
 10
3.472222273962365
 20
5.606944527994427
 30
0.0
 10
3.463888940504855
 20
5.601388972356087
 30
0.0
 10
3.45694449595693
 20
5.605555639084841
 30
0.0
 10
3.450000051409006
 20
5.609722305813597
 30
0.0
 10
3.444444495770666
 20
5.605555639084841
 30
0.0
 10
3.444444495770666
 20
5.595833416717747
 30
0.0
 10
3.444444495770666
 20
5.569444527435633
 30
0.0
 10
3.372222272472249
 20
5.509722304323481
 30
0.0
 10
3.361111161195569
 20
5.527777860148085
 30
0.0
 10
3.354166716647644
 20
5.538888971424764
 30
0.0
 10
3.345833383190135
 20
5.536111193605594
 30
0.0
 10
3.33333338300387
 20
5.52083341560016
 30
0.0
 10
3.318055604998435
 20
5.502777859775556
 30
0.0
 10
3.31944449390802
 20
5.500000081956386
 30
0.0
 10
3.33888893864221
 20
5.508333415413895
 30
0.0
 10
3.351388938828474
 20
5.512500082142651
 30
0.0
 10
3.361111161195569
 20
5.512500082142651
 30
0.0
 10
3.361111161195569
 20
5.506944526504311
 30
0.0
 10
3.361111161195569
 20
5.490277859589292
 30
0.0
 10
3.309722271540926
 20
5.430555636477138
 30
0.0
 10
3.301388938083416
 20
5.438888969934648
 30
0.0
 10
3.297222271354661
 20
5.443055636663403
 30
0.0
 10
3.290277826806736
 20
5.427777858657969
 30
0.0
 10
3.284722271168397
 20
5.405555636104609
 30
0.0
 10
3.280555604439642
 20
5.38333341355125
 30
0.0
 10
3.263888937524622
 20
5.352777857540382
 30
0.0
 10
3.250000048428773
 20
5.336111190625362
 30
0.0
 10
3.236111159332924
 20
5.320833412619927
 30
0.0
 10
3.227777825875414
 20
5.304166745704908
 30
0.0
 10
3.233333381513754
 20
5.297222301156984
 30
0.0
 10
3.238888937152093
 20
5.291666745518644
 30
0.0
 10
3.234722270423339
 20
5.291666745518644
 30
0.0
 10
3.225000048056244
 20
5.297222301156984
 30
0.0
 10
3.215277825689149
 20
5.302777856795324
 30
0.0
 10
3.211111158960395
 20
5.313888968072003
 30
0.0
 10
3.215277825689149
 20
5.320833412619927
 30
0.0
 10
3.220833381327489
 20
5.327777857167853
 30
0.0
 10
3.215277825689149
 20
5.333333412806192
 30
0.0
 10
3.205555603322055
 20
5.333333412806192
 30
0.0
 10
3.194444492045375
 20
5.333333412806192
 30
0.0
 10
3.177777825130356
 20
5.344444524082872
 30
0.0
 10
3.165277824944091
 20
5.358333413178721
 30
0.0
 10
3.134722268933223
 20
5.39444452482793
 30
0.0
 10
3.065277823453975
 20
5.593055638898577
 30
0.0
 10
3.07777782364024
 20
5.613888972542351
 30
0.0
 10
3.084722268188165
 20
5.627777861638201
 30
0.0
 10
3.08333337927858
 20
5.627777861638201
 30
0.0
 10
3.06944449018273
 20
5.615277861451937
 30
0.0
 10
3.055555601086881
 20
5.602777861265672
 30
0.0
 10
3.055555601086881
 20
5.584722305441068
 30
0.0
 10
3.068055601273145
 20
5.525000082328915
 30
0.0
 10
3.106944490741524
 20
5.347222301902042
 30
0.0
 10
3.113888935289448
 20
5.330555634987022
 30
0.0
 10
3.141666713481147
 20
5.337500079534947
 30
0.0
 10
3.155555602576997
 20
5.341666746263702
 30
0.0
 10
3.166666713853676
 20
5.338888968444532
 30
0.0
 10
3.166666713853676
 20
5.331944523896607
 30
0.0
 10
3.166666713853676
 20
5.323611190439097
 30
0.0
 10
3.180555602949526
 20
5.304166745704908
 30
0.0
 10
3.19861115877413
 20
5.286111189880304
 30
0.0
 10
3.215277825689149
 20
5.269444522965285
 30
0.0
 10
3.241666714971263
 20
5.231944522406491
 30
0.0
 10
3.256944492976698
 20
5.202777855305208
 30
0.0
 10
3.298611160264246
 20
5.120833409639695
 30
0.0
 10
3.409722273031042
 20
5.005555630144145
 30
0.0
 10
3.476388940691119
 20
4.973611185223691
 30
0.0
 10
3.554166719627876
 20
4.936111184664897
 30
0.0
 10
3.733333388964334
 20
4.934722295755313
 30
0.0
 10
3.972222281412945
 20
4.970833407404521
 30
0.0
 10
4.068055616174307
 20
4.984722296500371
 30
0.0
 10
4.180555617850687
 20
5.00138896341539
 30
0.0
 10
4.22361117404782
 20
5.00694451905373
 30
0.0
 10
4.266666730244954
 20
5.011111185782485
 30
0.0
 10
4.313888953170842
 20
5.025000074878334
 30
0.0
 10
4.327777842266692
 20
5.036111186155014
 30
0.0
 10
4.352777842639221
 20
5.055555630889203
 30
0.0
 10
4.352777842639221
 20
5.056944519798788
 30
0.0
 10
4.325000064447522
 20
5.048611186341278
 30
0.0
 10
4.308333397532502
 20
5.044444519612524
 30
0.0
 10
4.258333396787444
 20
5.040277852883769
 30
0.0
 10
4.212500062771141
 20
5.037500075064599
 30
0.0
 10
4.165277839845253
 20
5.036111186155014
 30
0.0
 10
4.134722283834384
 20
5.030555630516674
 30
0.0
 10
4.144444506201478
 20
5.025000074878334
 30
0.0
 10
4.152777839658988
 20
5.019444519239995
 30
0.0
 10
4.122222283648119
 20
5.013888963601655
 30
0.0
 10
4.076388949631816
 20
5.013888963601655
 30
0.0
 10
4.030555615615513
 20
5.013888963601655
 30
0.0
 10
3.966666725774605
 20
5.00694451905373
 30
0.0
 10
3.934722280854152
 20
5.000000074505805
 30
0.0
 10
3.902777835933698
 20
4.99305562995788
 30
0.0
 10
3.848611168459885
 20
4.984722296500371
 30
0.0
 10
3.813888945720261
 20
4.983333407590786
 30
0.0
 10
3.779166722980638
 20
4.983333407590786
 30
0.0
 10
3.750000055879354
 20
4.977777851952446
 30
0.0
 10
3.750000055879354
 20
4.973611185223691
 30
0.0
 10
3.750000055879354
 20
4.940277851393653
 30
0.0
 10
3.502777829973233
 20
4.975000074133276
 30
0.0
 10
3.461111162685685
 20
5.013888963601655
 30
0.0
 10
3.448611162499421
 20
5.026388963787919
 30
0.0
 10
3.426388939946061
 20
5.040277852883769
 30
0.0
 10
3.413888939759797
 20
5.044444519612524
 30
0.0
 10
3.384722272658513
 20
5.056944519798788
 30
0.0
 10
3.281944493349227
 20
5.193055632938112
 30
0.0
 10
3.275000048801302
 20
5.229166744587321
 30
0.0
 10
3.273611159891717
 20
5.244444522592756
 30
0.0
 10
3.265277826434207
 20
5.261111189507775
 30
0.0
 10
3.259722270795868
 20
5.26527785623653
 30
0.0
 10
3.237500048242509
 20
5.281944523151549
 30
0.0
 10
3.318055604998435
 20
5.423611191929214
 30
0.0
 10
3.404166717392702
 20
5.516666748871405
 30
0.0
 10
3.481944496329459
 20
5.602777861265672
 30
0.0
 10
3.529166719255347
 20
5.627777861638201
 30
0.0
 10
3.506944496701988
 20
5.572222305254803
 30
0.0
 10
3.502777829973233
 20
5.559722305068539
 30
0.0
 10
3.502777829973233
 20
5.554166749430199
 30
0.0
 10
3.508333385611573
 20
5.559722305068539
 30
0.0
 10
3.518055607978668
 20
5.569444527435633
 30
0.0
 10
3.59166672018667
 20
5.473611192674272
 30
0.0
 10
3.587500053457915
 20
5.456944525759253
 30
0.0
 10
3.58611116454833
 20
5.452777859030498
 30
0.0
 10
3.604166720372934
 20
5.429166747567554
 30
0.0
 10
3.626388942926293
 20
5.404166747195024
 30
0.0
 10
3.666666721304257
 20
5.359722302088306
 30
0.0
 10
3.670833388033012
 20
5.358333413178721
 30
0.0
 10
3.781944500799808
 20
5.358333413178721
 30
0.0
 10
3.856944501917395
 20
5.359722302088306
 30
0.0
 10
3.888888946837848
 20
5.355555635359551
 30
0.0
 10
3.875000057741999
 20
5.347222301902042
 30
0.0
 10
3.862500057555735
 20
5.338888968444532
 30
0.0
 10
3.86111116864615
 20
5.333333412806192
 30
0.0
 10
3.870833391013244
 20
5.333333412806192
 30
0.0
 10
3.879166724470754
 20
5.333333412806192
 30
0.0
 10
3.891666724657018
 20
5.340277857354117
 30
0.0
 10
3.897222280295358
 20
5.348611190811626
 30
0.0
 10
3.902777835933698
 20
5.359722302088306
 30
0.0
 10
3.954166725588341
 20
5.361111190997891
 30
0.0
 10
4.061111171626381
 20
5.354166746449966
 30
0.0
 10
4.37500006519258
 20
5.334722301715777
 30
0.0
 10
4.465277844315601
 20
5.333333412806192
 30
0.0
 10
4.444444510671827
 20
5.347222301902042
 30
0.0
 10
4.427777843756808
 20
5.358333413178721
 30
0.0
 10
4.427777843756808
 20
5.361111190997891
 30
0.0
 10
4.443055621762242
 20
5.361111190997891
 30
0.0
 10
4.454166733038921
 20
5.361111190997891
 30
0.0
 10
4.48472228904979
 20
5.377777857912911
 30
0.0
 10
4.511111178331904
 20
5.3972223026471
 30
0.0
 10
4.550000067800283
 20
5.427777858657969
 30
0.0
 10
4.555555623438622
 20
5.429166747567554
 30
0.0
 10
4.544444512161943
 20
5.406944525014194
 30
0.0
 10
4.531944511975678
 20
5.38611119137042
 30
0.0
 10
4.533333400885263
 20
5.379166746822495
 30
0.0
 10
4.548611178890697
 20
5.379166746822495
 30
0.0
 10
4.559722290167377
 20
5.379166746822495
 30
0.0
 10
4.565277845805717
 20
5.384722302460835
 30
0.0
 10
4.562500067986547
 20
5.390277858099175
 30
0.0
 10
4.551388956709867
 20
5.406944525014194
 30
0.0
 10
4.570833401444057
 20
5.444444525572988
 30
0.0
 10
4.591666735087831
 20
5.444444525572988
 30
0.0
 10
4.602777846364511
 20
5.444444525572988
 30
0.0
 10
4.61111117982202
 20
5.451388970120913
 30
0.0
 10
4.61111117982202
 20
5.458333414668837
 30
0.0
 10
4.61111117982202
 20
5.466666748126347
 30
0.0
 10
4.618055624369945
 20
5.472222303764687
 30
0.0
 10
4.626388957827455
 20
5.472222303764687
 30
0.0
 10
4.633333402375379
 20
5.472222303764687
 30
0.0
 10
4.636111180194549
 20
5.466666748126347
 30
0.0
 10
4.631944513465795
 20
5.458333414668837
 30
0.0
 10
4.62777784673704
 20
5.450000081211328
 30
0.0
 10
4.633333402375379
 20
5.448611192301743
 30
0.0
 10
4.644444513652059
 20
5.452777859030498
 30
0.0
 10
4.656944513838324
 20
5.456944525759253
 30
0.0
 10
4.663888958386248
 20
5.465277859216763
 30
0.0
 10
4.661111180567078
 20
5.470833414855102
 30
0.0
 10
4.658333402747908
 20
5.475000081583857
 30
0.0
 10
4.677777847482098
 20
5.480555637222196
 30
0.0
 10
4.705555625673796
 20
5.481944526131782
 30
0.0
 10
4.734722292775081
 20
5.483333415041366
 30
0.0
 10
4.791666738068063
 20
5.488888970679706
 30
0.0
 10
4.833333405355611
 20
5.493055637408461
 30
0.0
 10
4.887500072829425
 20
5.498611193046801
 30
0.0
 10
4.904166739744444
 20
5.497222304137216
 30
0.0
 10
4.888888961739009
 20
5.487500081770122
 30
0.0
 10
4.87777785046233
 20
5.479166748312612
 30
0.0
 10
4.873611183733575
 20
5.472222303764687
 30
0.0
 10
4.880555628281499
 20
5.472222303764687
 30
0.0
 10
4.912500073201954
 20
5.472222303764687
 30
0.0
 10
4.826388960807687
 20
5.419444525200459
 30
0.0
 10
4.734722292775081
 20
5.384722302460835
 30
0.0
 10
4.656944513838324
 20
5.354166746449966
 30
0.0
 10
4.62500006891787
 20
5.333333412806192
 30
0.0
 10
4.604166735274096
 20
5.301388967885738
 30
0.0
 10
4.588888957268661
 20
5.276388967513209
 30
0.0
 10
4.554166734529037
 20
5.24583341150234
 30
0.0
 10
4.527777845246924
 20
5.231944522406491
 30
0.0
 10
4.495833400326469
 20
5.215277855491472
 30
0.0
 10
4.49027784468813
 20
5.208333410943547
 30
0.0
 10
4.511111178331904
 20
5.212500077672302
 30
0.0
 10
4.550000067800283
 20
5.222222300039397
 30
0.0
 10
4.550000067800283
 20
5.219444522220227
 30
0.0
 10
4.472222288863526
 20
5.113888965091771
 30
0.0
 10
4.429166732666392
 20
5.054166741979618
 30
0.0
 10
4.400000065565109
 20
5.027777852697504
 30
0.0
 10
4.379166731921334
 20
5.027777852697504
 30
0.0
 10
4.348611175910465
 20
5.027777852697504
 30
0.0
 10
4.247222285510765
 20
4.918055628840293
 30
0.0
 10
4.172222284393177
 20
4.805555627163912
 30
0.0
 10
4.127777839286459
 20
4.738888959503835
 30
0.0
 10
4.137500061653554
 20
4.697222292216287
 30
0.0
 10
4.209722284951971
 20
4.631944513465795
 30
0.0
 10
4.269444508064124
 20
4.579166734901567
 30
0.0
 10
4.322222286628352
 20
4.559722290167377
 30
0.0
 10
4.36111117609673
 20
4.577777845991982
 30
0.0
 10
4.397222287745939
 20
4.595833401816586
 30
0.0
 10
4.541666734342773
 20
4.775000071153044
 30
0.0
 10
4.566666734715302
 20
4.833333405355611
 30
0.0
 10
4.577777845991982
 20
4.859722294637726
 30
0.0
 10
4.598611179635756
 20
4.900000073015689
 30
0.0
 10
4.615277846550775
 20
4.922222295569048
 30
0.0
 10
4.615277846550775
 20
4.922222295569048
 30
0.0
 10
4.643055624742474
 20
4.961111185037426
 30
0.0
 10
4.643055624742474
 20
4.961111185037426
 30
0.0
 10
4.643055624742474
 20
4.961111185037426
 30
0.0
 10
4.604166735274096
 20
4.991666741048295
 30
0.0
 10
4.604166735274096
 20
4.991666741048295
 30
0.0
 10
4.558333401257792
 20
5.027777852697504
 30
0.0
 10
4.563888956896132
 20
5.069444519985053
 30
0.0
 10
4.61388895764119
 20
5.070833408894637
 30
0.0
 10
4.631944513465795
 20
5.070833408894637
 30
0.0
 10
4.637500069104135
 20
5.075000075623393
 30
0.0
 10
4.629166735646625
 20
5.079166742352147
 30
0.0
 10
4.60833340200285
 20
5.087500075809657
 30
0.0
 10
4.60555562418368
 20
5.15277785456015
 30
0.0
 10
4.62500006891787
 20
5.15277785456015
 30
0.0
 10
4.633333402375379
 20
5.15277785456015
 30
0.0
 10
4.645833402561644
 20
5.168055632565583
 30
0.0
 10
4.652777847109569
 20
5.187500077299773
 30
0.0
 10
4.659722291657494
 20
5.206944522033962
 30
0.0
 10
4.681944514210853
 20
5.229166744587321
 30
0.0
 10
4.701388958945042
 20
5.236111189135246
 30
0.0
 10
4.720833403679231
 20
5.24305563368317
 30
0.0
 10
4.736111181684665
 20
5.258333411688605
 30
0.0
 10
4.736111181684665
 20
5.270833411874869
 30
0.0
 10
4.736111181684665
 20
5.295833412247398
 30
0.0
 10
4.793055626977648
 20
5.298611190066568
 30
0.0
 10
4.837500072084367
 20
5.276388967513209
 30
0.0
 10
4.919444517749878
 20
5.233333411316076
 30
0.0
 10
4.951388962670332
 20
5.173611188203923
 30
0.0
 10
4.911111184292368
 20
5.1388889654643
 30
0.0
 10
4.86944451700482
 20
5.105555631634261
 30
0.0
 10
4.76250007096678
 20
4.727777848227156
 30
0.0
 10
4.666666736205418
 20
4.276388952612048
 30
0.0
 10
4.643055624742474
 20
4.166666728754838
 30
0.0
 10
4.580555623811151
 20
3.820833390268186
 30
0.0
 10
4.527777845246924
 20
3.506944496701988
 30
0.0
 10
4.422222288118468
 20
2.872222265021668
 30
0.0
 10
4.383333398650089
 20
2.676388928770191
 30
0.0
 10
4.312500064261257
 20
2.405555591401126
 30
0.0
 10
4.222222285138236
 20
2.061111141824059
 30
0.0
 10
4.073611171812646
 20
1.713888914427823
 30
0.0
 10
3.933333391944567
 20
1.513888911447591
 30
0.0
 10
3.854166724098225
 20
1.400000020861625
 30
0.0
 10
3.669444499123427
 20
1.216666684796412
 30
0.0
 10
3.569444497633311
 20
1.15138890604592
 30
0.0
 10
3.361111161195569
 20
1.01388890399701
 30
0.0
 10
3.091666712736089
 20
0.9222222359644041
 30
0.0
 10
2.81944448645744
 20
0.8958333466822901
 30
0.0
 10
2.68194448440853
 20
0.8833333464960256
 30
0.0
 10
2.666666706403096
 20
0.8777777908576858
 30
0.0
 10
2.666666706403096
 20
0.847222234846817
 30
0.0
 10
2.666666706403096
 20
0.8319444568413826
 30
0.0
 10
2.658333372945586
 20
0.8194444566551181
 30
0.0
 10
2.647222261668907
 20
0.8194444566551181
 30
0.0
 10
2.634722261482642
 20
0.8194444566551181
 30
0.0
 10
2.630555594753887
 20
0.8097222342880234
 30
0.0
 10
2.634722261482642
 20
0.7902777895538344
 30
0.0
 10
2.638888928211397
 20
0.7750000115484
 30
0.0
 10
2.634722261482642
 20
0.7375000109896064
 30
0.0
 10
2.625000039115548
 20
0.7069444549787375
 30
0.0
 10
2.609722261110113
 20
0.6611111209624343
 30
0.0
 10
2.604166705471773
 20
0.6555555653240946
 30
0.0
 10
2.584722260737584
 20
0.669444454419944
 30
0.0
 10
2.56666670491298
 20
0.6833333435157935
 30
0.0
 10
2.565277816003395
 20
0.6833333435157935
 30
0.0
 10
2.579166705099244
 20
0.666666676600774
 30
0.0
 10
2.601388927652604
 20
0.6430555651378301
 30
0.0
 10
2.602777816562188
 20
0.5972222311215269
 30
0.0
 10
2.583333371827999
 20
0.5972222311215269
 30
0.0
 10
2.57500003837049
 20
0.5972222311215269
 30
0.0
 10
2.56944448273215
 20
0.5888888976640171
 30
0.0
 10
2.570833371641735
 20
0.5791666752969224
 30
0.0
 10
2.577777816189659
 20
0.5416666747381289
 30
0.0
 10
2.522222259806262
 20
0.4361111176096731
 30
0.0
 10
2.500000037252902
 20
0.4416666732480129
 30
0.0
 10
2.490277814885808
 20
0.4430555621575979
 30
0.0
 10
2.490277814885808
 20
0.4347222287000882
 30
0.0
 10
2.501388926162487
 20
0.4152777839658989
 30
0.0
 10
2.512500037439167
 20
0.3930555614125397
 30
0.0
 10
2.512500037439167
 20
0.3875000057741999
 30
0.0
 10
2.500000037252902
 20
0.3958333392317096
 30
0.0
 10
2.490277814885808
 20
0.4013888948700494
 30
0.0
 10
2.486111148157053
 20
0.3986111170508795
 30
0.0
 10
2.487500037066638
 20
0.3875000057741999
 30
0.0
 10
2.494444481614563
 20
0.3513888941249914
 30
0.0
 10
2.472222259061203
 20
0.2902777821032537
 30
0.0
 10
2.455555592146184
 20
0.3000000044703484
 30
0.0
 10
2.447222258688674
 20
0.3055555601086881
 30
0.0
 10
2.444444480869504
 20
0.3041666711991032
 30
0.0
 10
2.448611147598259
 20
0.2958333377415934
 30
0.0
 10
2.459722258874939
 20
0.2791666708265741
 30
0.0
 10
2.369444479751917
 20
0.1777777804268731
 30
0.0
 10
2.355555590656068
 20
0.1902777806131376
 30
0.0
 10
2.351388923927313
 20
0.1958333362514774
 30
0.0
 10
2.347222257198558
 20
0.1930555584323075
 30
0.0
 10
2.347222257198558
 20
0.1847222249747978
 30
0.0
 10
2.347222257198558
 20
0.1625000024214387
 30
0.0
 10
2.272222256080971
 20
0.1361111131393247
 30
0.0
 10
2.212500032968819
 20
0.1361111131393247
 30
0.0
 10
2.119444476026627
 20
0.1347222242297398
 30
0.0
 10
2.095833364563683
 20
0.1388888909584946
 30
0.0
 10
2.104166698021193
 20
0.1513888911447591
 30
0.0
 10
2.108333364749948
 20
0.1583333356926838
 30
0.0
 10
2.104166698021193
 20
0.1694444469693634
 30
0.0
 10
2.095833364563683
 20
0.1750000026077032
 30
0.0
 10
2.084722253287004
 20
0.180555558246043
 30
0.0
 10
2.083333364377419
 20
0.179166669336458
 30
0.0
 10
2.088888920015758
 20
0.1694444469693634
 30
0.0
 10
2.104166698021193
 20
0.1444444465968344
 30
0.0
 10
2.077777808739079
 20
0.1500000022351742
 30
0.0
 10
2.045833363818625
 20
0.1763888915172882
 30
0.0
 10
2.005555585440661
 20
0.2125000031664967
 30
0.0
 10
1.984722251796887
 20
0.2583333371827999
 30
0.0
 10
1.995833363073567
 20
0.2861111153744989
 30
0.0
 10
2.001388918711907
 20
0.3013888933799333
 30
0.0
 10
2.000000029802322
 20
0.3069444490182731
 30
0.0
 10
1.988888918525642
 20
0.3000000044703484
 30
0.0
 10
1.975000029429793
 20
0.2916666710128387
 30
0.0
 10
2.015277807807756
 20
0.463888895801372
 30
0.0
 10
2.03055558581319
 20
0.4791666738068064
 30
0.0
 10
2.03333336363236
 20
0.4833333405355612
 30
0.0
 10
2.058333364004889
 20
0.4791666738068064
 30
0.0
 10
2.083333364377419
 20
0.4722222292588817
 30
0.0
 10
2.109722253659533
 20
0.465277784710957
 30
0.0
 10
2.159722254404591
 20
0.4569444512534473
 30
0.0
 10
2.197222254963384
 20
0.4569444512534473
 30
0.0
 10
2.233333366612593
 20
0.4555555623438624
 30
0.0
 10
2.259722255894707
 20
0.4486111177959376
 30
0.0
 10
2.255555589165952
 20
0.4416666732480129
 30
0.0
 10
2.251388922437197
 20
0.4361111176096731
 30
0.0
 10
2.261111144804292
 20
0.4305555619713334
 30
0.0
 10
2.277777811719311
 20
0.4305555619713334
 30
0.0
 10
2.29444447863433
 20
0.4305555619713334
 30
0.0
 10
2.319444479006859
 20
0.4236111174234086
 30
0.0
 10
2.334722257012294
 20
0.4152777839658989
 30
0.0
 10
2.393055591214861
 20
0.38472222795503
 30
0.0
 10
2.454166703236599
 20
0.4513888956151075
 30
0.0
 10
2.409722258129881
 20
0.5000000074505806
 30
0.0
 10
2.388888924486107
 20
0.5236111189135247
 30
0.0
 10
2.404166702491541
 20
0.5652777862010731
 30
0.0
 10
2.42916670286407
 20
0.5500000081956387
 30
0.0
 10
2.436111147411995
 20
0.5444444525572989
 30
0.0
 10
2.456944481055769
 20
0.5541666749243934
 30
0.0
 10
2.475000036880373
 20
0.5722222307489978
 30
0.0
 10
2.494444481614563
 20
0.591666675483187
 30
0.0
 10
2.498611148343317
 20
0.6041666756694515
 30
0.0
 10
2.488888925976223
 20
0.6083333423982064
 30
0.0
 10
2.479166703609128
 20
0.6111111202173763
 30
0.0
 10
2.472222259061203
 20
0.6208333425844709
 30
0.0
 10
2.472222259061203
 20
0.6305555649515656
 30
0.0
 10
2.472222259061203
 20
0.6402777873186602
 30
0.0
 10
2.456944481055769
 20
0.6597222320528494
 30
0.0
 10
2.438888925231165
 20
0.6750000100582838
 30
0.0
 10
2.419444480496975
 20
0.6888888991541333
 30
0.0
 10
2.408333369220296
 20
0.7055555660691527
 30
0.0
 10
2.411111147039466
 20
0.7111111217074924
 30
0.0
 10
2.41527781376822
 20
0.7180555662554172
 30
0.0
 10
2.401388924672371
 20
0.719444455165002
 30
0.0
 10
2.380555591028597
 20
0.7138888995266623
 30
0.0
 10
2.354166701746483
 20
0.7069444549787375
 30
0.0
 10
2.345833368288973
 20
0.7083333438883225
 30
0.0
 10
2.352777812836898
 20
0.720833344074587
 30
0.0
 10
2.362500035203993
 20
0.7361111220800214
 30
0.0
 10
2.275000033900141
 20
0.744444455537531
 30
0.0
 10
2.17083336568127
 20
0.7375000109896064
 30
0.0
 10
2.137500031851232
 20
0.7347222331704365
 30
0.0
 10
2.125000031664967
 20
0.7402777888087763
 30
0.0
 10
2.125000031664967
 20
0.7555555668142107
 30
0.0
 10
2.125000031664967
 20
0.7680555670004753
 30
0.0
 10
2.130555587303307
 20
0.7777777893675699
 30
0.0
 10
2.138888920760817
 20
0.7777777893675699
 30
0.0
 10
2.145833365308741
 20
0.7777777893675699
 30
0.0
 10
2.147222254218326
 20
0.7888889006442494
 30
0.0
 10
2.143055587489571
 20
0.8027777897400987
 30
0.0
 10
2.134722254032062
 20
0.8222222344742879
 30
0.0
 10
2.137500031851232
 20
0.823611123383873
 30
0.0
 10
2.154166698766251
 20
0.8097222342880234
 30
0.0
 10
2.17083336568127
 20
0.7958333451921741
 30
0.0
 10
2.175000032410025
 20
0.798611123011344
 30
0.0
 10
2.175000032410025
 20
0.8180555677455332
 30
0.0
 10
2.175000032410025
 20
0.8319444568413826
 30
0.0
 10
2.165277810042931
 20
0.8430555681180623
 30
0.0
 10
2.152777809856666
 20
0.8416666792084772
 30
0.0
 10
2.127777809484137
 20
0.8402777902988923
 30
0.0
 10
1.973611140520208
 20
0.4291666730617484
 30
0.0
 10
1.962500029243528
 20
0.3319444493908021
 30
0.0
 10
1.952777806876434
 20
0.2513888926348752
 30
0.0
 10
1.994444474163982
 20
0.1638888913310236
 30
0.0
 10
2.059722252914474
 20
0.1291666685914
 30
0.0
 10
2.161111143314176
 20
0.0750000011175871
 30
0.0
 10
2.336111145921879
 20
0.1125000016763806
 30
0.0
 10
2.430555591773655
 20
0.2097222253473268
 30
0.0
 10
2.484722259247468
 20
0.2652777817307247
 30
0.0
 10
2.669444484222266
 20
0.6916666769733031
 30
0.0
 10
2.668055595312681
 20
0.7583333446333806
 30
0.0
 10
2.668055595312681
 20
0.7583333446333806
 30
0.0
 10
2.668055595312681
 20
0.8013889008305138
 30
0.0
 10
2.668055595312681
 20
0.8013889008305138
 30
0.0
 10
2.668055595312681
 20
0.8013889008305138
 30
0.0
 10
2.788888930446571
 20
0.8111111231976085
 30
0.0
 10
2.788888930446571
 20
0.8111111231976085
 30
0.0
 10
3.290277826806736
 20
0.8513889015755719
 30
0.0
 10
3.698611166224711
 20
1.066666682561238
 30
0.0
 10
3.97361117032253
 20
1.434722243601249
 30
0.0
 10
4.080555616360571
 20
1.577777801288498
 30
0.0
 10
4.233333396414915
 20
1.890277805945111
 30
0.0
 10
4.311111175351672
 20
2.126388920574552
 30
0.0
 10
4.430555621575978
 20
2.486111148157053
 30
0.0
 10
4.495833400326469
 20
2.780555596989061
 30
0.0
 10
4.633333402375379
 20
3.59444449800584
 30
0.0
 10
4.733333403865495
 20
4.191666729127367
 30
0.0
 10
4.787500071339309
 20
4.47361117777311
 30
0.0
 10
4.840277849903537
 20
4.659722291657494
 30
0.0
 10
4.912500073201954
 20
4.922222295569048
 30
0.0
 10
4.955555629399087
 20
5.093055631447996
 30
0.0
 10
4.965277851766182
 20
5.161111188017659
 30
0.0
 10
4.973611185223691
 20
5.229166744587321
 30
0.0
 10
4.973611185223691
 20
5.231944522406491
 30
0.0
 10
4.934722295755313
 20
5.24861118932151
 30
0.0
 10
4.834722294265197
 20
5.290277856609059
 30
0.0
 10
4.775000071153044
 20
5.40277785828544
 30
0.0
 10
4.854166738999386
 20
5.40277785828544
 30
0.0
 10
4.873611183733575
 20
5.40277785828544
 30
0.0
 10
4.888888961739009
 20
5.3972223026471
 30
0.0
 10
4.888888961739009
 20
5.38888896918959
 30
0.0
 10
4.888888961739009
 20
5.381944524641665
 30
0.0
 10
4.915277851021124
 20
5.358333413178721
 30
0.0
 10
4.948611184851162
 20
5.337500079534947
 30
0.0
 10
4.980555629771616
 20
5.316666745891173
 30
0.0
 10
5.0097222968729
 20
5.297222301156984
 30
0.0
 10
5.013888963601655
 20
5.294444523337814
 30
0.0
 10
5.018055630330409
 20
5.291666745518644
 30
0.0
 10
5.0097222968729
 20
5.280555634241964
 30
0.0
 10
4.99583340777705
 20
5.270833411874869
 30
0.0
 10
4.980555629771616
 20
5.25972230059819
 30
0.0
 10
4.976388963042861
 20
5.24861118932151
 30
0.0
 10
4.984722296500371
 20
5.244444522592756
 30
0.0
 10
5.00416674123456
 20
5.231944522406491
 30
0.0
 10
5.029166741607089
 20
5.284722300970719
 30
0.0
 10
5.019444519239995
 20
5.312500079162418
 30
0.0
 10
5.013888963601655
 20
5.323611190439097
 30
0.0
 10
4.981944518681201
 20
5.354166746449966
 30
0.0
 10
4.945833407031992
 20
5.377777857912911
 30
0.0
 10
4.911111184292368
 20
5.401388969375854
 30
0.0
 10
4.879166739371915
 20
5.423611191929214
 30
0.0
 10
4.876388961552745
 20
5.425000080838799
 30
0.0
 10
4.873611183733575
 20
5.427777858657969
 30
0.0
 10
4.886111183919839
 20
5.441666747753818
 30
0.0
 10
4.902777850834859
 20
5.455555636849667
 30
0.0
 10
4.925000073388218
 20
5.473611192674272
 30
0.0
 10
4.931944517936143
 20
5.490277859589292
 30
0.0
 10
4.925000073388218
 20
5.506944526504311
 30
0.0
 10
4.916666739930708
 20
5.52916674905767
 30
0.0
 10
4.904166739744444
 20
5.530555637967254
 30
0.0
 10
4.797222293706403
 20
5.522222304509745
 30
0.0
 10
4.655555624928738
 20
5.511111193233065
 30
0.0
 10
4.631944513465795
 20
5.502777859775556
 30
0.0
 10
4.516666733970244
 20
5.427777858657969
 30
0.0
 10
4.516666733970244
 20
5.427777858657969
 30
0.0
 10
4.429166732666392
 20
5.370833413364985
 30
0.0
 10
4.429166732666392
 20
5.370833413364985
 30
0.0
 10
4.429166732666392
 20
5.370833413364985
 30
0.0
 10
4.183333395669857
 20
5.379166746822495
 30
0.0
 10
4.183333395669857
 20
5.379166746822495
 30
0.0
 10
4.048611171440117
 20
5.384722302460835
 30
0.0
 10
3.877777835561169
 20
5.38888896918959
 30
0.0
 10
3.804166723353167
 20
5.38888896918959
 30
0.0
 10
3.804166723353167
 20
5.38888896918959
 30
0.0
 10
3.672222276942597
 20
5.38888896918959
 30
0.0
 10
3.672222276942597
 20
5.38888896918959
 30
0.0
 10
3.672222276942597
 20
5.38888896918959
 30
0.0
 10
3.587500053457915
 20
5.51805563778099
 30
0.0
 10
3.587500053457915
 20
5.51805563778099
 30
0.0
 10
3.46805560723361
 20
5.701388973846203
 30
0.0
 10
3.466666718324025
 20
5.701388973846203
 30
0.0
 10
3.494444496515724
 20
5.743055641133751
 30
0.0
 10
3.506944496701988
 20
5.762500085867941
 30
0.0
 10
3.522222274707423
 20
5.777777863873375
 30
0.0
 10
3.529166719255347
 20
5.777777863873375
 30
0.0
 10
3.551388941808706
 20
5.777777863873375
 30
0.0
 10
3.541666719441612
 20
5.812500086612999
 30
0.0
 10
3.509722274521158
 20
5.847222309352622
 30
0.0
 10
3.493055607606139
 20
5.866666754086812
 30
0.0
 10
3.438888940132326
 20
5.938888977385229
 30
0.0
 10
3.388888939387268
 20
6.006944533954891
 30
0.0
 10
3.258333381886283
 20
6.191666758929689
 30
0.0
 10
3.19027782531662
 20
6.276388982414371
 30
0.0
 10
3.169444491672846
 20
6.276388982414371
 30
0.0
 10
3.158333380396167
 20
6.277777871323955
 30
0.0
 10
3.152777824757827
 20
6.269444537866446
 30
0.0
 10
3.156944491486582
 20
6.261111204408936
 30
0.0
  0
HATCH
  5
113
330
79
100
AcDbEntity
  8
Layer 1
 62
    18
420
        0
440
 33554687
100
AcDbHatch
 10
0.0
 20
0.0
 30
0.0
210
0.0
220
0.0
230
1.0
  2
SOLID
 70
     1
 71
     1
 91
       52
 92
        1
 93
        1
 72
     4
 94
        3
 73
     0
 74
     0
 95
       26
 96
       22
 40
0.0
 40
0.0
 40
0.0
 40
0.0
 40
1.0
 40
1.0
 40
1.0
 40
2.0
 40
2.0
 40
2.0
 40
3.0
 40
3.0
 40
3.0
 40
4.0
 40
4.0
 40
4.0
 40
5.0
 40
5.0
 40
5.0
 40
6.0
 40
6.0
 40
6.0
 40
7.0
 40
7.0
 40
7.0
 40
7.0
 10
2.256944478075537
 20
0.5347222301902043
 10
2.320833367916444
 20
0.5263888967326946
 10
2.402777813581956
 20
0.490277785083486
 10
2.402777813581956
 20
0.4722222292588817
 10
2.402777813581956
 20
0.4680555625301269
 10
2.397222257943616
 20
0.4569444512534473
 10
2.390277813395691
 20
0.4458333399767677
 10
2.380555591028597
 20
0.4305555619713334
 10
2.365277813023162
 20
0.4319444508809183
 10
2.304166701001425
 20
0.4555555623438624
 10
2.262500033713877
 20
0.4708333403492967
 10
2.193055588234629
 20
0.4875000072643161
 10
2.148611143127911
 20
0.4930555629026559
 10
2.105555586930778
 20
0.4986111185409956
 10
2.065277808552814
 20
0.5083333409080903
 10
2.062500030733644
 20
0.5152777854560151
 10
2.054166697276134
 20
0.5277777856422796
 10
2.133333365122477
 20
0.5527777860148086
 10
2.166666698952515
 20
0.5486111192860537
 10
2.177777810229195
 20
0.5472222303764688
 10
2.219444477516743
 20
0.5402777858285441
 10
2.256944478075537
 20
0.5347222301902043
 97
        0
 97
        1
330
DF
 92
        1
 93
        1
 72
     4
 94
        3
 73
     0
 74
     0
 95
       44
 96
       40
 40
0.0
 40
0.0
 40
0.0
 40
0.0
 40
1.0
 40
1.0
 40
1.0
 40
2.0
 40
2.0
 40
2.0
 40
3.0
 40
3.0
 40
3.0
 40
4.0
 40
4.0
 40
4.0
 40
5.0
 40
5.0
 40
5.0
 40
6.0
 40
6.0
 40
6.0
 40
7.0
 40
7.0
 40
7.0
 40
8.0
 40
8.0
 40
8.0
 40
9.0
 40
9.0
 40
9.0
 40
10.0
 40
10.0
 40
10.0
 40
11.0
 40
11.0
 40
11.0
 40
12.0
 40
12.0
 40
12.0
 40
13.0
 40
13.0
 40
13.0
 40
13.0
 10
2.215277810787989
 20
0.6083333423982064
 10
2.286111145176821
 20
0.6111111202173763
 10
2.306944478820595
 20
0.6069444534886214
 10
2.29166670081516
 20
0.5972222311215269
 10
2.273611144990556
 20
0.5847222309352623
 10
2.275000033900141
 20
0.5819444531160923
 10
2.298611145363085
 20
0.5847222309352623
 10
2.31388892336852
 20
0.5861111198448472
 10
2.338888923741049
 20
0.5819444531160923
 10
2.354166701746483
 20
0.5750000085681677
 10
2.383333368847767
 20
0.5611111194723182
 10
2.398611146853201
 20
0.5277777856422796
 10
2.375000035390257
 20
0.5277777856422796
 10
2.368055590842332
 20
0.5277777856422796
 10
2.361111146294408
 20
0.5347222301902043
 10
2.361111146294408
 20
0.543055563647714
 10
2.361111146294408
 20
0.5500000081956387
 10
2.354166701746483
 20
0.5527777860148086
 10
2.347222257198558
 20
0.5486111192860537
 10
2.338888923741049
 20
0.543055563647714
 10
2.323611145735614
 20
0.5472222303764688
 10
2.312500034458935
 20
0.5555555638339785
 10
2.301388923182255
 20
0.5652777862010731
 10
2.281944478448066
 20
0.5694444529298278
 10
2.270833367171386
 20
0.5638888972914881
 10
2.258333366985122
 20
0.5597222305627333
 10
2.251388922437197
 20
0.5611111194723182
 10
2.255555589165952
 20
0.568055564020243
 10
2.263888922623462
 20
0.5819444531160923
 10
2.091666697834928
 20
0.5763888974777526
 10
2.069444475281569
 20
0.5625000083819032
 10
2.062500030733644
 20
0.5583333416531483
 10
2.063888919643229
 20
0.5736111196585827
 10
2.072222253100739
 20
0.5986111200311118
 10
2.084722253287004
 20
0.6347222316803204
 10
2.090277808925343
 20
0.6388888984090752
 10
2.102777809111608
 20
0.6236111204036408
 10
2.113888920388288
 20
0.6097222313077914
 10
2.144444476399156
 20
0.6055555645790366
 10
2.215277810787989
 20
0.6083333423982064
 97
        0
 97
        1
330
E0
 92
        1
 93
        1
 72
     4
 94
        3
 73
     0
 74
     0
 95
       20
 96
       16
 40
0.0
 40
0.0
 40
0.0
 40
0.0
 40
1.0
 40
1.0
 40
1.0
 40
2.0
 40
2.0
 40
2.0
 40
3.0
 40
3.0
 40
3.0
 40
4.0
 40
4.0
 40
4.0
 40
5.0
 40
5.0
 40
5.0
 40
5.0
 10
2.358333368475238
 20
0.6916666769733031
 10
2.412500035949051
 20
0.6680555655103591
 10
2.458333369965354
 20
0.6236111204036408
 10
2.458333369965354
 20
0.5944444533023569
 10
2.458333369965354
 20
0.5625000083819032
 10
2.441666703050334
 20
0.5625000083819032
 10
2.370833368661502
 20
0.6000000089406968
 10
2.333333368102709
 20
0.6180555647653011
 10
2.276388922809726
 20
0.6319444538611504
 10
2.212500032968819
 20
0.6361111205899053
 10
2.104166698021193
 20
0.6430555651378301
 10
2.076388919829494
 20
0.6638888987816042
 10
2.129166698393722
 20
0.7013888993403978
 10
2.162500032223761
 20
0.7263888997129268
 10
2.288888922995991
 20
0.720833344074587
 10
2.358333368475238
 20
0.6916666769733031
 97
        0
 97
        1
330
E1
 92
        1
 93
        1
 72
     4
 94
        3
 73
     0
 74
     0
 95
       14
 96
       10
 40
0.0
 40
0.0
 40
0.0
 40
0.0
 40
1.0
 40
1.0
 40
1.0
 40
2.0
 40
2.0
 40
2.0
 40
3.0
 40
3.0
 40
3.0
 40
3.0
 10
2.876388931750423
 20
0.8625000128522515
 10
2.865277820473743
 20
0.8555555683043268
 10
2.848611153558724
 20
0.8527777904851568
 10
2.837500042282044
 20
0.8569444572139117
 10
2.80833337518076
 20
0.8680555684905913
 10
2.81666670863827
 20
0.875000013038516
 10
2.858333375925818
 20
0.875000013038516
 10
2.886111154117518
 20
0.875000013038516
 10
2.890277820846272
 20
0.8708333463097611
 10
2.876388931750423
 20
0.8625000128522515
 97
        0
 97
        1
330
E2
 92
        1
 93
        1
 72
     4
 94
        3
 73
     0
 74
     0
 95
       14
 96
       10
 40
0.0
 40
0.0
 40
0.0
 40
0.0
 40
1.0
 40
1.0
 40
1.0
 40
2.0
 40
2.0
 40
2.0
 40
3.0
 40
3.0
 40
3.0
 40
3.0
 10
2.95416671068718
 20
0.8652777906714213
 10
2.941666710500915
 20
0.8527777904851568
 10
2.926388932495481
 20
0.847222234846817
 10
2.920833376857141
 20
0.8527777904851568
 10
2.915277821218801
 20
0.8583333461234966
 10
2.919444487947556
 20
0.8680555684905913
 10
2.930555599224236
 20
0.875000013038516
 10
2.965277821963859
 20
0.897222235591875
 10
2.979166711059709
 20
0.8902777910439503
 10
2.95416671068718
 20
0.8652777906714213
 97
        0
 97
        1
330
E3
 92
        1
 93
        1
 72
     4
 94
        3
 73
     0
 74
     0
 95
       20
 96
       16
 40
0.0
 40
0.0
 40
0.0
 40
0.0
 40
1.0
 40
1.0
 40
1.0
 40
2.0
 40
2.0
 40
2.0
 40
3.0
 40
3.0
 40
3.0
 40
4.0
 40
4.0
 40
4.0
 40
5.0
 40
5.0
 40
5.0
 40
5.0
 10
3.270833382072547
 20
0.9583333476136127
 10
3.276388937710887
 20
0.9500000141561031
 10
3.269444493162962
 20
0.9486111252465182
 10
3.254166715157528
 20
0.9541666808848578
 10
3.240277826061678
 20
0.9583333476136127
 10
3.233333381513754
 20
0.9569444587040278
 10
3.240277826061678
 20
0.951388903065688
 10
3.250000048428773
 20
0.9402777917890084
 10
3.152777824757827
 20
0.8986111245014601
 10
3.141666713481147
 20
0.9083333468685546
 10
3.137500046752393
 20
0.9138889025068944
 10
3.233333381513754
 20
0.9666666810711223
 10
3.252777826247943
 20
0.9708333477998772
 10
3.258333381886283
 20
0.9708333477998772
 10
3.266666715343792
 20
0.9666666810711223
 10
3.270833382072547
 20
0.9583333476136127
 97
        0
 97
        1
330
E4
 92
        1
 93
        1
 72
     4
 94
        3
 73
     0
 74
     0
 95
       20
 96
       16
 40
0.0
 40
0.0
 40
0.0
 40
0.0
 40
1.0
 40
1.0
 40
1.0
 40
2.0
 40
2.0
 40
2.0
 40
3.0
 40
3.0
 40
3.0
 40
4.0
 40
4.0
 40
4.0
 40
5.0
 40
5.0
 40
5.0
 40
5.0
 10
3.354166716647644
 20
0.9722222367094621
 10
3.350000049918889
 20
0.9652777921615374
 10
3.33611116082304
 20
0.9638889032519525
 10
3.323611160636775
 20
0.9680555699807074
 10
3.306944493721756
 20
0.9750000145286321
 10
3.304166715902586
 20
0.9722222367094621
 10
3.312500049360096
 20
0.9583333476136127
 10
3.320833382817605
 20
0.9458333474273482
 10
3.318055604998435
 20
0.9430555696081784
 10
3.305555604812171
 20
0.951388903065688
 10
3.291666715716321
 20
0.9597222365231976
 10
3.293055604625906
 20
0.9666666810711223
 10
3.312500049360096
 20
0.9805555701669719
 10
3.33888893864221
 20
1.000000014901161
 10
3.366666716833909
 20
0.9930555703532364
 10
3.354166716647644
 20
0.9722222367094621
 97
        0
 97
        1
330
E5
 92
        1
 93
        1
 72
     4
 94
        3
 73
     0
 74
     0
 95
       17
 96
       13
 40
0.0
 40
0.0
 40
0.0
 40
0.0
 40
1.0
 40
1.0
 40
1.0
 40
2.0
 40
2.0
 40
2.0
 40
3.0
 40
3.0
 40
3.0
 40
4.0
 40
4.0
 40
4.0
 40
4.0
 10
3.388888939387268
 20
1.000000014901161
 10
3.388888939387268
 20
0.9930555703532364
 10
3.386111161568098
 20
0.9861111258053117
 10
3.383333383748928
 20
0.9861111258053117
 10
3.379166717020173
 20
0.9861111258053117
 10
3.372222272472249
 20
0.9930555703532364
 10
3.368055605743494
 20
1.000000014901161
 10
3.363888939014739
 20
1.00833334835867
 10
3.366666716833909
 20
1.01388890399701
 10
3.373611161381834
 20
1.01388890399701
 10
3.381944494839343
 20
1.01388890399701
 10
3.388888939387268
 20
1.00833334835867
 10
3.388888939387268
 20
1.000000014901161
 97
        0
 97
        1
330
E6
 92
        1
 93
        1
 72
     4
 94
        3
 73
     0
 74
     0
 95
       50
 96
       46
 40
0.0
 40
0.0
 40
0.0
 40
0.0
 40
1.0
 40
1.0
 40
1.0
 40
2.0
 40
2.0
 40
2.0
 40
3.0
 40
3.0
 40
3.0
 40
4.0
 40
4.0
 40
4.0
 40
5.0
 40
5.0
 40
5.0
 40
6.0
 40
6.0
 40
6.0
 40
7.0
 40
7.0
 40
7.0
 40
8.0
 40
8.0
 40
8.0
 40
9.0
 40
9.0
 40
9.0
 40
10.0
 40
10.0
 40
10.0
 40
11.0
 40
11.0
 40
11.0
 40
12.0
 40
12.0
 40
12.0
 40
13.0
 40
13.0
 40
13.0
 40
14.0
 40
14.0
 40
14.0
 40
15.0
 40
15.0
 40
15.0
 40
15.0
 10
3.59722227582501
 20
1.111111127667956
 10
3.59722227582501
 20
1.104166683120032
 10
3.5888889423675
 20
1.097222238572107
 10
3.579166720000405
 20
1.097222238572107
 10
3.568055608723726
 20
1.097222238572107
 10
3.548611163989537
 20
1.084722238385842
 10
3.534722274893687
 20
1.069444460380408
 10
3.520833385797838
 20
1.054166682374974
 10
3.501388941063648
 20
1.041666682188709
 10
3.490277829786969
 20
1.041666682188709
 10
3.480555607419874
 20
1.041666682188709
 10
3.472222273962365
 20
1.037500015459954
 10
3.472222273962365
 20
1.031944459821614
 10
3.472222273962365
 20
1.02500001527369
 10
3.455555607047345
 20
1.01944445963535
 10
3.433333384493986
 20
1.01944445963535
 10
3.433333384493986
 20
1.01944445963535
 10
3.395833383935193
 20
1.018055570725765
 10
3.395833383935193
 20
1.018055570725765
 10
3.395833383935193
 20
1.018055570725765
 10
3.434722273403571
 20
1.033333348731199
 10
3.434722273403571
 20
1.033333348731199
 10
3.455555607047345
 20
1.043055571098294
 10
3.46805560723361
 20
1.055555571284559
 10
3.46250005159527
 20
1.061111126922898
 10
3.45694449595693
 20
1.066666682561238
 10
3.463888940504855
 20
1.066666682561238
 10
3.477777829600704
 20
1.061111126922898
 10
3.495833385425309
 20
1.054166682374974
 10
3.501388941063648
 20
1.055555571284559
 10
3.494444496515724
 20
1.066666682561238
 10
3.487500051967799
 20
1.077777793837918
 10
3.493055607606139
 20
1.080555571657088
 10
3.508333385611573
 20
1.073611127109163
 10
3.526388941436177
 20
1.066666682561238
 10
3.529166719255347
 20
1.069444460380408
 10
3.520833385797838
 20
1.084722238385842
 10
3.515277830159498
 20
1.095833349662522
 10
3.513888941249913
 20
1.100000016391277
 10
3.520833385797838
 20
1.094444460752937
 10
3.526388941436177
 20
1.088888905114597
 10
3.544444497260782
 20
1.093055571843352
 10
3.561111164175801
 20
1.104166683120032
 10
3.59444449800584
 20
1.129166683492561
 10
3.59722227582501
 20
1.129166683492561
 10
3.59722227582501
 20
1.111111127667956
 97
        0
 97
        1
330
E7
 92
        1
 93
        1
 72
     4
 94
        3
 73
     0
 74
     0
 95
       17
 96
       13
 40
0.0
 40
0.0
 40
0.0
 40
0.0
 40
1.0
 40
1.0
 40
1.0
 40
2.0
 40
2.0
 40
2.0
 40
3.0
 40
3.0
 40
3.0
 40
4.0
 40
4.0
 40
4.0
 40
4.0
 10
3.750000055879354
 20
1.231944462801847
 10
3.750000055879354
 20
1.229166684982677
 10
3.72083338877807
 20
1.206944462429318
 10
3.684722277128861
 20
1.181944462056789
 10
3.684722277128861
 20
1.181944462056789
 10
3.618055609468784
 20
1.136111128040485
 10
3.618055609468784
 20
1.136111128040485
 10
3.618055609468784
 20
1.136111128040485
 10
3.672222276942597
 20
1.186111128785543
 10
3.672222276942597
 20
1.186111128785543
 10
3.719444499868485
 20
1.229166684982677
 10
3.750000055879354
 20
1.247222240807281
 10
3.750000055879354
 20
1.231944462801847
 97
        0
 97
        1
330
E8
 92
        1
 93
        1
 72
     4
 94
        3
 73
     0
 74
     0
 95
       20
 96
       16
 40
0.0
 40
0.0
 40
0.0
 40
0.0
 40
1.0
 40
1.0
 40
1.0
 40
2.0
 40
2.0
 40
2.0
 40
3.0
 40
3.0
 40
3.0
 40
4.0
 40
4.0
 40
4.0
 40
5.0
 40
5.0
 40
5.0
 40
5.0
 10
3.793055612076487
 20
1.27777779681815
 10
3.775000056251883
 20
1.262500018812716
 10
3.754166722608109
 20
1.250000018626451
 10
3.744444500241014
 20
1.251388907536036
 10
3.736111166783504
 20
1.251388907536036
 10
3.743055611331429
 20
1.258333352083961
 10
3.761111167156033
 20
1.26666668554147
 10
3.777777834071053
 20
1.27500001899898
 10
3.791666723166902
 20
1.287500019185245
 10
3.791666723166902
 20
1.294444463733169
 10
3.791666723166902
 20
1.300000019371509
 10
3.800000056624412
 20
1.305555575009849
 10
3.809722278991507
 20
1.305555575009849
 10
3.818055612449016
 20
1.304166686100264
 10
3.811111167901092
 20
1.291666685913999
 10
3.793055612076487
 20
1.27777779681815
 97
        0
 97
        1
330
E9
 92
        1
 93
        1
 72
     4
 94
        3
 73
     0
 74
     0
 95
       14
 96
       10
 40
0.0
 40
0.0
 40
0.0
 40
0.0
 40
1.0
 40
1.0
 40
1.0
 40
2.0
 40
2.0
 40
2.0
 40
3.0
 40
3.0
 40
3.0
 40
3.0
 10
3.843055612821545
 20
1.326388908653623
 10
3.843055612821545
 20
1.315277797376943
 10
3.837500057183206
 20
1.309722241738604
 10
3.830555612635281
 20
1.313888908467358
 10
3.823611168087356
 20
1.318055575196113
 10
3.822222279177771
 20
1.327777797563208
 10
3.826388945906526
 20
1.334722242111133
 10
3.83888894609279
 20
1.352777797935737
 10
3.843055612821545
 20
1.350000020116567
 10
3.843055612821545
 20
1.326388908653623
 97
        0
 97
        1
330
EA
 92
        1
 93
        1
 72
     4
 94
        3
 73
     0
 74
     0
 95
       14
 96
       10
 40
0.0
 40
0.0
 40
0.0
 40
0.0
 40
1.0
 40
1.0
 40
1.0
 40
2.0
 40
2.0
 40
2.0
 40
3.0
 40
3.0
 40
3.0
 40
3.0
 10
3.930555614125397
 20
1.430555576872494
 10
3.922222280667887
 20
1.415277798867059
 10
3.908333391572038
 20
1.405555576499965
 10
3.901388947024113
 20
1.411111132138305
 10
3.893055613566603
 20
1.415277798867059
 10
3.897222280295358
 20
1.427777799053324
 10
3.912500058300793
 20
1.438888910330003
 10
3.945833392130831
 20
1.463888910702532
 10
3.948611169950001
 20
1.462500021792948
 10
3.930555614125397
 20
1.430555576872494
 97
        0
 97
        1
330
EB
 92
        1
 93
        1
 72
     4
 94
        3
 73
     0
 74
     0
 95
       26
 96
       22
 40
0.0
 40
0.0
 40
0.0
 40
0.0
 40
1.0
 40
1.0
 40
1.0
 40
2.0
 40
2.0
 40
2.0
 40
3.0
 40
3.0
 40
3.0
 40
4.0
 40
4.0
 40
4.0
 40
5.0
 40
5.0
 40
5.0
 40
6.0
 40
6.0
 40
6.0
 40
7.0
 40
7.0
 40
7.0
 40
7.0
 10
3.993055615056719
 20
1.501388911261326
 10
3.988888948327964
 20
1.493055577803817
 10
3.977777837051285
 20
1.490277799984647
 10
3.969444503593775
 20
1.494444466713401
 10
3.958333392317096
 20
1.501388911261326
 10
3.956944503407511
 20
1.495833355622986
 10
3.963888947955435
 20
1.477777799798382
 10
3.97083339250336
 20
1.458333355064193
 10
3.969444503593775
 20
1.455555577245023
 10
3.956944503407511
 20
1.468055577431288
 10
3.938888947582906
 20
1.486111133255892
 10
3.954166725588341
 20
1.518055578176346
 10
3.975000059232115
 20
1.505555577990081
 10
3.986111170508795
 20
1.498611133442156
 10
3.98750005941838
 20
1.504166689080496
 10
3.980555614870455
 20
1.5222222449051
 10
3.97361117032253
 20
1.54166668963929
 10
3.975000059232115
 20
1.54444446745846
 10
3.98750005941838
 20
1.531944467272195
 10
3.995833392875889
 20
1.523611133814685
 10
3.998611170695059
 20
1.509722244718836
 10
3.993055615056719
 20
1.501388911261326
 97
        0
 97
        1
330
EC
 92
        1
 93
        1
 72
     4
 94
        3
 73
     0
 74
     0
 95
       20
 96
       16
 40
0.0
 40
0.0
 40
0.0
 40
0.0
 40
1.0
 40
1.0
 40
1.0
 40
2.0
 40
2.0
 40
2.0
 40
3.0
 40
3.0
 40
3.0
 40
4.0
 40
4.0
 40
4.0
 40
5.0
 40
5.0
 40
5.0
 40
5.0
 10
4.025000059977173
 20
1.561111134373479
 10
4.009722281971739
 20
1.545833356368044
 10
4.000000059604644
 20
1.543055578548875
 10
3.993055615056719
 20
1.554166689825554
 10
3.98750005941838
 20
1.563888912192649
 10
3.991666726147134
 20
1.568055578921404
 10
4.002777837423814
 20
1.566666690011819
 10
4.012500059790909
 20
1.563888912192649
 10
4.019444504338833
 20
1.573611134559743
 10
4.018055615429249
 20
1.588888912565178
 10
4.016666726519663
 20
1.606944468389782
 10
4.020833393248418
 20
1.609722246208952
 10
4.031944504525098
 20
1.598611134932272
 10
4.043055615801778
 20
1.587500023655593
 10
4.041666726892192
 20
1.577777801288498
 10
4.025000059977173
 20
1.561111134373479
 97
        0
 97
        1
330
ED
 92
        1
 93
        1
 72
     4
 94
        3
 73
     0
 74
     0
 95
       23
 96
       19
 40
0.0
 40
0.0
 40
0.0
 40
0.0
 40
1.0
 40
1.0
 40
1.0
 40
2.0
 40
2.0
 40
2.0
 40
3.0
 40
3.0
 40
3.0
 40
4.0
 40
4.0
 40
4.0
 40
5.0
 40
5.0
 40
5.0
 40
6.0
 40
6.0
 40
6.0
 40
6.0
 10
4.08333339417974
 20
1.64583335785816
 10
4.08333339417974
 20
1.644444468948575
 10
4.075000060722231
 20
1.634722246581481
 10
4.063888949445551
 20
1.626388913123971
 10
4.048611171440117
 20
1.613888912937707
 10
4.041666726892192
 20
1.613888912937707
 10
4.033333393434682
 20
1.626388913123971
 10
4.026388948886758
 20
1.637500024400651
 10
4.029166726705928
 20
1.638888913310236
 10
4.041666726892192
 20
1.631944468762311
 10
4.055555615988042
 20
1.623611135304801
 10
4.058333393807211
 20
1.626388913123971
 10
4.051388949259287
 20
1.643055580038991
 10
4.045833393620947
 20
1.658333358044425
 10
4.048611171440117
 20
1.66250002477318
 10
4.063888949445551
 20
1.65694446913484
 10
4.073611171812646
 20
1.652777802406085
 10
4.08333339417974
 20
1.64861113567733
 10
4.08333339417974
 20
1.64583335785816
 97
        0
 97
        1
330
EE
 92
        1
 93
        1
 72
     4
 94
        3
 73
     0
 74
     0
 95
       32
 96
       28
 40
0.0
 40
0.0
 40
0.0
 40
0.0
 40
1.0
 40
1.0
 40
1.0
 40
2.0
 40
2.0
 40
2.0
 40
3.0
 40
3.0
 40
3.0
 40
4.0
 40
4.0
 40
4.0
 40
5.0
 40
5.0
 40
5.0
 40
6.0
 40
6.0
 40
6.0
 40
7.0
 40
7.0
 40
7.0
 40
8.0
 40
8.0
 40
8.0
 40
9.0
 40
9.0
 40
9.0
 40
9.0
 10
4.147222284020648
 20
1.768055581901636
 10
4.143055617291894
 20
1.762500026263296
 10
4.138888950563138
 20
1.768055581901636
 10
4.138888950563138
 20
1.779166693178315
 10
4.138888950563138
 20
1.790277804454995
 10
4.129166728196044
 20
1.7805555820879
 10
4.118055616919365
 20
1.758333359534541
 10
4.106944505642685
 20
1.737500025890767
 10
4.101388950004345
 20
1.712500025518238
 10
4.106944505642685
 20
1.704166692060728
 10
4.111111172371439
 20
1.695833358603219
 10
4.108333394552269
 20
1.694444469693634
 10
4.10000006109476
 20
1.700000025331974
 10
4.090277838727666
 20
1.705555580970313
 10
4.08333339417974
 20
1.702777803151143
 10
4.08333339417974
 20
1.693055580784049
 10
4.08333339417974
 20
1.683333358416954
 10
4.080555616360571
 20
1.679166691688199
 10
4.076388949631816
 20
1.683333358416954
 10
4.072222282903061
 20
1.687500025145709
 10
4.081944505270156
 20
1.719444470066163
 10
4.10000006109476
 20
1.755555581715371
 10
4.125000061467289
 20
1.806944471370014
 10
4.133333394924799
 20
1.815277804827524
 10
4.143055617291894
 20
1.79722224900292
 10
4.150000061839818
 20
1.78611113772624
 10
4.151388950749403
 20
1.772222248630391
 10
4.147222284020648
 20
1.768055581901636
 97
        0
 97
        1
330
EF
 92
        1
 93
        1
 72
     4
 94
        3
 73
     0
 74
     0
 95
       20
 96
       16
 40
0.0
 40
0.0
 40
0.0
 40
0.0
 40
1.0
 40
1.0
 40
1.0
 40
2.0
 40
2.0
 40
2.0
 40
3.0
 40
3.0
 40
3.0
 40
4.0
 40
4.0
 40
4.0
 40
5.0
 40
5.0
 40
5.0
 40
5.0
 10
4.208333396042386
 20
1.91805558413681
 10
4.208333396042386
 20
1.91250002849847
 10
4.198611173675291
 20
1.895833361583451
 10
4.186111173489027
 20
1.880555583578017
 10
4.166666728754838
 20
1.855555583205488
 10
4.165277839845253
 20
1.855555583205488
 10
4.180555617850687
 20
1.886111139216356
 10
4.188888951308197
 20
1.902777806131376
 10
4.191666729127367
 20
1.925000028684735
 10
4.186111173489027
 20
1.933333362142244
 10
4.180555617850687
 20
1.943055584509339
 10
4.181944506760272
 20
1.944444473418924
 10
4.191666729127367
 20
1.938888917780584
 10
4.201388951494461
 20
1.933333362142244
 10
4.208333396042386
 20
1.92361113977515
 10
4.208333396042386
 20
1.91805558413681
 97
        0
 97
        1
330
F0
 92
        1
 93
        1
 72
     4
 94
        3
 73
     0
 74
     0
 95
       14
 96
       10
 40
0.0
 40
0.0
 40
0.0
 40
0.0
 40
1.0
 40
1.0
 40
1.0
 40
2.0
 40
2.0
 40
2.0
 40
3.0
 40
3.0
 40
3.0
 40
3.0
 10
4.250000063329935
 20
2.008333363259831
 10
4.250000063329935
 20
2.005555585440661
 10
4.24027784096284
 20
1.998611140892737
 10
4.227777840776576
 20
1.994444474163982
 10
4.216666729499896
 20
1.990277807435227
 10
4.211111173861556
 20
1.991666696344812
 10
4.215277840590311
 20
2.000000029802322
 10
4.22361117404782
 20
2.013888918898171
 10
4.250000063329935
 20
2.019444474536511
 10
4.250000063329935
 20
2.008333363259831
 97
        0
 97
        1
330
F1
 92
        1
 93
        1
 72
     4
 94
        3
 73
     0
 74
     0
 95
       17
 96
       13
 40
0.0
 40
0.0
 40
0.0
 40
0.0
 40
1.0
 40
1.0
 40
1.0
 40
2.0
 40
2.0
 40
2.0
 40
3.0
 40
3.0
 40
3.0
 40
4.0
 40
4.0
 40
4.0
 40
4.0
 10
4.263888952425784
 20
2.063888919643229
 10
4.263888952425784
 20
2.059722252914474
 10
4.258333396787444
 20
2.05277780836655
 10
4.250000063329935
 20
2.048611141637795
 10
4.24305561878201
 20
2.04444447490904
 10
4.236111174234085
 20
2.04722225272821
 10
4.236111174234085
 20
2.054166697276134
 10
4.236111174234085
 20
2.062500030733644
 10
4.24305561878201
 20
2.069444475281569
 10
4.250000063329935
 20
2.069444475281569
 10
4.258333396787444
 20
2.069444475281569
 10
4.263888952425784
 20
2.066666697462399
 10
4.263888952425784
 20
2.063888919643229
 97
        0
 97
        1
330
F2
 92
        1
 93
        1
 72
     4
 94
        3
 73
     0
 74
     0
 95
       14
 96
       10
 40
0.0
 40
0.0
 40
0.0
 40
0.0
 40
1.0
 40
1.0
 40
1.0
 40
2.0
 40
2.0
 40
2.0
 40
3.0
 40
3.0
 40
3.0
 40
3.0
 10
4.259722285697029
 20
2.094444475654098
 10
4.255555618968275
 20
2.084722253287004
 10
4.252777841149105
 20
2.091666697834928
 10
4.252777841149105
 20
2.111111142569118
 10
4.252777841149105
 20
2.130555587303307
 10
4.255555618968275
 20
2.137500031851232
 10
4.259722285697029
 20
2.129166698393722
 10
4.262500063516199
 20
2.119444476026627
 10
4.262500063516199
 20
2.102777809111608
 10
4.259722285697029
 20
2.094444475654098
 97
        0
 97
        1
330
F3
 92
        1
 93
        1
 72
     4
 94
        3
 73
     0
 74
     0
 95
       14
 96
       10
 40
0.0
 40
0.0
 40
0.0
 40
0.0
 40
1.0
 40
1.0
 40
1.0
 40
2.0
 40
2.0
 40
2.0
 40
3.0
 40
3.0
 40
3.0
 40
3.0
 10
4.291666730617483
 20
2.141666698579986
 10
4.291666730617483
 20
2.120833364936212
 10
4.288888952798313
 20
2.120833364936212
 10
4.277777841521634
 20
2.138888920760817
 10
4.259722285697029
 20
2.166666698952515
 10
4.259722285697029
 20
2.18472225477712
 10
4.277777841521634
 20
2.17361114350044
 10
4.286111174979143
 20
2.169444476771685
 10
4.291666730617483
 20
2.154166698766251
 10
4.291666730617483
 20
2.141666698579986
 97
        0
 97
        1
330
F4
 92
        1
 93
        1
 72
     4
 94
        3
 73
     0
 74
     0
 95
       14
 96
       10
 40
0.0
 40
0.0
 40
0.0
 40
0.0
 40
1.0
 40
1.0
 40
1.0
 40
2.0
 40
2.0
 40
2.0
 40
3.0
 40
3.0
 40
3.0
 40
3.0
 10
4.301388952984577
 20
2.198611143872969
 10
4.297222286255823
 20
2.18472225477712
 10
4.294444508436653
 20
2.193055588234629
 10
4.294444508436653
 20
2.215277810787989
 10
4.294444508436653
 20
2.238888922250933
 10
4.297222286255823
 20
2.248611144618027
 10
4.301388952984577
 20
2.240277811160517
 10
4.304166730803747
 20
2.230555588793423
 10
4.304166730803747
 20
2.211111144059234
 10
4.301388952984577
 20
2.198611143872969
 97
        0
 97
        1
330
F5
 92
        1
 93
        1
 72
     4
 94
        3
 73
     0
 74
     0
 95
       17
 96
       13
 40
0.0
 40
0.0
 40
0.0
 40
0.0
 40
1.0
 40
1.0
 40
1.0
 40
2.0
 40
2.0
 40
2.0
 40
3.0
 40
3.0
 40
3.0
 40
4.0
 40
4.0
 40
4.0
 40
4.0
 10
4.337500064633786
 20
2.30555558991101
 10
4.333333397905031
 20
2.290277811905575
 10
4.323611175537936
 20
2.273611144990556
 10
4.315277842080427
 20
2.268055589352216
 10
4.308333397532502
 20
2.263888922623462
 10
4.304166730803747
 20
2.265277811533046
 10
4.308333397532502
 20
2.272222256080971
 10
4.312500064261257
 20
2.279166700628896
 10
4.319444508809182
 20
2.295833367543915
 10
4.323611175537936
 20
2.309722256639765
 10
4.336111175724201
 20
2.343055590469803
 10
4.345833398091295
 20
2.340277812650633
 10
4.337500064633786
 20
2.30555558991101
 97
        0
 97
        1
330
F6
 92
        1
 93
        1
 72
     4
 94
        3
 73
     0
 74
     0
 95
       17
 96
       13
 40
0.0
 40
0.0
 40
0.0
 40
0.0
 40
1.0
 40
1.0
 40
1.0
 40
2.0
 40
2.0
 40
2.0
 40
3.0
 40
3.0
 40
3.0
 40
4.0
 40
4.0
 40
4.0
 40
4.0
 10
4.37500006519258
 20
2.388888924486107
 10
4.37500006519258
 20
2.381944479938182
 10
4.368055620644655
 20
2.375000035390257
 10
4.359722287187145
 20
2.375000035390257
 10
4.352777842639221
 20
2.375000035390257
 10
4.350000064820051
 20
2.381944479938182
 10
4.354166731548805
 20
2.388888924486107
 10
4.35833339827756
 20
2.397222257943616
 10
4.365277842825485
 20
2.402777813581956
 10
4.36944450955424
 20
2.402777813581956
 10
4.37222228737341
 20
2.402777813581956
 10
4.37500006519258
 20
2.397222257943616
 10
4.37500006519258
 20
2.388888924486107
 97
        0
 97
        1
330
F7
 92
        1
 93
        1
 72
     4
 94
        3
 73
     0
 74
     0
 95
       14
 96
       10
 40
0.0
 40
0.0
 40
0.0
 40
0.0
 40
1.0
 40
1.0
 40
1.0
 40
2.0
 40
2.0
 40
2.0
 40
3.0
 40
3.0
 40
3.0
 40
3.0
 10
4.370833398463824
 20
2.43750003632158
 10
4.350000064820051
 20
2.41527781376822
 10
4.344444509181711
 20
2.419444480496975
 10
4.355555620458391
 20
2.450000036507844
 10
4.359722287187145
 20
2.462500036694109
 10
4.36944450955424
 20
2.468055592332448
 10
4.376388954102164
 20
2.463888925603694
 10
4.383333398650089
 20
2.459722258874939
 10
4.38055562083092
 20
2.448611147598259
 10
4.370833398463824
 20
2.43750003632158
 97
        0
 97
        1
330
F8
 92
        1
 93
        1
 72
     4
 94
        3
 73
     0
 74
     0
 95
       17
 96
       13
 40
0.0
 40
0.0
 40
0.0
 40
0.0
 40
1.0
 40
1.0
 40
1.0
 40
2.0
 40
2.0
 40
2.0
 40
3.0
 40
3.0
 40
3.0
 40
4.0
 40
4.0
 40
4.0
 40
4.0
 10
4.394444509926769
 20
2.502777815072072
 10
4.398611176655523
 20
2.495833370524147
 10
4.393055621017184
 20
2.490277814885808
 10
4.381944509740504
 20
2.490277814885808
 10
4.370833398463824
 20
2.490277814885808
 10
4.365277842825485
 20
2.495833370524147
 10
4.36944450955424
 20
2.502777815072072
 10
4.373611176282994
 20
2.508333370710412
 10
4.379166731921334
 20
2.513888926348752
 10
4.381944509740504
 20
2.513888926348752
 10
4.384722287559674
 20
2.513888926348752
 10
4.390277843198014
 20
2.508333370710412
 10
4.394444509926769
 20
2.502777815072072
 97
        0
 97
        1
330
F9
 92
        1
 93
        1
 72
     4
 94
        3
 73
     0
 74
     0
 95
       17
 96
       13
 40
0.0
 40
0.0
 40
0.0
 40
0.0
 40
1.0
 40
1.0
 40
1.0
 40
2.0
 40
2.0
 40
2.0
 40
3.0
 40
3.0
 40
3.0
 40
4.0
 40
4.0
 40
4.0
 40
4.0
 10
4.402777843384279
 20
2.56388892709381
 10
4.402777843384279
 20
2.559722260365055
 10
4.397222287745939
 20
2.55277781581713
 10
4.388888954288429
 20
2.548611149088376
 10
4.381944509740504
 20
2.544444482359621
 10
4.37500006519258
 20
2.547222260178791
 10
4.37500006519258
 20
2.554166704726715
 10
4.37500006519258
 20
2.562500038184225
 10
4.381944509740504
 20
2.56944448273215
 10
4.388888954288429
 20
2.56944448273215
 10
4.397222287745939
 20
2.56944448273215
 10
4.402777843384279
 20
2.56666670491298
 10
4.402777843384279
 20
2.56388892709381
 97
        0
 97
        1
330
FA
 92
        1
 93
        1
 72
     4
 94
        3
 73
     0
 74
     0
 95
       14
 96
       10
 40
0.0
 40
0.0
 40
0.0
 40
0.0
 40
1.0
 40
1.0
 40
1.0
 40
2.0
 40
2.0
 40
2.0
 40
3.0
 40
3.0
 40
3.0
 40
3.0
 10
4.412500065751373
 20
2.619444483477208
 10
4.402777843384279
 20
2.600000038743019
 10
4.394444509926769
 20
2.587500038556754
 10
4.391666732107599
 20
2.590277816375924
 10
4.381944509740504
 20
2.598611149833434
 10
4.404166732293863
 20
2.652777817307246
 10
4.416666732480128
 20
2.652777817307246
 10
4.422222288118468
 20
2.652777817307246
 10
4.420833399208882
 20
2.637500039301812
 10
4.412500065751373
 20
2.619444483477208
 97
        0
 97
        1
330
FB
 92
        1
 93
        1
 72
     4
 94
        3
 73
     0
 74
     0
 95
       17
 96
       13
 40
0.0
 40
0.0
 40
0.0
 40
0.0
 40
1.0
 40
1.0
 40
1.0
 40
2.0
 40
2.0
 40
2.0
 40
3.0
 40
3.0
 40
3.0
 40
4.0
 40
4.0
 40
4.0
 40
4.0
 10
4.422222288118468
 20
2.68750004004687
 10
4.426388954847222
 20
2.676388928770191
 10
4.423611177028052
 20
2.666666706403096
 10
4.416666732480128
 20
2.666666706403096
 10
4.408333399022618
 20
2.666666706403096
 10
4.402777843384279
 20
2.676388928770191
 10
4.402777843384279
 20
2.68750004004687
 10
4.402777843384279
 20
2.69861115132355
 10
4.405555621203449
 20
2.708333373690644
 10
4.408333399022618
 20
2.708333373690644
 10
4.411111176841788
 20
2.708333373690644
 10
4.416666732480128
 20
2.69861115132355
 10
4.422222288118468
 20
2.68750004004687
 97
        0
 97
        1
330
FC
 92
        1
 93
        1
 72
     4
 94
        3
 73
     0
 74
     0
 95
       17
 96
       13
 40
0.0
 40
0.0
 40
0.0
 40
0.0
 40
1.0
 40
1.0
 40
1.0
 40
2.0
 40
2.0
 40
2.0
 40
3.0
 40
3.0
 40
3.0
 40
4.0
 40
4.0
 40
4.0
 40
4.0
 10
4.451388955219751
 20
2.736111151882343
 10
4.455555621948506
 20
2.729166707334418
 10
4.452777844129337
 20
2.722222262786494
 10
4.445833399581411
 20
2.722222262786494
 10
4.437500066123902
 20
2.722222262786494
 10
4.430555621575978
 20
2.729166707334418
 10
4.430555621575978
 20
2.736111151882343
 10
4.430555621575978
 20
2.744444485339853
 10
4.433333399395147
 20
2.750000040978193
 10
4.436111177214317
 20
2.750000040978193
 10
4.440277843943072
 20
2.750000040978193
 10
4.447222288490997
 20
2.744444485339853
 10
4.451388955219751
 20
2.736111151882343
 97
        0
 97
        1
330
FD
 92
        1
 93
        1
 72
     4
 94
        3
 73
     0
 74
     0
 95
       17
 96
       13
 40
0.0
 40
0.0
 40
0.0
 40
0.0
 40
1.0
 40
1.0
 40
1.0
 40
2.0
 40
2.0
 40
2.0
 40
3.0
 40
3.0
 40
3.0
 40
4.0
 40
4.0
 40
4.0
 40
4.0
 10
4.456944510858091
 20
2.8138889308191
 10
4.444444510671827
 20
2.80277781954242
 10
4.443055621762242
 20
2.804166708452005
 10
4.450000066310167
 20
2.823611153186195
 10
4.454166733038921
 20
2.837500042282044
 10
4.459722288677261
 20
2.862500042654573
 10
4.459722288677261
 20
2.879166709569592
 10
4.462500066496431
 20
2.901388932122952
 10
4.463888955406016
 20
2.898611154303782
 10
4.46805562213477
 20
2.869444487202498
 10
4.472222288863526
 20
2.847222264649139
 10
4.466666733225186
 20
2.82222226427661
 10
4.456944510858091
 20
2.8138889308191
 97
        0
 97
        1
330
FE
 92
        1
 93
        1
 72
     4
 94
        3
 73
     0
 74
     0
 95
       26
 96
       22
 40
0.0
 40
0.0
 40
0.0
 40
0.0
 40
1.0
 40
1.0
 40
1.0
 40
2.0
 40
2.0
 40
2.0
 40
3.0
 40
3.0
 40
3.0
 40
4.0
 40
4.0
 40
4.0
 40
5.0
 40
5.0
 40
5.0
 40
6.0
 40
6.0
 40
6.0
 40
7.0
 40
7.0
 40
7.0
 40
7.0
 10
4.500000067055225
 20
3.022222267256842
 10
4.493055622507299
 20
3.004166711432238
 10
4.491666733597715
 20
2.986111155607634
 10
4.495833400326469
 20
2.981944488878879
 10
4.498611178145639
 20
2.977777822150124
 10
4.498611178145639
 20
2.961111155235105
 10
4.493055622507299
 20
2.94583337722967
 10
4.483333400140205
 20
2.912500043399631
 10
4.458333399767676
 20
2.919444487947556
 10
4.458333399767676
 20
2.955555599596765
 10
4.458333399767676
 20
2.976388933240539
 10
4.461111177586846
 20
2.976388933240539
 10
4.47361117777311
 20
2.958333377415934
 10
4.48472228904979
 20
2.941666710500915
 10
4.48750006686896
 20
2.941666710500915
 10
4.48472228904979
 20
2.965277821963859
 10
4.480555622321035
 20
3.020833378347257
 10
4.486111177959375
 20
3.055555601086881
 10
4.500000067055225
 20
3.055555601086881
 10
4.508333400512734
 20
3.055555601086881
 10
4.508333400512734
 20
3.043055600900616
 10
4.500000067055225
 20
3.022222267256842
 97
        0
 97
        1
330
FF
 92
        1
 93
        1
 72
     4
 94
        3
 73
     0
 74
     0
 95
       17
 96
       13
 40
0.0
 40
0.0
 40
0.0
 40
0.0
 40
1.0
 40
1.0
 40
1.0
 40
2.0
 40
2.0
 40
2.0
 40
3.0
 40
3.0
 40
3.0
 40
4.0
 40
4.0
 40
4.0
 40
4.0
 10
4.518055622879828
 20
3.100000046193599
 10
4.513888956151074
 20
3.08333337927858
 10
4.504166733783979
 20
3.06944449018273
 10
4.497222289236055
 20
3.06944449018273
 10
4.49027784468813
 20
3.06944449018273
 10
4.48750006686896
 20
3.073611156911485
 10
4.49027784468813
 20
3.08055560145941
 10
4.493055622507299
 20
3.08611115709775
 10
4.500000067055225
 20
3.102777824012769
 10
4.505555622693564
 20
3.116666713108618
 10
4.518055622879828
 20
3.151388935848242
 10
4.529166734156508
 20
3.138888935661977
 10
4.518055622879828
 20
3.100000046193599
 97
        0
 97
        1
330
100
 92
        1
 93
        1
 72
     4
 94
        3
 73
     0
 74
     0
 95
       23
 96
       19
 40
0.0
 40
0.0
 40
0.0
 40
0.0
 40
1.0
 40
1.0
 40
1.0
 40
2.0
 40
2.0
 40
2.0
 40
3.0
 40
3.0
 40
3.0
 40
4.0
 40
4.0
 40
4.0
 40
5.0
 40
5.0
 40
5.0
 40
6.0
 40
6.0
 40
6.0
 40
6.0
 10
4.540277845433188
 20
3.194444492045375
 10
4.541666734342773
 20
3.169444491672846
 10
4.537500067614018
 20
3.165277824944091
 10
4.529166734156508
 20
3.179166714039941
 10
4.518055622879828
 20
3.19583338095496
 10
4.515277845060659
 20
3.19583338095496
 10
4.509722289422319
 20
3.179166714039941
 10
4.506944511603149
 20
3.168055602763261
 10
4.506944511603149
 20
3.172222269492016
 10
4.509722289422319
 20
3.187500047497451
 10
4.513888956151074
 20
3.202777825502885
 10
4.516666733970244
 20
3.230555603694584
 10
4.516666733970244
 20
3.250000048428773
 10
4.515277845060659
 20
3.281944493349227
 10
4.516666733970244
 20
3.281944493349227
 10
4.527777845246924
 20
3.256944492976698
 10
4.534722289794848
 20
3.241666714971263
 10
4.540277845433188
 20
3.213888936779564
 10
4.540277845433188
 20
3.194444492045375
 97
        0
 97
        1
330
101
 92
        1
 93
        1
 72
     4
 94
        3
 73
     0
 74
     0
 95
       20
 96
       16
 40
0.0
 40
0.0
 40
0.0
 40
0.0
 40
1.0
 40
1.0
 40
1.0
 40
2.0
 40
2.0
 40
2.0
 40
3.0
 40
3.0
 40
3.0
 40
4.0
 40
4.0
 40
4.0
 40
5.0
 40
5.0
 40
5.0
 40
5.0
 10
4.566666734715302
 20
3.418055606488552
 10
4.556944512348207
 20
3.348611161009305
 10
4.544444512161943
 20
3.291666715716321
 10
4.538888956523603
 20
3.291666715716321
 10
4.525000067427754
 20
3.291666715716321
 10
4.525000067427754
 20
3.293055604625906
 10
4.548611178890697
 20
3.430555606674816
 10
4.559722290167377
 20
3.495833385425309
 10
4.569444512534472
 20
3.551388941808706
 10
4.569444512534472
 20
3.554166719627876
 10
4.569444512534472
 20
3.556944497447046
 10
4.572222290353642
 20
3.556944497447046
 10
4.576388957082397
 20
3.552777830718291
 10
4.580555623811151
 20
3.548611163989537
 10
4.576388957082397
 20
3.488888940877384
 10
4.566666734715302
 20
3.418055606488552
 97
        0
 97
        1
330
102
 92
        1
 93
        1
 72
     4
 94
        3
 73
     0
 74
     0
 95
       14
 96
       10
 40
0.0
 40
0.0
 40
0.0
 40
0.0
 40
1.0
 40
1.0
 40
1.0
 40
2.0
 40
2.0
 40
2.0
 40
3.0
 40
3.0
 40
3.0
 40
3.0
 10
4.60833340200285
 20
3.643055609841313
 10
4.583333401630321
 20
3.584722275638745
 10
4.570833401444057
 20
3.575000053271651
 10
4.575000068172812
 20
3.618055609468784
 10
4.577777845991982
 20
3.638888943112558
 10
4.588888957268661
 20
3.661111165665917
 10
4.598611179635756
 20
3.668055610213842
 10
4.626388957827455
 20
3.684722277128861
 10
4.626388957827455
 20
3.684722277128861
 10
4.60833340200285
 20
3.643055609841313
 97
        0
 97
        1
330
103
 92
        1
 93
        1
 72
     4
 94
        3
 73
     0
 74
     0
 95
       20
 96
       16
 40
0.0
 40
0.0
 40
0.0
 40
0.0
 40
1.0
 40
1.0
 40
1.0
 40
2.0
 40
2.0
 40
2.0
 40
3.0
 40
3.0
 40
3.0
 40
4.0
 40
4.0
 40
4.0
 40
5.0
 40
5.0
 40
5.0
 40
5.0
 10
4.630555624556209
 20
3.781944500799808
 10
4.620833402189115
 20
3.779166722980638
 10
4.61666673546036
 20
3.765277833884788
 10
4.620833402189115
 20
3.752777833698524
 10
4.623611180008285
 20
3.740277833512259
 10
4.618055624369945
 20
3.716666722049315
 10
4.606944513093266
 20
3.702777832953465
 10
4.588888957268661
 20
3.679166721490521
 10
4.587500068359076
 20
3.680555610400106
 10
4.594444512907001
 20
3.72361116659724
 10
4.601388957454926
 20
3.773611167342298
 10
4.623611180008285
 20
3.812500056810677
 10
4.637500069104135
 20
3.797222278805242
 10
4.641666735832889
 20
3.791666723166902
 10
4.638888958013719
 20
3.784722278618978
 10
4.630555624556209
 20
3.781944500799808
 97
        0
 97
        1
330
104
 92
        1
 93
        1
 72
     4
 94
        3
 73
     0
 74
     0
 95
       20
 96
       16
 40
0.0
 40
0.0
 40
0.0
 40
0.0
 40
1.0
 40
1.0
 40
1.0
 40
2.0
 40
2.0
 40
2.0
 40
3.0
 40
3.0
 40
3.0
 40
4.0
 40
4.0
 40
4.0
 40
5.0
 40
5.0
 40
5.0
 40
5.0
 10
4.648611180380814
 20
3.916666725029547
 10
4.645833402561644
 20
3.870833391013244
 10
4.638888958013719
 20
3.829166723725696
 10
4.631944513465795
 20
3.823611168087356
 10
4.626388957827455
 20
3.816666723539431
 10
4.62500006891787
 20
3.837500057183206
 10
4.629166735646625
 20
3.868055613194074
 10
4.634722291284965
 20
3.898611169204943
 10
4.638888958013719
 20
3.940277836492491
 10
4.638888958013719
 20
3.962500059045851
 10
4.638888958013719
 20
3.983333392689625
 10
4.643055624742474
 20
4.000000059604644
 10
4.647222291471229
 20
4.000000059604644
 10
4.651388958199984
 20
4.000000059604644
 10
4.652777847109569
 20
3.962500059045851
 10
4.648611180380814
 20
3.916666725029547
 97
        0
 97
        1
330
105
 92
        1
 93
        1
 72
     4
 94
        3
 73
     0
 74
     0
 95
       14
 96
       10
 40
0.0
 40
0.0
 40
0.0
 40
0.0
 40
1.0
 40
1.0
 40
1.0
 40
2.0
 40
2.0
 40
2.0
 40
3.0
 40
3.0
 40
3.0
 40
3.0
 10
4.676388958572513
 20
4.038888949073022
 10
4.672222291843758
 20
4.027777837796343
 10
4.668055625115003
 20
4.031944504525098
 10
4.668055625115003
 20
4.047222282530532
 10
4.666666736205418
 20
4.062500060535967
 10
4.670833402934173
 20
4.070833393993476
 10
4.675000069662928
 20
4.065277838355137
 10
4.679166736391683
 20
4.061111171626381
 10
4.680555625301267
 20
4.048611171440117
 10
4.676388958572513
 20
4.038888949073022
 97
        0
 97
        1
330
106
 92
        1
 93
        1
 72
     4
 94
        3
 73
     0
 74
     0
 95
       17
 96
       13
 40
0.0
 40
0.0
 40
0.0
 40
0.0
 40
1.0
 40
1.0
 40
1.0
 40
2.0
 40
2.0
 40
2.0
 40
3.0
 40
3.0
 40
3.0
 40
4.0
 40
4.0
 40
4.0
 40
4.0
 10
4.695833403306702
 20
4.123611172557704
 10
4.695833403306702
 20
4.123611172557704
 10
4.683333403120437
 20
4.076388949631816
 10
4.683333403120437
 20
4.076388949631816
 10
4.683333403120437
 20
4.076388949631816
 10
4.681944514210853
 20
4.119444505828949
 10
4.681944514210853
 20
4.119444505828949
 10
4.680555625301267
 20
4.143055617291894
 10
4.684722292030023
 20
4.166666728754838
 10
4.690277847668363
 20
4.170833395483592
 10
4.706944514583382
 20
4.188888951308197
 10
4.709722292402552
 20
4.169444506574008
 10
4.695833403306702
 20
4.123611172557704
 97
        0
 97
        1
330
107
 92
        1
 93
        1
 72
     4
 94
        3
 73
     0
 74
     0
 95
       17
 96
       13
 40
0.0
 40
0.0
 40
0.0
 40
0.0
 40
1.0
 40
1.0
 40
1.0
 40
2.0
 40
2.0
 40
2.0
 40
3.0
 40
3.0
 40
3.0
 40
4.0
 40
4.0
 40
4.0
 40
4.0
 10
4.715277848040892
 20
4.222222285138236
 10
4.709722292402552
 20
4.205555618223216
 10
4.702777847854627
 20
4.195833395856121
 10
4.698611181125872
 20
4.198611173675291
 10
4.694444514397117
 20
4.202777840404047
 10
4.695833403306702
 20
4.219444507319066
 10
4.701388958945042
 20
4.236111174234085
 10
4.706944514583382
 20
4.252777841149105
 10
4.713888959131306
 20
4.262500063516199
 10
4.718055625860061
 20
4.259722285697029
 10
4.722222292588816
 20
4.255555618968275
 10
4.720833403679231
 20
4.238888952053255
 10
4.715277848040892
 20
4.222222285138236
 97
        0
 97
        1
330
108
 92
        1
 93
        1
 72
     4
 94
        3
 73
     0
 74
     0
 95
       14
 96
       10
 40
0.0
 40
0.0
 40
0.0
 40
0.0
 40
1.0
 40
1.0
 40
1.0
 40
2.0
 40
2.0
 40
2.0
 40
3.0
 40
3.0
 40
3.0
 40
3.0
 10
4.731944514955911
 20
4.302777841894163
 10
4.727777848227156
 20
4.291666730617483
 10
4.723611181498401
 20
4.295833397346237
 10
4.723611181498401
 20
4.311111175351672
 10
4.722222292588816
 20
4.326388953357106
 10
4.726388959317571
 20
4.334722286814616
 10
4.730555626046325
 20
4.329166731176276
 10
4.734722292775081
 20
4.325000064447522
 10
4.736111181684665
 20
4.312500064261257
 10
4.731944514955911
 20
4.302777841894163
 97
        0
 97
        1
330
109
 92
        1
 93
        1
 72
     4
 94
        3
 73
     0
 74
     0
 95
       14
 96
       10
 40
0.0
 40
0.0
 40
0.0
 40
0.0
 40
1.0
 40
1.0
 40
1.0
 40
2.0
 40
2.0
 40
2.0
 40
3.0
 40
3.0
 40
3.0
 40
3.0
 10
4.755555626418854
 20
4.425000065937638
 10
4.74583340405176
 20
4.384722287559674
 10
4.726388959317571
 20
4.376388954102164
 10
4.729166737136741
 20
4.413888954660958
 10
4.730555626046325
 20
4.441666732852657
 10
4.750000070780515
 20
4.47638895559228
 10
4.758333404238024
 20
4.46805562213477
 10
4.76250007096678
 20
4.463888955406016
 10
4.761111182057194
 20
4.445833399581411
 10
4.755555626418854
 20
4.425000065937638
 97
        0
 97
        1
330
10A
 92
        1
 93
        1
 72
     4
 94
        3
 73
     0
 74
     0
 95
       14
 96
       10
 40
0.0
 40
0.0
 40
0.0
 40
0.0
 40
1.0
 40
1.0
 40
1.0
 40
2.0
 40
2.0
 40
2.0
 40
3.0
 40
3.0
 40
3.0
 40
3.0
 10
4.75972229314761
 20
4.497222289236055
 10
4.755555626418854
 20
4.486111177959375
 10
4.7513889596901
 20
4.49027784468813
 10
4.7513889596901
 20
4.505555622693564
 10
4.750000070780515
 20
4.520833400698998
 10
4.75416673750927
 20
4.529166734156508
 10
4.758333404238024
 20
4.523611178518168
 10
4.76250007096678
 20
4.519444511789414
 10
4.763888959876364
 20
4.506944511603149
 10
4.75972229314761
 20
4.497222289236055
 97
        0
 97
        1
330
10B
 92
        1
 93
        1
 72
     4
 94
        3
 73
     0
 74
     0
 95
       32
 96
       28
 40
0.0
 40
0.0
 40
0.0
 40
0.0
 40
1.0
 40
1.0
 40
1.0
 40
2.0
 40
2.0
 40
2.0
 40
3.0
 40
3.0
 40
3.0
 40
4.0
 40
4.0
 40
4.0
 40
5.0
 40
5.0
 40
5.0
 40
6.0
 40
6.0
 40
6.0
 40
7.0
 40
7.0
 40
7.0
 40
8.0
 40
8.0
 40
8.0
 40
9.0
 40
9.0
 40
9.0
 40
9.0
 10
4.825000071898102
 20
4.701388958945042
 10
4.819444516259762
 20
4.690277847668363
 10
4.811111182802252
 20
4.680555625301267
 10
4.804166738254328
 20
4.680555625301267
 10
4.797222293706403
 20
4.680555625301267
 10
4.791666738068063
 20
4.673611180753343
 10
4.791666738068063
 20
4.665277847295834
 10
4.791666738068063
 20
4.658333402747908
 10
4.797222293706403
 20
4.654166736019154
 10
4.805555627163912
 20
4.659722291657494
 10
4.812500071711838
 20
4.663888958386248
 10
4.812500071711838
 20
4.650000069290399
 10
4.804166738254328
 20
4.62500006891787
 10
4.790277849158479
 20
4.587500068359076
 10
4.763888959876364
 20
4.579166734901567
 10
4.763888959876364
 20
4.612500068731606
 10
4.763888959876364
 20
4.620833402189115
 10
4.770833404424289
 20
4.6222222910987
 10
4.779166737881799
 20
4.61666673546036
 10
4.790277849158479
 20
4.609722290912436
 10
4.793055626977648
 20
4.618055624369945
 10
4.786111182429723
 20
4.643055624742474
 10
4.780555626791383
 20
4.666666736205418
 10
4.784722293520139
 20
4.686111180939607
 10
4.800000071525573
 20
4.700000070035457
 10
4.826388960807687
 20
4.727777848227156
 10
4.834722294265197
 20
4.727777848227156
 10
4.825000071898102
 20
4.701388958945042
 97
        0
 97
        1
330
10C
 92
        1
 93
        1
 72
     4
 94
        3
 73
     0
 74
     0
 95
       14
 96
       10
 40
0.0
 40
0.0
 40
0.0
 40
0.0
 40
1.0
 40
1.0
 40
1.0
 40
2.0
 40
2.0
 40
2.0
 40
3.0
 40
3.0
 40
3.0
 40
3.0
 10
4.830555627536441
 20
4.763888959876364
 10
4.820833405169347
 20
4.750000070780515
 10
4.811111182802252
 20
4.740277848413421
 10
4.806944516073498
 20
4.74305562623259
 10
4.801388960435158
 20
4.74861118187093
 10
4.831944516446027
 20
4.791666738068063
 10
4.841666738813121
 20
4.791666738068063
 10
4.844444516632291
 20
4.791666738068063
 10
4.840277849903537
 20
4.779166737881799
 10
4.830555627536441
 20
4.763888959876364
 97
        0
 97
        1
330
10D
 92
        1
 93
        1
 72
     4
 94
        3
 73
     0
 74
     0
 95
       14
 96
       10
 40
0.0
 40
0.0
 40
0.0
 40
0.0
 40
1.0
 40
1.0
 40
1.0
 40
2.0
 40
2.0
 40
2.0
 40
3.0
 40
3.0
 40
3.0
 40
3.0
 10
4.862500072456896
 20
4.873611183733575
 10
4.85555562790897
 20
4.837500072084367
 10
4.850000072270631
 20
4.826388960807687
 10
4.848611183361046
 20
4.847222294451461
 10
4.847222294451461
 20
4.884722295010255
 10
4.86111118354731
 20
4.948611184851162
 10
4.86944451700482
 20
4.940277851393653
 10
4.87222229482399
 20
4.937500073574483
 10
4.86944451700482
 20
4.908333406473198
 10
4.862500072456896
 20
4.873611183733575
 97
        0
 97
        1
330
10E
 92
        1
 93
        1
 72
     4
 94
        3
 73
     0
 74
     0
 95
       14
 96
       10
 40
0.0
 40
0.0
 40
0.0
 40
0.0
 40
1.0
 40
1.0
 40
1.0
 40
2.0
 40
2.0
 40
2.0
 40
3.0
 40
3.0
 40
3.0
 40
3.0
 10
4.890277850648595
 20
4.976388963042861
 10
4.873611183733575
 20
4.948611184851162
 10
4.870833405914405
 20
4.956944518308672
 10
4.883333406100669
 20
4.99305562995788
 10
4.888888961739009
 20
5.005555630144145
 10
4.895833406286934
 20
5.01250007469207
 10
4.898611184106104
 20
5.008333407963315
 10
4.902777850834859
 20
5.005555630144145
 10
4.898611184106104
 20
4.990277852138711
 10
4.890277850648595
 20
4.976388963042861
 97
        0
 97
        1
330
10F
 92
        1
 93
        1
 72
     4
 94
        3
 73
     0
 74
     0
 95
       17
 96
       13
 40
0.0
 40
0.0
 40
0.0
 40
0.0
 40
1.0
 40
1.0
 40
1.0
 40
2.0
 40
2.0
 40
2.0
 40
3.0
 40
3.0
 40
3.0
 40
4.0
 40
4.0
 40
4.0
 40
4.0
 10
4.916666739930708
 20
5.051388964160448
 10
4.916666739930708
 20
5.040277852883769
 10
4.908333406473198
 20
5.031944519426259
 10
4.897222295196519
 20
5.031944519426259
 10
4.886111183919839
 20
5.031944519426259
 10
4.880555628281499
 20
5.040277852883769
 10
4.884722295010255
 20
5.051388964160448
 10
4.888888961739009
 20
5.061111186527543
 10
4.897222295196519
 20
5.069444519985053
 10
4.904166739744444
 20
5.069444519985053
 10
4.911111184292368
 20
5.069444519985053
 10
4.916666739930708
 20
5.061111186527543
 10
4.916666739930708
 20
5.051388964160448
 97
        0
 97
        1
330
110
 92
        1
 93
        1
 72
     4
 94
        3
 73
     0
 74
     0
 95
      131
 96
      127
 40
0.0
 40
0.0
 40
0.0
 40
0.0
 40
1.0
 40
1.0
 40
1.0
 40
2.0
 40
2.0
 40
2.0
 40
3.0
 40
3.0
 40
3.0
 40
4.0
 40
4.0
 40
4.0
 40
5.0
 40
5.0
 40
5.0
 40
6.0
 40
6.0
 40
6.0
 40
7.0
 40
7.0
 40
7.0
 40
8.0
 40
8.0
 40
8.0
 40
9.0
 40
9.0
 40
9.0
 40
10.0
 40
10.0
 40
10.0
 40
11.0
 40
11.0
 40
11.0
 40
12.0
 40
12.0
 40
12.0
 40
13.0
 40
13.0
 40
13.0
 40
14.0
 40
14.0
 40
14.0
 40
15.0
 40
15.0
 40
15.0
 40
16.0
 40
16.0
 40
16.0
 40
17.0
 40
17.0
 40
17.0
 40
18.0
 40
18.0
 40
18.0
 40
19.0
 40
19.0
 40
19.0
 40
20.0
 40
20.0
 40
20.0
 40
21.0
 40
21.0
 40
21.0
 40
22.0
 40
22.0
 40
22.0
 40
23.0
 40
23.0
 40
23.0
 40
24.0
 40
24.0
 40
24.0
 40
25.0
 40
25.0
 40
25.0
 40
26.0
 40
26.0
 40
26.0
 40
27.0
 40
27.0
 40
27.0
 40
28.0
 40
28.0
 40
28.0
 40
29.0
 40
29.0
 40
29.0
 40
30.0
 40
30.0
 40
30.0
 40
31.0
 40
31.0
 40
31.0
 40
32.0
 40
32.0
 40
32.0
 40
33.0
 40
33.0
 40
33.0
 40
34.0
 40
34.0
 40
34.0
 40
35.0
 40
35.0
 40
35.0
 40
36.0
 40
36.0
 40
36.0
 40
37.0
 40
37.0
 40
37.0
 40
38.0
 40
38.0
 40
38.0
 40
39.0
 40
39.0
 40
39.0
 40
40.0
 40
40.0
 40
40.0
 40
41.0
 40
41.0
 40
41.0
 40
42.0
 40
42.0
 40
42.0
 40
42.0
 10
4.784722293520139
 20
5.375000080093741
 10
4.780555626791383
 20
5.368055635545815
 10
4.781944515700969
 20
5.361111190997891
 10
4.788888960248893
 20
5.361111190997891
 10
4.816666738440592
 20
5.361111190997891
 10
4.798611182615988
 20
5.320833412619927
 10
4.76527784878595
 20
5.312500079162418
 10
4.74583340405176
 20
5.306944523524078
 10
4.722222292588816
 20
5.291666745518644
 10
4.711111181312136
 20
5.276388967513209
 10
4.701388958945042
 20
5.26250007841736
 10
4.684722292030023
 20
5.250000078231096
 10
4.676388958572513
 20
5.250000078231096
 10
4.654166736019154
 20
5.24861118932151
 10
4.594444512907001
 20
5.15277785456015
 10
4.591666735087831
 20
5.115277854001356
 10
4.590277846178246
 20
5.086111186900072
 10
4.580555623811151
 20
5.077777853442563
 10
4.554166734529037
 20
5.080555631261732
 10
4.541666734342773
 20
5.083333409080902
 10
4.555555623438622
 20
5.025000074878334
 10
4.573611179263227
 20
5.00416674123456
 10
4.580555623811151
 20
4.994444518867465
 10
4.581944512720736
 20
4.986111185409956
 10
4.575000068172812
 20
4.986111185409956
 10
4.569444512534472
 20
4.986111185409956
 10
4.576388957082397
 20
4.976388963042861
 10
4.591666735087831
 20
4.963888962856596
 10
4.612500068731606
 20
4.945833407031992
 10
4.61388895764119
 20
4.943055629212822
 10
4.594444512907001
 20
4.950000073760747
 10
4.579166734901567
 20
4.954166740489502
 10
4.573611179263227
 20
4.951388962670332
 10
4.577777845991982
 20
4.938888962484067
 10
4.586111179449491
 20
4.915277851021124
 10
4.515277845060659
 20
4.788888960248893
 10
4.498611178145639
 20
4.800000071525573
 10
4.491666733597715
 20
4.804166738254328
 10
4.486111177959375
 20
4.802777849344743
 10
4.48750006686896
 20
4.795833404796818
 10
4.494444511416885
 20
4.75694451532844
 10
4.48472228904979
 20
4.733333403865495
 10
4.463888955406016
 20
4.741666737323005
 10
4.452777844129337
 20
4.74583340405176
 10
4.447222288490997
 20
4.744444515142175
 10
4.451388955219751
 20
4.736111181684665
 10
4.455555621948506
 20
4.727777848227156
 10
4.437500066123902
 20
4.694444514397117
 10
4.409722287932203
 20
4.659722291657494
 10
4.3638889539159
 20
4.604166735274096
 10
4.355555620458391
 20
4.600000068545341
 10
4.323611175537936
 20
4.612500068731606
 10
4.304166730803747
 20
4.61944451327953
 10
4.284722286069558
 20
4.623611180008285
 10
4.281944508250388
 20
4.61944451327953
 10
4.270833396973708
 20
4.60833340200285
 10
4.222222285138236
 20
4.658333402747908
 10
4.222222285138236
 20
4.680555625301267
 10
4.222222285138236
 20
4.698611181125872
 10
4.22083339622865
 20
4.698611181125872
 10
4.208333396042386
 20
4.680555625301267
 10
4.195833395856121
 20
4.662500069476664
 10
4.194444506946537
 20
4.662500069476664
 10
4.194444506946537
 20
4.681944514210853
 10
4.194444506946537
 20
4.693055625487532
 10
4.202777840404047
 20
4.711111181312136
 10
4.212500062771141
 20
4.720833403679231
 10
4.22638895186699
 20
4.736111181684665
 10
4.22361117404782
 20
4.737500070594251
 10
4.200000062584877
 20
4.725000070407986
 10
4.175000062212347
 20
4.712500070221722
 10
4.172222284393177
 20
4.713888959131306
 10
4.173611173302762
 20
4.738888959503835
 10
4.175000062212347
 20
4.755555626418854
 10
4.190277840217782
 20
4.779166737881799
 10
4.208333396042386
 20
4.794444515887233
 10
4.225000062957406
 20
4.808333404983082
 10
4.236111174234085
 20
4.823611182988517
 10
4.23194450750533
 20
4.827777849717272
 10
4.22083339622865
 20
4.838888960993951
 10
4.297222286255823
 20
4.913888962111538
 10
4.311111175351672
 20
4.905555628654028
 10
4.318055619899597
 20
4.901388961925274
 10
4.319444508809182
 20
4.905555628654028
 10
4.315277842080427
 20
4.912500073201954
 10
4.302777841894163
 20
4.931944517936143
 10
4.36666673173507
 20
5.00416674123456
 10
4.398611176655523
 20
5.008333407963315
 10
4.411111176841788
 20
5.011111185782485
 10
4.436111177214317
 20
5.029166741607089
 10
4.451388955219751
 20
5.051388964160448
 10
4.466666733225186
 20
5.072222297804223
 10
4.488888955778545
 20
5.100000075995922
 10
4.500000067055225
 20
5.111111187272601
 10
4.511111178331904
 20
5.123611187458865
 10
4.530555623066093
 20
5.151388965650564
 10
4.541666734342773
 20
5.173611188203923
 10
4.570833401444057
 20
5.233333411316076
 10
4.629166735646625
 20
5.293055634428228
 10
4.640277846923305
 20
5.276388967513209
 10
4.645833402561644
 20
5.266666745146115
 10
4.652777847109569
 20
5.270833411874869
 10
4.656944513838324
 20
5.284722300970719
 10
4.663888958386248
 20
5.298611190066568
 10
4.661111180567078
 20
5.304166745704908
 10
4.651388958199984
 20
5.297222301156984
 10
4.641666735832889
 20
5.291666745518644
 10
4.637500069104135
 20
5.294444523337814
 10
4.640277846923305
 20
5.304166745704908
 10
4.644444513652059
 20
5.313888968072003
 10
4.651388958199984
 20
5.320833412619927
 10
4.658333402747908
 20
5.319444523710343
 10
4.665277847295834
 20
5.318055634800757
 10
4.675000069662928
 20
5.325000079348683
 10
4.680555625301267
 20
5.334722301715777
 10
4.686111180939607
 20
5.343055635173286
 10
4.709722292402552
 20
5.351388968630796
 10
4.733333403865495
 20
5.352777857540382
 10
4.75694451532844
 20
5.352777857540382
 10
4.775000071153044
 20
5.356944524269136
 10
4.775000071153044
 20
5.361111190997891
 10
4.773611182243459
 20
5.377777857912911
 10
4.777777848972214
 20
5.38888896918959
 10
4.786111182429723
 20
5.38888896918959
 10
4.790277849158479
 20
5.38888896918959
 10
4.788888960248893
 20
5.38333341355125
 10
4.784722293520139
 20
5.375000080093741
 97
        0
 97
        1
330
111
 92
        1
 93
        1
 72
     4
 94
        3
 73
     0
 74
     0
 95
      575
 96
      571
 40
0.0
 40
0.0
 40
0.0
 40
0.0
 40
1.0
 40
1.0
 40
1.0
 40
2.0
 40
2.0
 40
2.0
 40
3.0
 40
3.0
 40
3.0
 40
4.0
 40
4.0
 40
4.0
 40
5.0
 40
5.0
 40
5.0
 40
6.0
 40
6.0
 40
6.0
 40
7.0
 40
7.0
 40
7.0
 40
8.0
 40
8.0
 40
8.0
 40
9.0
 40
9.0
 40
9.0
 40
10.0
 40
10.0
 40
10.0
 40
11.0
 40
11.0
 40
11.0
 40
12.0
 40
12.0
 40
12.0
 40
13.0
 40
13.0
 40
13.0
 40
14.0
 40
14.0
 40
14.0
 40
15.0
 40
15.0
 40
15.0
 40
16.0
 40
16.0
 40
16.0
 40
17.0
 40
17.0
 40
17.0
 40
18.0
 40
18.0
 40
18.0
 40
19.0
 40
19.0
 40
19.0
 40
20.0
 40
20.0
 40
20.0
 40
21.0
 40
21.0
 40
21.0
 40
22.0
 40
22.0
 40
22.0
 40
23.0
 40
23.0
 40
23.0
 40
24.0
 40
24.0
 40
24.0
 40
25.0
 40
25.0
 40
25.0
 40
26.0
 40
26.0
 40
26.0
 40
27.0
 40
27.0
 40
27.0
 40
28.0
 40
28.0
 40
28.0
 40
29.0
 40
29.0
 40
29.0
 40
30.0
 40
30.0
 40
30.0
 40
31.0
 40
31.0
 40
31.0
 40
32.0
 40
32.0
 40
32.0
 40
33.0
 40
33.0
 40
33.0
 40
34.0
 40
34.0
 40
34.0
 40
35.0
 40
35.0
 40
35.0
 40
36.0
 40
36.0
 40
36.0
 40
37.0
 40
37.0
 40
37.0
 40
38.0
 40
38.0
 40
38.0
 40
39.0
 40
39.0
 40
39.0
 40
40.0
 40
40.0
 40
40.0
 40
41.0
 40
41.0
 40
41.0
 40
42.0
 40
42.0
 40
42.0
 40
43.0
 40
43.0
 40
43.0
 40
44.0
 40
44.0
 40
44.0
 40
45.0
 40
45.0
 40
45.0
 40
46.0
 40
46.0
 40
46.0
 40
47.0
 40
47.0
 40
47.0
 40
48.0
 40
48.0
 40
48.0
 40
49.0
 40
49.0
 40
49.0
 40
50.0
 40
50.0
 40
50.0
 40
51.0
 40
51.0
 40
51.0
 40
52.0
 40
52.0
 40
52.0
 40
53.0
 40
53.0
 40
53.0
 40
54.0
 40
54.0
 40
54.0
 40
55.0
 40
55.0
 40
55.0
 40
56.0
 40
56.0
 40
56.0
 40
57.0
 40
57.0
 40
57.0
 40
58.0
 40
58.0
 40
58.0
 40
59.0
 40
59.0
 40
59.0
 40
60.0
 40
60.0
 40
60.0
 40
61.0
 40
61.0
 40
61.0
 40
62.0
 40
62.0
 40
62.0
 40
63.0
 40
63.0
 40
63.0
 40
64.0
 40
64.0
 40
64.0
 40
65.0
 40
65.0
 40
65.0
 40
66.0
 40
66.0
 40
66.0
 40
67.0
 40
67.0
 40
67.0
 40
68.0
 40
68.0
 40
68.0
 40
69.0
 40
69.0
 40
69.0
 40
70.0
 40
70.0
 40
70.0
 40
71.0
 40
71.0
 40
71.0
 40
72.0
 40
72.0
 40
72.0
 40
73.0
 40
73.0
 40
73.0
 40
74.0
 40
74.0
 40
74.0
 40
75.0
 40
75.0
 40
75.0
 40
76.0
 40
76.0
 40
76.0
 40
77.0
 40
77.0
 40
77.0
 40
78.0
 40
78.0
 40
78.0
 40
79.0
 40
79.0
 40
79.0
 40
80.0
 40
80.0
 40
80.0
 40
81.0
 40
81.0
 40
81.0
 40
82.0
 40
82.0
 40
82.0
 40
83.0
 40
83.0
 40
83.0
 40
84.0
 40
84.0
 40
84.0
 40
85.0
 40
85.0
 40
85.0
 40
86.0
 40
86.0
 40
86.0
 40
87.0
 40
87.0
 40
87.0
 40
88.0
 40
88.0
 40
88.0
 40
89.0
 40
89.0
 40
89.0
 40
90.0
 40
90.0
 40
90.0
 40
91.0
 40
91.0
 40
91.0
 40
92.0
 40
92.0
 40
92.0
 40
93.0
 40
93.0
 40
93.0
 40
94.0
 40
94.0
 40
94.0
 40
95.0
 40
95.0
 40
95.0
 40
96.0
 40
96.0
 40
96.0
 40
97.0
 40
97.0
 40
97.0
 40
98.0
 40
98.0
 40
98.0
 40
99.0
 40
99.0
 40
99.0
 40
100.0
 40
100.0
 40
100.0
 40
101.0
 40
101.0
 40
101.0
 40
102.0
 40
102.0
 40
102.0
 40
103.0
 40
103.0
 40
103.0
 40
104.0
 40
104.0
 40
104.0
 40
105.0
 40
105.0
 40
105.0
 40
106.0
 40
106.0
 40
106.0
 40
107.0
 40
107.0
 40
107.0
 40
108.0
 40
108.0
 40
108.0
 40
109.0
 40
109.0
 40
109.0
 40
110.0
 40
110.0
 40
110.0
 40
111.0
 40
111.0
 40
111.0
 40
112.0
 40
112.0
 40
112.0
 40
113.0
 40
113.0
 40
113.0
 40
114.0
 40
114.0
 40
114.0
 40
115.0
 40
115.0
 40
115.0
 40
116.0
 40
116.0
 40
116.0
 40
117.0
 40
117.0
 40
117.0
 40
118.0
 40
118.0
 40
118.0
 40
119.0
 40
119.0
 40
119.0
 40
120.0
 40
120.0
 40
120.0
 40
121.0
 40
121.0
 40
121.0
 40
122.0
 40
122.0
 40
122.0
 40
123.0
 40
123.0
 40
123.0
 40
124.0
 40
124.0
 40
124.0
 40
125.0
 40
125.0
 40
125.0
 40
126.0
 40
126.0
 40
126.0
 40
127.0
 40
127.0
 40
127.0
 40
128.0
 40
128.0
 40
128.0
 40
129.0
 40
129.0
 40
129.0
 40
130.0
 40
130.0
 40
130.0
 40
131.0
 40
131.0
 40
131.0
 40
132.0
 40
132.0
 40
132.0
 40
133.0
 40
133.0
 40
133.0
 40
134.0
 40
134.0
 40
134.0
 40
135.0
 40
135.0
 40
135.0
 40
136.0
 40
136.0
 40
136.0
 40
137.0
 40
137.0
 40
137.0
 40
138.0
 40
138.0
 40
138.0
 40
139.0
 40
139.0
 40
139.0
 40
140.0
 40
140.0
 40
140.0
 40
141.0
 40
141.0
 40
141.0
 40
142.0
 40
142.0
 40
142.0
 40
143.0
 40
143.0
 40
143.0
 40
144.0
 40
144.0
 40
144.0
 40
145.0
 40
145.0
 40
145.0
 40
146.0
 40
146.0
 40
146.0
 40
147.0
 40
147.0
 40
147.0
 40
148.0
 40
148.0
 40
148.0
 40
149.0
 40
149.0
 40
149.0
 40
150.0
 40
150.0
 40
150.0
 40
151.0
 40
151.0
 40
151.0
 40
152.0
 40
152.0
 40
152.0
 40
153.0
 40
153.0
 40
153.0
 40
154.0
 40
154.0
 40
154.0
 40
155.0
 40
155.0
 40
155.0
 40
156.0
 40
156.0
 40
156.0
 40
157.0
 40
157.0
 40
157.0
 40
158.0
 40
158.0
 40
158.0
 40
159.0
 40
159.0
 40
159.0
 40
160.0
 40
160.0
 40
160.0
 40
161.0
 40
161.0
 40
161.0
 40
162.0
 40
162.0
 40
162.0
 40
163.0
 40
163.0
 40
163.0
 40
164.0
 40
164.0
 40
164.0
 40
165.0
 40
165.0
 40
165.0
 40
166.0
 40
166.0
 40
166.0
 40
167.0
 40
167.0
 40
167.0
 40
168.0
 40
168.0
 40
168.0
 40
169.0
 40
169.0
 40
169.0
 40
170.0
 40
170.0
 40
170.0
 40
171.0
 40
171.0
 40
171.0
 40
172.0
 40
172.0
 40
172.0
 40
173.0
 40
173.0
 40
173.0
 40
174.0
 40
174.0
 40
174.0
 40
175.0
 40
175.0
 40
175.0
 40
176.0
 40
176.0
 40
176.0
 40
177.0
 40
177.0
 40
177.0
 40
178.0
 40
178.0
 40
178.0
 40
179.0
 40
179.0
 40
179.0
 40
180.0
 40
180.0
 40
180.0
 40
181.0
 40
181.0
 40
181.0
 40
182.0
 40
182.0
 40
182.0
 40
183.0
 40
183.0
 40
183.0
 40
184.0
 40
184.0
 40
184.0
 40
185.0
 40
185.0
 40
185.0
 40
186.0
 40
186.0
 40
186.0
 40
187.0
 40
187.0
 40
187.0
 40
188.0
 40
188.0
 40
188.0
 40
189.0
 40
189.0
 40
189.0
 40
190.0
 40
190.0
 40
190.0
 40
190.0
 10
3.156944491486582
 20
6.261111204408936
 10
3.159722269305752
 20
6.251388982041842
 10
3.170833380582431
 20
6.244444537493917
 10
3.179166714039941
 20
6.247222315313087
 10
3.187500047497451
 20
6.248611204222672
 10
3.194444492045375
 20
6.241666759674747
 10
3.194444492045375
 20
6.231944537307652
 10
3.194444492045375
 20
6.222222314940558
 10
3.211111158960395
 20
6.200000092387199
 10
3.230555603694584
 20
6.181944536562594
 10
3.258333381886283
 20
6.156944536190065
 10
3.262500048615038
 20
6.147222313822971
 10
3.250000048428773
 20
6.131944535817536
 10
3.240277826061678
 20
6.120833424540856
 10
3.236111159332924
 20
6.104166757625837
 10
3.240277826061678
 20
6.094444535258743
 10
3.245833381700018
 20
6.083333423982063
 10
3.248611159519188
 20
6.084722312891648
 10
3.248611159519188
 20
6.101388979806667
 10
3.250000048428773
 20
6.113888979992932
 10
3.256944492976698
 20
6.125000091269612
 10
3.265277826434207
 20
6.125000091269612
 10
3.272222270982132
 20
6.125000091269612
 10
3.275000048801302
 20
6.118055646721686
 10
3.269444493162962
 20
6.108333424354592
 10
3.263888937524622
 20
6.098611201987497
 10
3.265277826434207
 20
6.097222313077913
 10
3.275000048801302
 20
6.102777868716253
 10
3.287500048987567
 20
6.109722313264177
 10
3.31944449390802
 20
6.072222312705384
 10
3.32777782736553
 20
6.041666756694515
 10
3.334722271913455
 20
6.009722311774061
 10
3.352777827738059
 20
5.987500089220702
 10
3.365277827924324
 20
5.995833422678211
 10
3.373611161381834
 20
6.001388978316551
 10
3.376388939201003
 20
5.995833422678211
 10
3.370833383562664
 20
5.981944533582362
 10
3.365277827924324
 20
5.968055644486512
 10
3.368055605743494
 20
5.959722311029003
 10
3.379166717020173
 20
5.962500088848173
 10
3.388888939387268
 20
5.963888977757758
 10
3.394444495025608
 20
5.954166755390663
 10
3.394444495025608
 20
5.941666755204399
 10
3.393055606116023
 20
5.92777786610855
 10
3.395833383935193
 20
5.91944453265104
 10
3.401388939573532
 20
5.92222231047021
 10
3.406944495211872
 20
5.926388977198964
 10
3.419444495398137
 20
5.909722310283945
 10
3.429166717765231
 20
5.887500087730586
 10
3.438888940132326
 20
5.865277865177227
 10
3.455555607047345
 20
5.847222309352622
 10
3.46527782941444
 20
5.847222309352622
 10
3.497222274334894
 20
5.847222309352622
 10
3.500000052154064
 20
5.806944530974659
 10
3.47083338505278
 20
5.758333419139185
 10
3.444444495770666
 20
5.712500085122883
 10
3.445833384680251
 20
5.63888897291488
 10
3.47361116287195
 20
5.63888897291488
 10
3.480555607419874
 20
5.63888897291488
 10
3.481944496329459
 20
5.629166750547786
 10
3.477777829600704
 20
5.618055639271106
 10
3.472222273962365
 20
5.606944527994427
 10
3.463888940504855
 20
5.601388972356087
 10
3.45694449595693
 20
5.605555639084841
 10
3.450000051409006
 20
5.609722305813597
 10
3.444444495770666
 20
5.605555639084841
 10
3.444444495770666
 20
5.595833416717747
 10
3.444444495770666
 20
5.569444527435633
 10
3.372222272472249
 20
5.509722304323481
 10
3.361111161195569
 20
5.527777860148085
 10
3.354166716647644
 20
5.538888971424764
 10
3.345833383190135
 20
5.536111193605594
 10
3.33333338300387
 20
5.52083341560016
 10
3.318055604998435
 20
5.502777859775556
 10
3.31944449390802
 20
5.500000081956386
 10
3.33888893864221
 20
5.508333415413895
 10
3.351388938828474
 20
5.512500082142651
 10
3.361111161195569
 20
5.512500082142651
 10
3.361111161195569
 20
5.506944526504311
 10
3.361111161195569
 20
5.490277859589292
 10
3.309722271540926
 20
5.430555636477138
 10
3.301388938083416
 20
5.438888969934648
 10
3.297222271354661
 20
5.443055636663403
 10
3.290277826806736
 20
5.427777858657969
 10
3.284722271168397
 20
5.405555636104609
 10
3.280555604439642
 20
5.38333341355125
 10
3.263888937524622
 20
5.352777857540382
 10
3.250000048428773
 20
5.336111190625362
 10
3.236111159332924
 20
5.320833412619927
 10
3.227777825875414
 20
5.304166745704908
 10
3.233333381513754
 20
5.297222301156984
 10
3.238888937152093
 20
5.291666745518644
 10
3.234722270423339
 20
5.291666745518644
 10
3.225000048056244
 20
5.297222301156984
 10
3.215277825689149
 20
5.302777856795324
 10
3.211111158960395
 20
5.313888968072003
 10
3.215277825689149
 20
5.320833412619927
 10
3.220833381327489
 20
5.327777857167853
 10
3.215277825689149
 20
5.333333412806192
 10
3.205555603322055
 20
5.333333412806192
 10
3.194444492045375
 20
5.333333412806192
 10
3.177777825130356
 20
5.344444524082872
 10
3.165277824944091
 20
5.358333413178721
 10
3.134722268933223
 20
5.39444452482793
 10
3.065277823453975
 20
5.593055638898577
 10
3.07777782364024
 20
5.613888972542351
 10
3.084722268188165
 20
5.627777861638201
 10
3.08333337927858
 20
5.627777861638201
 10
3.06944449018273
 20
5.615277861451937
 10
3.055555601086881
 20
5.602777861265672
 10
3.055555601086881
 20
5.584722305441068
 10
3.068055601273145
 20
5.525000082328915
 10
3.106944490741524
 20
5.347222301902042
 10
3.113888935289448
 20
5.330555634987022
 10
3.141666713481147
 20
5.337500079534947
 10
3.155555602576997
 20
5.341666746263702
 10
3.166666713853676
 20
5.338888968444532
 10
3.166666713853676
 20
5.331944523896607
 10
3.166666713853676
 20
5.323611190439097
 10
3.180555602949526
 20
5.304166745704908
 10
3.19861115877413
 20
5.286111189880304
 10
3.215277825689149
 20
5.269444522965285
 10
3.241666714971263
 20
5.231944522406491
 10
3.256944492976698
 20
5.202777855305208
 10
3.298611160264246
 20
5.120833409639695
 10
3.409722273031042
 20
5.005555630144145
 10
3.476388940691119
 20
4.973611185223691
 10
3.554166719627876
 20
4.936111184664897
 10
3.733333388964334
 20
4.934722295755313
 10
3.972222281412945
 20
4.970833407404521
 10
4.068055616174307
 20
4.984722296500371
 10
4.180555617850687
 20
5.00138896341539
 10
4.22361117404782
 20
5.00694451905373
 10
4.266666730244954
 20
5.011111185782485
 10
4.313888953170842
 20
5.025000074878334
 10
4.327777842266692
 20
5.036111186155014
 10
4.352777842639221
 20
5.055555630889203
 10
4.352777842639221
 20
5.056944519798788
 10
4.325000064447522
 20
5.048611186341278
 10
4.308333397532502
 20
5.044444519612524
 10
4.258333396787444
 20
5.040277852883769
 10
4.212500062771141
 20
5.037500075064599
 10
4.165277839845253
 20
5.036111186155014
 10
4.134722283834384
 20
5.030555630516674
 10
4.144444506201478
 20
5.025000074878334
 10
4.152777839658988
 20
5.019444519239995
 10
4.122222283648119
 20
5.013888963601655
 10
4.076388949631816
 20
5.013888963601655
 10
4.030555615615513
 20
5.013888963601655
 10
3.966666725774605
 20
5.00694451905373
 10
3.934722280854152
 20
5.000000074505805
 10
3.902777835933698
 20
4.99305562995788
 10
3.848611168459885
 20
4.984722296500371
 10
3.813888945720261
 20
4.983333407590786
 10
3.779166722980638
 20
4.983333407590786
 10
3.750000055879354
 20
4.977777851952446
 10
3.750000055879354
 20
4.973611185223691
 10
3.750000055879354
 20
4.940277851393653
 10
3.502777829973233
 20
4.975000074133276
 10
3.461111162685685
 20
5.013888963601655
 10
3.448611162499421
 20
5.026388963787919
 10
3.426388939946061
 20
5.040277852883769
 10
3.413888939759797
 20
5.044444519612524
 10
3.384722272658513
 20
5.056944519798788
 10
3.281944493349227
 20
5.193055632938112
 10
3.275000048801302
 20
5.229166744587321
 10
3.273611159891717
 20
5.244444522592756
 10
3.265277826434207
 20
5.261111189507775
 10
3.259722270795868
 20
5.26527785623653
 10
3.237500048242509
 20
5.281944523151549
 10
3.318055604998435
 20
5.423611191929214
 10
3.404166717392702
 20
5.516666748871405
 10
3.481944496329459
 20
5.602777861265672
 10
3.529166719255347
 20
5.627777861638201
 10
3.506944496701988
 20
5.572222305254803
 10
3.502777829973233
 20
5.559722305068539
 10
3.502777829973233
 20
5.554166749430199
 10
3.508333385611573
 20
5.559722305068539
 10
3.518055607978668
 20
5.569444527435633
 10
3.59166672018667
 20
5.473611192674272
 10
3.587500053457915
 20
5.456944525759253
 10
3.58611116454833
 20
5.452777859030498
 10
3.604166720372934
 20
5.429166747567554
 10
3.626388942926293
 20
5.404166747195024
 10
3.666666721304257
 20
5.359722302088306
 10
3.670833388033012
 20
5.358333413178721
 10
3.781944500799808
 20
5.358333413178721
 10
3.856944501917395
 20
5.359722302088306
 10
3.888888946837848
 20
5.355555635359551
 10
3.875000057741999
 20
5.347222301902042
 10
3.862500057555735
 20
5.338888968444532
 10
3.86111116864615
 20
5.333333412806192
 10
3.870833391013244
 20
5.333333412806192
 10
3.879166724470754
 20
5.333333412806192
 10
3.891666724657018
 20
5.340277857354117
 10
3.897222280295358
 20
5.348611190811626
 10
3.902777835933698
 20
5.359722302088306
 10
3.954166725588341
 20
5.361111190997891
 10
4.061111171626381
 20
5.354166746449966
 10
4.37500006519258
 20
5.334722301715777
 10
4.465277844315601
 20
5.333333412806192
 10
4.444444510671827
 20
5.347222301902042
 10
4.427777843756808
 20
5.358333413178721
 10
4.427777843756808
 20
5.361111190997891
 10
4.443055621762242
 20
5.361111190997891
 10
4.454166733038921
 20
5.361111190997891
 10
4.48472228904979
 20
5.377777857912911
 10
4.511111178331904
 20
5.3972223026471
 10
4.550000067800283
 20
5.427777858657969
 10
4.555555623438622
 20
5.429166747567554
 10
4.544444512161943
 20
5.406944525014194
 10
4.531944511975678
 20
5.38611119137042
 10
4.533333400885263
 20
5.379166746822495
 10
4.548611178890697
 20
5.379166746822495
 10
4.559722290167377
 20
5.379166746822495
 10
4.565277845805717
 20
5.384722302460835
 10
4.562500067986547
 20
5.390277858099175
 10
4.551388956709867
 20
5.406944525014194
 10
4.570833401444057
 20
5.444444525572988
 10
4.591666735087831
 20
5.444444525572988
 10
4.602777846364511
 20
5.444444525572988
 10
4.61111117982202
 20
5.451388970120913
 10
4.61111117982202
 20
5.458333414668837
 10
4.61111117982202
 20
5.466666748126347
 10
4.618055624369945
 20
5.472222303764687
 10
4.626388957827455
 20
5.472222303764687
 10
4.633333402375379
 20
5.472222303764687
 10
4.636111180194549
 20
5.466666748126347
 10
4.631944513465795
 20
5.458333414668837
 10
4.62777784673704
 20
5.450000081211328
 10
4.633333402375379
 20
5.448611192301743
 10
4.644444513652059
 20
5.452777859030498
 10
4.656944513838324
 20
5.456944525759253
 10
4.663888958386248
 20
5.465277859216763
 10
4.661111180567078
 20
5.470833414855102
 10
4.658333402747908
 20
5.475000081583857
 10
4.677777847482098
 20
5.480555637222196
 10
4.705555625673796
 20
5.481944526131782
 10
4.734722292775081
 20
5.483333415041366
 10
4.791666738068063
 20
5.488888970679706
 10
4.833333405355611
 20
5.493055637408461
 10
4.887500072829425
 20
5.498611193046801
 10
4.904166739744444
 20
5.497222304137216
 10
4.888888961739009
 20
5.487500081770122
 10
4.87777785046233
 20
5.479166748312612
 10
4.873611183733575
 20
5.472222303764687
 10
4.880555628281499
 20
5.472222303764687
 10
4.912500073201954
 20
5.472222303764687
 10
4.826388960807687
 20
5.419444525200459
 10
4.734722292775081
 20
5.384722302460835
 10
4.656944513838324
 20
5.354166746449966
 10
4.62500006891787
 20
5.333333412806192
 10
4.604166735274096
 20
5.301388967885738
 10
4.588888957268661
 20
5.276388967513209
 10
4.554166734529037
 20
5.24583341150234
 10
4.527777845246924
 20
5.231944522406491
 10
4.495833400326469
 20
5.215277855491472
 10
4.49027784468813
 20
5.208333410943547
 10
4.511111178331904
 20
5.212500077672302
 10
4.550000067800283
 20
5.222222300039397
 10
4.550000067800283
 20
5.219444522220227
 10
4.472222288863526
 20
5.113888965091771
 10
4.429166732666392
 20
5.054166741979618
 10
4.400000065565109
 20
5.027777852697504
 10
4.379166731921334
 20
5.027777852697504
 10
4.348611175910465
 20
5.027777852697504
 10
4.247222285510765
 20
4.918055628840293
 10
4.172222284393177
 20
4.805555627163912
 10
4.127777839286459
 20
4.738888959503835
 10
4.137500061653554
 20
4.697222292216287
 10
4.209722284951971
 20
4.631944513465795
 10
4.269444508064124
 20
4.579166734901567
 10
4.322222286628352
 20
4.559722290167377
 10
4.36111117609673
 20
4.577777845991982
 10
4.397222287745939
 20
4.595833401816586
 10
4.541666734342773
 20
4.775000071153044
 10
4.566666734715302
 20
4.833333405355611
 10
4.577777845991982
 20
4.859722294637726
 10
4.598611179635756
 20
4.900000073015689
 10
4.615277846550775
 20
4.922222295569048
 10
4.615277846550775
 20
4.922222295569048
 10
4.643055624742474
 20
4.961111185037426
 10
4.643055624742474
 20
4.961111185037426
 10
4.643055624742474
 20
4.961111185037426
 10
4.604166735274096
 20
4.991666741048295
 10
4.604166735274096
 20
4.991666741048295
 10
4.558333401257792
 20
5.027777852697504
 10
4.563888956896132
 20
5.069444519985053
 10
4.61388895764119
 20
5.070833408894637
 10
4.631944513465795
 20
5.070833408894637
 10
4.637500069104135
 20
5.075000075623393
 10
4.629166735646625
 20
5.079166742352147
 10
4.60833340200285
 20
5.087500075809657
 10
4.60555562418368
 20
5.15277785456015
 10
4.62500006891787
 20
5.15277785456015
 10
4.633333402375379
 20
5.15277785456015
 10
4.645833402561644
 20
5.168055632565583
 10
4.652777847109569
 20
5.187500077299773
 10
4.659722291657494
 20
5.206944522033962
 10
4.681944514210853
 20
5.229166744587321
 10
4.701388958945042
 20
5.236111189135246
 10
4.720833403679231
 20
5.24305563368317
 10
4.736111181684665
 20
5.258333411688605
 10
4.736111181684665
 20
5.270833411874869
 10
4.736111181684665
 20
5.295833412247398
 10
4.793055626977648
 20
5.298611190066568
 10
4.837500072084367
 20
5.276388967513209
 10
4.919444517749878
 20
5.233333411316076
 10
4.951388962670332
 20
5.173611188203923
 10
4.911111184292368
 20
5.1388889654643
 10
4.86944451700482
 20
5.105555631634261
 10
4.76250007096678
 20
4.727777848227156
 10
4.666666736205418
 20
4.276388952612048
 10
4.643055624742474
 20
4.166666728754838
 10
4.580555623811151
 20
3.820833390268186
 10
4.527777845246924
 20
3.506944496701988
 10
4.422222288118468
 20
2.872222265021668
 10
4.383333398650089
 20
2.676388928770191
 10
4.312500064261257
 20
2.405555591401126
 10
4.222222285138236
 20
2.061111141824059
 10
4.073611171812646
 20
1.713888914427823
 10
3.933333391944567
 20
1.513888911447591
 10
3.854166724098225
 20
1.400000020861625
 10
3.669444499123427
 20
1.216666684796412
 10
3.569444497633311
 20
1.15138890604592
 10
3.361111161195569
 20
1.01388890399701
 10
3.091666712736089
 20
0.9222222359644041
 10
2.81944448645744
 20
0.8958333466822901
 10
2.68194448440853
 20
0.8833333464960256
 10
2.666666706403096
 20
0.8777777908576858
 10
2.666666706403096
 20
0.847222234846817
 10
2.666666706403096
 20
0.8319444568413826
 10
2.658333372945586
 20
0.8194444566551181
 10
2.647222261668907
 20
0.8194444566551181
 10
2.634722261482642
 20
0.8194444566551181
 10
2.630555594753887
 20
0.8097222342880234
 10
2.634722261482642
 20
0.7902777895538344
 10
2.638888928211397
 20
0.7750000115484
 10
2.634722261482642
 20
0.7375000109896064
 10
2.625000039115548
 20
0.7069444549787375
 10
2.609722261110113
 20
0.6611111209624343
 10
2.604166705471773
 20
0.6555555653240946
 10
2.584722260737584
 20
0.669444454419944
 10
2.56666670491298
 20
0.6833333435157935
 10
2.565277816003395
 20
0.6833333435157935
 10
2.579166705099244
 20
0.666666676600774
 10
2.601388927652604
 20
0.6430555651378301
 10
2.602777816562188
 20
0.5972222311215269
 10
2.583333371827999
 20
0.5972222311215269
 10
2.57500003837049
 20
0.5972222311215269
 10
2.56944448273215
 20
0.5888888976640171
 10
2.570833371641735
 20
0.5791666752969224
 10
2.577777816189659
 20
0.5416666747381289
 10
2.522222259806262
 20
0.4361111176096731
 10
2.500000037252902
 20
0.4416666732480129
 10
2.490277814885808
 20
0.4430555621575979
 10
2.490277814885808
 20
0.4347222287000882
 10
2.501388926162487
 20
0.4152777839658989
 10
2.512500037439167
 20
0.3930555614125397
 10
2.512500037439167
 20
0.3875000057741999
 10
2.500000037252902
 20
0.3958333392317096
 10
2.490277814885808
 20
0.4013888948700494
 10
2.486111148157053
 20
0.3986111170508795
 10
2.487500037066638
 20
0.3875000057741999
 10
2.494444481614563
 20
0.3513888941249914
 10
2.472222259061203
 20
0.2902777821032537
 10
2.455555592146184
 20
0.3000000044703484
 10
2.447222258688674
 20
0.3055555601086881
 10
2.444444480869504
 20
0.3041666711991032
 10
2.448611147598259
 20
0.2958333377415934
 10
2.459722258874939
 20
0.2791666708265741
 10
2.369444479751917
 20
0.1777777804268731
 10
2.355555590656068
 20
0.1902777806131376
 10
2.351388923927313
 20
0.1958333362514774
 10
2.347222257198558
 20
0.1930555584323075
 10
2.347222257198558
 20
0.1847222249747978
 10
2.347222257198558
 20
0.1625000024214387
 10
2.272222256080971
 20
0.1361111131393247
 10
2.212500032968819
 20
0.1361111131393247
 10
2.119444476026627
 20
0.1347222242297398
 10
2.095833364563683
 20
0.1388888909584946
 10
2.104166698021193
 20
0.1513888911447591
 10
2.108333364749948
 20
0.1583333356926838
 10
2.104166698021193
 20
0.1694444469693634
 10
2.095833364563683
 20
0.1750000026077032
 10
2.084722253287004
 20
0.180555558246043
 10
2.083333364377419
 20
0.179166669336458
 10
2.088888920015758
 20
0.1694444469693634
 10
2.104166698021193
 20
0.1444444465968344
 10
2.077777808739079
 20
0.1500000022351742
 10
2.045833363818625
 20
0.1763888915172882
 10
2.005555585440661
 20
0.2125000031664967
 10
1.984722251796887
 20
0.2583333371827999
 10
1.995833363073567
 20
0.2861111153744989
 10
2.001388918711907
 20
0.3013888933799333
 10
2.000000029802322
 20
0.3069444490182731
 10
1.988888918525642
 20
0.3000000044703484
 10
1.975000029429793
 20
0.2916666710128387
 10
2.015277807807756
 20
0.463888895801372
 10
2.03055558581319
 20
0.4791666738068064
 10
2.03333336363236
 20
0.4833333405355612
 10
2.058333364004889
 20
0.4791666738068064
 10
2.083333364377419
 20
0.4722222292588817
 10
2.109722253659533
 20
0.465277784710957
 10
2.159722254404591
 20
0.4569444512534473
 10
2.197222254963384
 20
0.4569444512534473
 10
2.233333366612593
 20
0.4555555623438624
 10
2.259722255894707
 20
0.4486111177959376
 10
2.255555589165952
 20
0.4416666732480129
 10
2.251388922437197
 20
0.4361111176096731
 10
2.261111144804292
 20
0.4305555619713334
 10
2.277777811719311
 20
0.4305555619713334
 10
2.29444447863433
 20
0.4305555619713334
 10
2.319444479006859
 20
0.4236111174234086
 10
2.334722257012294
 20
0.4152777839658989
 10
2.393055591214861
 20
0.38472222795503
 10
2.454166703236599
 20
0.4513888956151075
 10
2.409722258129881
 20
0.5000000074505806
 10
2.388888924486107
 20
0.5236111189135247
 10
2.404166702491541
 20
0.5652777862010731
 10
2.42916670286407
 20
0.5500000081956387
 10
2.436111147411995
 20
0.5444444525572989
 10
2.456944481055769
 20
0.5541666749243934
 10
2.475000036880373
 20
0.5722222307489978
 10
2.494444481614563
 20
0.591666675483187
 10
2.498611148343317
 20
0.6041666756694515
 10
2.488888925976223
 20
0.6083333423982064
 10
2.479166703609128
 20
0.6111111202173763
 10
2.472222259061203
 20
0.6208333425844709
 10
2.472222259061203
 20
0.6305555649515656
 10
2.472222259061203
 20
0.6402777873186602
 10
2.456944481055769
 20
0.6597222320528494
 10
2.438888925231165
 20
0.6750000100582838
 10
2.419444480496975
 20
0.6888888991541333
 10
2.408333369220296
 20
0.7055555660691527
 10
2.411111147039466
 20
0.7111111217074924
 10
2.41527781376822
 20
0.7180555662554172
 10
2.401388924672371
 20
0.719444455165002
 10
2.380555591028597
 20
0.7138888995266623
 10
2.354166701746483
 20
0.7069444549787375
 10
2.345833368288973
 20
0.7083333438883225
 10
2.352777812836898
 20
0.720833344074587
 10
2.362500035203993
 20
0.7361111220800214
 10
2.275000033900141
 20
0.744444455537531
 10
2.17083336568127
 20
0.7375000109896064
 10
2.137500031851232
 20
0.7347222331704365
 10
2.125000031664967
 20
0.7402777888087763
 10
2.125000031664967
 20
0.7555555668142107
 10
2.125000031664967
 20
0.7680555670004753
 10
2.130555587303307
 20
0.7777777893675699
 10
2.138888920760817
 20
0.7777777893675699
 10
2.145833365308741
 20
0.7777777893675699
 10
2.147222254218326
 20
0.7888889006442494
 10
2.143055587489571
 20
0.8027777897400987
 10
2.134722254032062
 20
0.8222222344742879
 10
2.137500031851232
 20
0.823611123383873
 10
2.154166698766251
 20
0.8097222342880234
 10
2.17083336568127
 20
0.7958333451921741
 10
2.175000032410025
 20
0.798611123011344
 10
2.175000032410025
 20
0.8180555677455332
 10
2.175000032410025
 20
0.8319444568413826
 10
2.165277810042931
 20
0.8430555681180623
 10
2.152777809856666
 20
0.8416666792084772
 10
2.127777809484137
 20
0.8402777902988923
 10
1.973611140520208
 20
0.4291666730617484
 10
1.962500029243528
 20
0.3319444493908021
 10
1.952777806876434
 20
0.2513888926348752
 10
1.994444474163982
 20
0.1638888913310236
 10
2.059722252914474
 20
0.1291666685914
 10
2.161111143314176
 20
0.0750000011175871
 10
2.336111145921879
 20
0.1125000016763806
 10
2.430555591773655
 20
0.2097222253473268
 10
2.484722259247468
 20
0.2652777817307247
 10
2.669444484222266
 20
0.6916666769733031
 10
2.668055595312681
 20
0.7583333446333806
 10
2.668055595312681
 20
0.7583333446333806
 10
2.668055595312681
 20
0.8013889008305138
 10
2.668055595312681
 20
0.8013889008305138
 10
2.668055595312681
 20
0.8013889008305138
 10
2.788888930446571
 20
0.8111111231976085
 10
2.788888930446571
 20
0.8111111231976085
 10
3.290277826806736
 20
0.8513889015755719
 10
3.698611166224711
 20
1.066666682561238
 10
3.97361117032253
 20
1.434722243601249
 10
4.080555616360571
 20
1.577777801288498
 10
4.233333396414915
 20
1.890277805945111
 10
4.311111175351672
 20
2.126388920574552
 10
4.430555621575978
 20
2.486111148157053
 10
4.495833400326469
 20
2.780555596989061
 10
4.633333402375379
 20
3.59444449800584
 10
4.733333403865495
 20
4.191666729127367
 10
4.787500071339309
 20
4.47361117777311
 10
4.840277849903537
 20
4.659722291657494
 10
4.912500073201954
 20
4.922222295569048
 10
4.955555629399087
 20
5.093055631447996
 10
4.965277851766182
 20
5.161111188017659
 10
4.973611185223691
 20
5.229166744587321
 10
4.973611185223691
 20
5.231944522406491
 10
4.934722295755313
 20
5.24861118932151
 10
4.834722294265197
 20
5.290277856609059
 10
4.775000071153044
 20
5.40277785828544
 10
4.854166738999386
 20
5.40277785828544
 10
4.873611183733575
 20
5.40277785828544
 10
4.888888961739009
 20
5.3972223026471
 10
4.888888961739009
 20
5.38888896918959
 10
4.888888961739009
 20
5.381944524641665
 10
4.915277851021124
 20
5.358333413178721
 10
4.948611184851162
 20
5.337500079534947
 10
4.980555629771616
 20
5.316666745891173
 10
5.0097222968729
 20
5.297222301156984
 10
5.013888963601655
 20
5.294444523337814
 10
5.018055630330409
 20
5.291666745518644
 10
5.0097222968729
 20
5.280555634241964
 10
4.99583340777705
 20
5.270833411874869
 10
4.980555629771616
 20
5.25972230059819
 10
4.976388963042861
 20
5.24861118932151
 10
4.984722296500371
 20
5.244444522592756
 10
5.00416674123456
 20
5.231944522406491
 10
5.029166741607089
 20
5.284722300970719
 10
5.019444519239995
 20
5.312500079162418
 10
5.013888963601655
 20
5.323611190439097
 10
4.981944518681201
 20
5.354166746449966
 10
4.945833407031992
 20
5.377777857912911
 10
4.911111184292368
 20
5.401388969375854
 10
4.879166739371915
 20
5.423611191929214
 10
4.876388961552745
 20
5.425000080838799
 10
4.873611183733575
 20
5.427777858657969
 10
4.886111183919839
 20
5.441666747753818
 10
4.902777850834859
 20
5.455555636849667
 10
4.925000073388218
 20
5.473611192674272
 10
4.931944517936143
 20
5.490277859589292
 10
4.925000073388218
 20
5.506944526504311
 10
4.916666739930708
 20
5.52916674905767
 10
4.904166739744444
 20
5.530555637967254
 10
4.797222293706403
 20
5.522222304509745
 10
4.655555624928738
 20
5.511111193233065
 10
4.631944513465795
 20
5.502777859775556
 10
4.516666733970244
 20
5.427777858657969
 10
4.516666733970244
 20
5.427777858657969
 10
4.429166732666392
 20
5.370833413364985
 10
4.429166732666392
 20
5.370833413364985
 10
4.429166732666392
 20
5.370833413364985
 10
4.183333395669857
 20
5.379166746822495
 10
4.183333395669857
 20
5.379166746822495
 10
4.048611171440117
 20
5.384722302460835
 10
3.877777835561169
 20
5.38888896918959
 10
3.804166723353167
 20
5.38888896918959
 10
3.804166723353167
 20
5.38888896918959
 10
3.672222276942597
 20
5.38888896918959
 10
3.672222276942597
 20
5.38888896918959
 10
3.672222276942597
 20
5.38888896918959
 10
3.587500053457915
 20
5.51805563778099
 10
3.587500053457915
 20
5.51805563778099
 10
3.46805560723361
 20
5.701388973846203
 10
3.466666718324025
 20
5.701388973846203
 10
3.494444496515724
 20
5.743055641133751
 10
3.506944496701988
 20
5.762500085867941
 10
3.522222274707423
 20
5.777777863873375
 10
3.529166719255347
 20
5.777777863873375
 10
3.551388941808706
 20
5.777777863873375
 10
3.541666719441612
 20
5.812500086612999
 10
3.509722274521158
 20
5.847222309352622
 10
3.493055607606139
 20
5.866666754086812
 10
3.438888940132326
 20
5.938888977385229
 10
3.388888939387268
 20
6.006944533954891
 10
3.258333381886283
 20
6.191666758929689
 10
3.19027782531662
 20
6.276388982414371
 10
3.169444491672846
 20
6.276388982414371
 10
3.158333380396167
 20
6.277777871323955
 10
3.152777824757827
 20
6.269444537866446
 10
3.156944491486582
 20
6.261111204408936
 97
        0
 97
        1
330
112
 75
     2
 76
     1
 98
        1
 10
0.0
 20
0.0
450
        0
451
        0
460
0.0
461
0.0
452
        0
462
0.0
453
        0
470

  0
SPLINE
  5
114
330
79
100
AcDbEntity
  8
Layer 1
100
AcDbSpline
210
0.0
220
0.0
230
1.0
 70
     9
 71
     3
 72
    14
 73
    10
 74
     0
 42
0.0000000001
 43
0.0000000001
 40
0.0
 40
0.0
 40
0.0
 40
0.0
 40
1.0
 40
1.0
 40
1.0
 40
2.0
 40
2.0
 40
2.0
 40
3.0
 40
3.0
 40
3.0
 40
3.0
 10
4.247222285510765
 20
4.656944513838324
 30
0.0
 10
4.256944507877859
 20
4.652777847109569
 30
0.0
 10
4.269444508064124
 20
4.654166736019154
 30
0.0
 10
4.273611174792878
 20
4.658333402747908
 30
0.0
 10
4.279166730431218
 20
4.662500069476664
 30
0.0
 10
4.270833396973708
 20
4.666666736205418
 30
0.0
 10
4.255555618968275
 20
4.665277847295834
 30
0.0
 10
4.24027784096284
 20
4.665277847295834
 30
0.0
 10
4.236111174234085
 20
4.661111180567078
 30
0.0
 10
4.247222285510765
 20
4.656944513838324
 30
0.0
  0
HATCH
  5
115
330
79
100
AcDbEntity
  8
Layer 1
 62
    18
420
        0
440
 33554687
100
AcDbHatch
 10
0.0
 20
0.0
 30
0.0
210
0.0
220
0.0
230
1.0
  2
SOLID
 70
     1
 71
     1
 91
        1
 92
        1
 93
        1
 72
     4
 94
        3
 73
     0
 74
     0
 95
       14
 96
       10
 40
0.0
 40
0.0
 40
0.0
 40
0.0
 40
1.0
 40
1.0
 40
1.0
 40
2.0
 40
2.0
 40
2.0
 40
3.0
 40
3.0
 40
3.0
 40
3.0
 10
4.247222285510765
 20
4.656944513838324
 10
4.256944507877859
 20
4.652777847109569
 10
4.269444508064124
 20
4.654166736019154
 10
4.273611174792878
 20
4.658333402747908
 10
4.279166730431218
 20
4.662500069476664
 10
4.270833396973708
 20
4.666666736205418
 10
4.255555618968275
 20
4.665277847295834
 10
4.24027784096284
 20
4.665277847295834
 10
4.236111174234085
 20
4.661111180567078
 10
4.247222285510765
 20
4.656944513838324
 97
        0
 97
        1
330
114
 75
     2
 76
     1
 98
        1
 10
0.0
 20
0.0
450
        0
451
        0
460
0.0
461
0.0
452
        0
462
0.0
453
        0
470

  0
SPLINE
  5
116
330
79
100
AcDbEntity
  8
Layer 1
100
AcDbSpline
210
0.0
220
0.0
230
1.0
 70
     9
 71
     3
 72
    20
 73
    16
 74
     0
 42
0.0000000001
 43
0.0000000001
 40
0.0
 40
0.0
 40
0.0
 40
0.0
 40
1.0
 40
1.0
 40
1.0
 40
2.0
 40
2.0
 40
2.0
 40
3.0
 40
3.0
 40
3.0
 40
4.0
 40
4.0
 40
4.0
 40
5.0
 40
5.0
 40
5.0
 40
5.0
 10
4.343055620272126
 20
4.643055624742474
 30
0.0
 10
4.347222287000881
 20
4.633333402375379
 30
0.0
 10
4.355555620458391
 20
4.62500006891787
 30
0.0
 10
4.3638889539159
 20
4.62500006891787
 30
0.0
 10
4.370833398463824
 20
4.62500006891787
 30
0.0
 10
4.373611176282994
 20
4.630555624556209
 30
0.0
 10
4.36944450955424
 20
4.637500069104135
 30
0.0
 10
4.3638889539159
 20
4.644444513652059
 30
0.0
 10
4.36944450955424
 20
4.652777847109569
 30
0.0
 10
4.37777784301175
 20
4.656944513838324
 30
0.0
 10
4.387500065378844
 20
4.661111180567078
 30
0.0
 10
4.381944509740504
 20
4.662500069476664
 30
0.0
 10
4.36666673173507
 20
4.662500069476664
 30
0.0
 10
4.347222287000881
 20
4.661111180567078
 30
0.0
 10
4.338888953543371
 20
4.654166736019154
 30
0.0
 10
4.343055620272126
 20
4.643055624742474
 30
0.0
  0
HATCH
  5
117
330
79
100
AcDbEntity
  8
Layer 1
 62
    18
420
        0
440
 33554687
100
AcDbHatch
 10
0.0
 20
0.0
 30
0.0
210
0.0
220
0.0
230
1.0
  2
SOLID
 70
     1
 71
     1
 91
        1
 92
        1
 93
        1
 72
     4
 94
        3
 73
     0
 74
     0
 95
       20
 96
       16
 40
0.0
 40
0.0
 40
0.0
 40
0.0
 40
1.0
 40
1.0
 40
1.0
 40
2.0
 40
2.0
 40
2.0
 40
3.0
 40
3.0
 40
3.0
 40
4.0
 40
4.0
 40
4.0
 40
5.0
 40
5.0
 40
5.0
 40
5.0
 10
4.343055620272126
 20
4.643055624742474
 10
4.347222287000881
 20
4.633333402375379
 10
4.355555620458391
 20
4.62500006891787
 10
4.3638889539159
 20
4.62500006891787
 10
4.370833398463824
 20
4.62500006891787
 10
4.373611176282994
 20
4.630555624556209
 10
4.36944450955424
 20
4.637500069104135
 10
4.3638889539159
 20
4.644444513652059
 10
4.36944450955424
 20
4.652777847109569
 10
4.37777784301175
 20
4.656944513838324
 10
4.387500065378844
 20
4.661111180567078
 10
4.381944509740504
 20
4.662500069476664
 10
4.36666673173507
 20
4.662500069476664
 10
4.347222287000881
 20
4.661111180567078
 10
4.338888953543371
 20
4.654166736019154
 10
4.343055620272126
 20
4.643055624742474
 97
        0
 97
        1
330
116
 75
     2
 76
     1
 98
        1
 10
0.0
 20
0.0
450
        0
451
        0
460
0.0
461
0.0
452
        0
462
0.0
453
        0
470

  0
SPLINE
  5
118
330
79
100
AcDbEntity
  8
Layer 1
100
AcDbSpline
210
0.0
220
0.0
230
1.0
 70
     9
 71
     3
 72
    14
 73
    10
 74
     0
 42
0.0000000001
 43
0.0000000001
 40
0.0
 40
0.0
 40
0.0
 40
0.0
 40
1.0
 40
1.0
 40
1.0
 40
2.0
 40
2.0
 40
2.0
 40
3.0
 40
3.0
 40
3.0
 40
3.0
 10
2.163888921133346
 20
0.5875000087544322
 30
0.0
 10
2.17361114350044
 20
0.5833333420256773
 30
0.0
 10
2.186111143686705
 20
0.5847222309352623
 30
0.0
 10
2.19027781041546
 20
0.5888888976640171
 30
0.0
 10
2.195833366053799
 20
0.593055564392772
 30
0.0
 10
2.18750003259629
 20
0.5972222311215269
 30
0.0
 10
2.172222254590855
 20
0.5958333422119419
 30
0.0
 10
2.156944476585421
 20
0.5958333422119419
 30
0.0
 10
2.152777809856666
 20
0.591666675483187
 30
0.0
 10
2.163888921133346
 20
0.5875000087544322
 30
0.0
  0
HATCH
  5
119
330
79
100
AcDbEntity
  8
Layer 1
 62
    18
420
        0
440
 33554687
100
AcDbHatch
 10
0.0
 20
0.0
 30
0.0
210
0.0
220
0.0
230
1.0
  2
SOLID
 70
     1
 71
     1
 91
        1
 92
        1
 93
        1
 72
     4
 94
        3
 73
     0
 74
     0
 95
       14
 96
       10
 40
0.0
 40
0.0
 40
0.0
 40
0.0
 40
1.0
 40
1.0
 40
1.0
 40
2.0
 40
2.0
 40
2.0
 40
3.0
 40
3.0
 40
3.0
 40
3.0
 10
2.163888921133346
 20
0.5875000087544322
 10
2.17361114350044
 20
0.5833333420256773
 10
2.186111143686705
 20
0.5847222309352623
 10
2.19027781041546
 20
0.5888888976640171
 10
2.195833366053799
 20
0.593055564392772
 10
2.18750003259629
 20
0.5972222311215269
 10
2.172222254590855
 20
0.5958333422119419
 10
2.156944476585421
 20
0.5958333422119419
 10
2.152777809856666
 20
0.591666675483187
 10
2.163888921133346
 20
0.5875000087544322
 97
        0
 97
        1
330
118
 75
     2
 76
     1
 98
        1
 10
0.0
 20
0.0
450
        0
451
        0
460
0.0
461
0.0
452
        0
462
0.0
453
        0
470

  0
SPLINE
  5
11A
330
79
100
AcDbEntity
  8
Layer 1
100
AcDbSpline
210
0.0
220
0.0
230
1.0
 70
    11
 71
     3
 72
    14
 73
    10
 74
     0
 42
0.0000000001
 43
0.0000000001
 40
0.0
 40
0.0
 40
0.0
 40
0.0
 40
1.0
 40
1.0
 40
1.0
 40
2.0
 40
2.0
 40
2.0
 40
3.0
 40
3.0
 40
3.0
 40
3.0
 10
3.109722268560694
 20
6.240277870765162
 30
0.0
 10
3.091666712736089
 20
6.218055648211803
 30
0.0
 10
3.093055601645674
 20
6.216666759302218
 30
0.0
 10
3.115277824199033
 20
6.234722315126822
 30
0.0
 10
3.127777824385298
 20
6.244444537493917
 30
0.0
 10
3.138888935661977
 20
6.255555648770596
 30
0.0
 10
3.138888935661977
 20
6.258333426589766
 30
0.0
 10
3.138888935661977
 20
6.269444537866446
 30
0.0
 10
3.127777824385298
 20
6.262500093318521
 30
0.0
 10
3.109722268560694
 20
6.240277870765162
 30
0.0
  0
HATCH
  5
11B
330
79
100
AcDbEntity
  8
Layer 1
 62
    18
420
        0
440
 33554687
100
AcDbHatch
 10
0.0
 20
0.0
 30
0.0
210
0.0
220
0.0
230
1.0
  2
SOLID
 70
     1
 71
     1
 91
        1
 92
        1
 93
        1
 72
     4
 94
        3
 73
     0
 74
     0
 95
       14
 96
       10
 40
0.0
 40
0.0
 40
0.0
 40
0.0
 40
1.0
 40
1.0
 40
1.0
 40
2.0
 40
2.0
 40
2.0
 40
3.0
 40
3.0
 40
3.0
 40
3.0
 10
3.109722268560694
 20
6.240277870765162
 10
3.091666712736089
 20
6.218055648211803
 10
3.093055601645674
 20
6.216666759302218
 10
3.115277824199033
 20
6.234722315126822
 10
3.127777824385298
 20
6.244444537493917
 10
3.138888935661977
 20
6.255555648770596
 10
3.138888935661977
 20
6.258333426589766
 10
3.138888935661977
 20
6.269444537866446
 10
3.127777824385298
 20
6.262500093318521
 10
3.109722268560694
 20
6.240277870765162
 97
        0
 97
        1
330
11A
 75
     2
 76
     1
 98
        1
 10
0.0
 20
0.0
450
        0
451
        0
460
0.0
461
0.0
452
        0
462
0.0
453
        0
470

  0
SPLINE
  5
11C
330
79
100
AcDbEntity
  8
Layer 1
100
AcDbSpline
210
0.0
220
0.0
230
1.0
 70
     9
 71
     3
 72
    17
 73
    13
 74
     0
 42
0.0000000001
 43
0.0000000001
 40
0.0
 40
0.0
 40
0.0
 40
0.0
 40
1.0
 40
1.0
 40
1.0
 40
2.0
 40
2.0
 40
2.0
 40
3.0
 40
3.0
 40
3.0
 40
4.0
 40
4.0
 40
4.0
 40
4.0
 10
1.750000026077032
 20
5.893055643368925
 30
0.0
 10
1.712500025518238
 20
5.759722308048771
 30
0.0
 10
1.66805558041152
 20
5.481944526131782
 30
0.0
 10
1.681944469507369
 20
5.456944525759253
 30
0.0
 10
1.701388914241558
 20
5.419444525200459
 30
0.0
 10
1.715277803337408
 20
5.425000080838799
 30
0.0
 10
1.716666692246993
 20
5.469444525945517
 30
0.0
 10
1.718055581156578
 20
5.490277859589292
 30
0.0
 10
1.731944470252427
 20
5.602777861265672
 30
0.0
 10
1.748611137167447
 20
5.720833418580392
 30
0.0
 10
1.77777780426873
 20
5.937500088475644
 30
0.0
 10
1.779166693178315
 20
5.991666755949457
 30
0.0
 10
1.750000026077032
 20
5.893055643368925
 30
0.0
  0
HATCH
  5
11D
330
79
100
AcDbEntity
  8
Layer 1
 62
    18
420
        0
440
 33554687
100
AcDbHatch
 10
0.0
 20
0.0
 30
0.0
210
0.0
220
0.0
230
1.0
  2
SOLID
 70
     1
 71
     1
 91
        1
 92
        1
 93
        1
 72
     4
 94
        3
 73
     0
 74
     0
 95
       17
 96
       13
 40
0.0
 40
0.0
 40
0.0
 40
0.0
 40
1.0
 40
1.0
 40
1.0
 40
2.0
 40
2.0
 40
2.0
 40
3.0
 40
3.0
 40
3.0
 40
4.0
 40
4.0
 40
4.0
 40
4.0
 10
1.750000026077032
 20
5.893055643368925
 10
1.712500025518238
 20
5.759722308048771
 10
1.66805558041152
 20
5.481944526131782
 10
1.681944469507369
 20
5.456944525759253
 10
1.701388914241558
 20
5.419444525200459
 10
1.715277803337408
 20
5.425000080838799
 10
1.716666692246993
 20
5.469444525945517
 10
1.718055581156578
 20
5.490277859589292
 10
1.731944470252427
 20
5.602777861265672
 10
1.748611137167447
 20
5.720833418580392
 10
1.77777780426873
 20
5.937500088475644
 10
1.779166693178315
 20
5.991666755949457
 10
1.750000026077032
 20
5.893055643368925
 97
        0
 97
        1
330
11C
 75
     2
 76
     1
 98
        1
 10
0.0
 20
0.0
450
        0
451
        0
460
0.0
461
0.0
452
        0
462
0.0
453
        0
470

  0
SPLINE
  5
11E
330
79
100
AcDbEntity
  8
Layer 1
100
AcDbSpline
210
0.0
220
0.0
230
1.0
 70
     9
 71
     3
 72
    14
 73
    10
 74
     0
 42
0.0000000001
 43
0.0000000001
 40
0.0
 40
0.0
 40
0.0
 40
0.0
 40
1.0
 40
1.0
 40
1.0
 40
2.0
 40
2.0
 40
2.0
 40
3.0
 40
3.0
 40
3.0
 40
3.0
 10
1.518055578176346
 20
5.756944530229601
 30
0.0
 10
1.518055578176346
 20
5.745833418952921
 30
0.0
 10
1.523611133814685
 20
5.740277863314582
 30
0.0
 10
1.53055557836261
 20
5.744444530043336
 30
0.0
 10
1.537500022910535
 20
5.748611196772091
 30
0.0
 10
1.53888891182012
 20
5.758333419139185
 30
0.0
 10
1.534722245091365
 20
5.765277863687111
 30
0.0
 10
1.5222222449051
 20
5.783333419511714
 30
0.0
 10
1.518055578176346
 20
5.780555641692544
 30
0.0
 10
1.518055578176346
 20
5.756944530229601
 30
0.0
  0
HATCH
  5
11F
330
79
100
AcDbEntity
  8
Layer 1
 62
    18
420
        0
440
 33554687
100
AcDbHatch
 10
0.0
 20
0.0
 30
0.0
210
0.0
220
0.0
230
1.0
  2
SOLID
 70
     1
 71
     1
 91
        1
 92
        1
 93
        1
 72
     4
 94
        3
 73
     0
 74
     0
 95
       14
 96
       10
 40
0.0
 40
0.0
 40
0.0
 40
0.0
 40
1.0
 40
1.0
 40
1.0
 40
2.0
 40
2.0
 40
2.0
 40
3.0
 40
3.0
 40
3.0
 40
3.0
 10
1.518055578176346
 20
5.756944530229601
 10
1.518055578176346
 20
5.745833418952921
 10
1.523611133814685
 20
5.740277863314582
 10
1.53055557836261
 20
5.744444530043336
 10
1.537500022910535
 20
5.748611196772091
 10
1.53888891182012
 20
5.758333419139185
 10
1.534722245091365
 20
5.765277863687111
 10
1.5222222449051
 20
5.783333419511714
 10
1.518055578176346
 20
5.780555641692544
 10
1.518055578176346
 20
5.756944530229601
 97
        0
 97
        1
330
11E
 75
     2
 76
     1
 98
        1
 10
0.0
 20
0.0
450
        0
451
        0
460
0.0
461
0.0
452
        0
462
0.0
453
        0
470

  0
SPLINE
  5
120
330
79
100
AcDbEntity
  8
Layer 1
100
AcDbSpline
210
0.0
220
0.0
230
1.0
 70
     9
 71
     3
 72
    14
 73
    10
 74
     0
 42
0.0000000001
 43
0.0000000001
 40
0.0
 40
0.0
 40
0.0
 40
0.0
 40
1.0
 40
1.0
 40
1.0
 40
2.0
 40
2.0
 40
2.0
 40
3.0
 40
3.0
 40
3.0
 40
3.0
 10
3.625000054016709
 20
5.362500079907476
 30
0.0
 10
3.625000054016709
 20
5.354166746449966
 30
0.0
 10
3.630555609655048
 20
5.344444524082872
 30
0.0
 10
3.638888943112558
 20
5.340277857354117
 30
0.0
 10
3.647222276570068
 20
5.336111190625362
 30
0.0
 10
3.648611165479653
 20
5.341666746263702
 30
0.0
 10
3.644444498750898
 20
5.352777857540382
 30
0.0
 10
3.634722276383803
 20
5.377777857912911
 30
0.0
 10
3.625000054016709
 20
5.381944524641665
 30
0.0
 10
3.625000054016709
 20
5.362500079907476
 30
0.0
  0
HATCH
  5
121
330
79
100
AcDbEntity
  8
Layer 1
 62
    18
420
        0
440
 33554687
100
AcDbHatch
 10
0.0
 20
0.0
 30
0.0
210
0.0
220
0.0
230
1.0
  2
SOLID
 70
     1
 71
     1
 91
        1
 92
        1
 93
        1
 72
     4
 94
        3
 73
     0
 74
     0
 95
       14
 96
       10
 40
0.0
 40
0.0
 40
0.0
 40
0.0
 40
1.0
 40
1.0
 40
1.0
 40
2.0
 40
2.0
 40
2.0
 40
3.0
 40
3.0
 40
3.0
 40
3.0
 10
3.625000054016709
 20
5.362500079907476
 10
3.625000054016709
 20
5.354166746449966
 10
3.630555609655048
 20
5.344444524082872
 10
3.638888943112558
 20
5.340277857354117
 10
3.647222276570068
 20
5.336111190625362
 10
3.648611165479653
 20
5.341666746263702
 10
3.644444498750898
 20
5.352777857540382
 10
3.634722276383803
 20
5.377777857912911
 10
3.625000054016709
 20
5.381944524641665
 10
3.625000054016709
 20
5.362500079907476
 97
        0
 97
        1
330
120
 75
     2
 76
     1
 98
        1
 10
0.0
 20
0.0
450
        0
451
        0
460
0.0
461
0.0
452
        0
462
0.0
453
        0
470

  0
SPLINE
  5
122
330
79
100
AcDbEntity
  8
Layer 1
100
AcDbSpline
210
0.0
220
0.0
230
1.0
 70
     9
 71
     3
 72
    56
 73
    52
 74
     0
 42
0.0000000001
 43
0.0000000001
 40
0.0
 40
0.0
 40
0.0
 40
0.0
 40
1.0
 40
1.0
 40
1.0
 40
2.0
 40
2.0
 40
2.0
 40
3.0
 40
3.0
 40
3.0
 40
4.0
 40
4.0
 40
4.0
 40
5.0
 40
5.0
 40
5.0
 40
6.0
 40
6.0
 40
6.0
 40
7.0
 40
7.0
 40
7.0
 40
8.0
 40
8.0
 40
8.0
 40
9.0
 40
9.0
 40
9.0
 40
10.0
 40
10.0
 40
10.0
 40
11.0
 40
11.0
 40
11.0
 40
12.0
 40
12.0
 40
12.0
 40
13.0
 40
13.0
 40
13.0
 40
14.0
 40
14.0
 40
14.0
 40
15.0
 40
15.0
 40
15.0
 40
16.0
 40
16.0
 40
16.0
 40
17.0
 40
17.0
 40
17.0
 40
17.0
 10
3.118055602018203
 20
5.219444522220227
 30
0.0
 10
3.122222268746958
 20
5.163888965836829
 30
0.0
 10
3.131944491114053
 20
5.095833409267166
 30
0.0
 10
3.137500046752393
 20
5.069444519985053
 30
0.0
 10
3.151388935848242
 20
5.011111185782485
 30
0.0
 10
3.156944491486582
 20
4.968055629585351
 30
0.0
 10
3.156944491486582
 20
4.905555628654028
 30
0.0
 10
3.156944491486582
 20
4.87777785046233
 30
0.0
 10
3.161111158215337
 20
4.86666673918565
 30
0.0
 10
3.169444491672846
 20
4.87777785046233
 30
0.0
 10
3.176388936220771
 20
4.890277850648595
 30
0.0
 10
3.180555602949526
 20
4.886111183919839
 30
0.0
 10
3.180555602949526
 20
4.865277850276066
 30
0.0
 10
3.180555602949526
 20
4.847222294451461
 30
0.0
 10
3.175000047311186
 20
4.833333405355611
 30
0.0
 10
3.166666713853676
 20
4.833333405355611
 30
0.0
 10
3.159722269305752
 20
4.833333405355611
 30
0.0
 10
3.152777824757827
 20
4.826388960807687
 30
0.0
 10
3.152777824757827
 20
4.818055627350177
 30
0.0
 10
3.152777824757827
 20
4.811111182802252
 30
0.0
 10
3.158333380396167
 20
4.806944516073498
 30
0.0
 10
3.163888936034506
 20
4.811111182802252
 30
0.0
 10
3.170833380582431
 20
4.815277849531008
 30
0.0
 10
3.183333380768696
 20
4.779166737881799
 30
0.0
 10
3.19305560313579
 20
4.731944514955911
 30
0.0
 10
3.20416671441247
 20
4.684722292030023
 30
0.0
 10
3.220833381327489
 20
4.61111117982202
 30
0.0
 10
3.230555603694584
 20
4.569444512534472
 30
0.0
 10
3.241666714971263
 20
4.526388956337338
 30
0.0
 10
3.250000048428773
 20
4.47638895559228
 30
0.0
 10
3.250000048428773
 20
4.458333399767676
 30
0.0
 10
3.250000048428773
 20
4.438888955033487
 30
0.0
 10
3.251388937338358
 20
4.408333399022618
 30
0.0
 10
3.252777826247943
 20
4.388888954288429
 30
0.0
 10
3.256944492976698
 20
4.35833339827756
 30
0.0
 10
3.252777826247943
 20
4.354166731548805
 30
0.0
 10
3.219444492417904
 20
4.35833339827756
 30
0.0
 10
3.170833380582431
 20
4.3638889539159
 30
0.0
 10
3.168055602763261
 20
4.337500064633786
 30
0.0
 10
3.215277825689149
 20
4.325000064447522
 30
0.0
 10
3.263888937524622
 20
4.312500064261257
 30
0.0
 10
3.291666715716321
 20
4.327777842266692
 30
0.0
 10
3.291666715716321
 20
4.3638889539159
 30
0.0
 10
3.291666715716321
 20
4.381944509740504
 30
0.0
 10
3.276388937710887
 20
4.47361117777311
 30
0.0
 10
3.256944492976698
 20
4.569444512534472
 30
0.0
 10
3.219444492417904
 20
4.752777848599685
 30
0.0
 10
3.161111158215337
 20
5.105555631634261
 30
0.0
 10
3.145833380209902
 20
5.240277855864001
 30
0.0
 10
3.131944491114053
 20
5.359722302088306
 30
0.0
 10
3.106944490741524
 20
5.340277857354117
 30
0.0
 10
3.118055602018203
 20
5.219444522220227
 30
0.0
  0
HATCH
  5
123
330
79
100
AcDbEntity
  8
Layer 1
 62
    18
420
        0
440
 33554687
100
AcDbHatch
 10
0.0
 20
0.0
 30
0.0
210
0.0
220
0.0
230
1.0
  2
SOLID
 70
     1
 71
     1
 91
        1
 92
        1
 93
        1
 72
     4
 94
        3
 73
     0
 74
     0
 95
       56
 96
       52
 40
0.0
 40
0.0
 40
0.0
 40
0.0
 40
1.0
 40
1.0
 40
1.0
 40
2.0
 40
2.0
 40
2.0
 40
3.0
 40
3.0
 40
3.0
 40
4.0
 40
4.0
 40
4.0
 40
5.0
 40
5.0
 40
5.0
 40
6.0
 40
6.0
 40
6.0
 40
7.0
 40
7.0
 40
7.0
 40
8.0
 40
8.0
 40
8.0
 40
9.0
 40
9.0
 40
9.0
 40
10.0
 40
10.0
 40
10.0
 40
11.0
 40
11.0
 40
11.0
 40
12.0
 40
12.0
 40
12.0
 40
13.0
 40
13.0
 40
13.0
 40
14.0
 40
14.0
 40
14.0
 40
15.0
 40
15.0
 40
15.0
 40
16.0
 40
16.0
 40
16.0
 40
17.0
 40
17.0
 40
17.0
 40
17.0
 10
3.118055602018203
 20
5.219444522220227
 10
3.122222268746958
 20
5.163888965836829
 10
3.131944491114053
 20
5.095833409267166
 10
3.137500046752393
 20
5.069444519985053
 10
3.151388935848242
 20
5.011111185782485
 10
3.156944491486582
 20
4.968055629585351
 10
3.156944491486582
 20
4.905555628654028
 10
3.156944491486582
 20
4.87777785046233
 10
3.161111158215337
 20
4.86666673918565
 10
3.169444491672846
 20
4.87777785046233
 10
3.176388936220771
 20
4.890277850648595
 10
3.180555602949526
 20
4.886111183919839
 10
3.180555602949526
 20
4.865277850276066
 10
3.180555602949526
 20
4.847222294451461
 10
3.175000047311186
 20
4.833333405355611
 10
3.166666713853676
 20
4.833333405355611
 10
3.159722269305752
 20
4.833333405355611
 10
3.152777824757827
 20
4.826388960807687
 10
3.152777824757827
 20
4.818055627350177
 10
3.152777824757827
 20
4.811111182802252
 10
3.158333380396167
 20
4.806944516073498
 10
3.163888936034506
 20
4.811111182802252
 10
3.170833380582431
 20
4.815277849531008
 10
3.183333380768696
 20
4.779166737881799
 10
3.19305560313579
 20
4.731944514955911
 10
3.20416671441247
 20
4.684722292030023
 10
3.220833381327489
 20
4.61111117982202
 10
3.230555603694584
 20
4.569444512534472
 10
3.241666714971263
 20
4.526388956337338
 10
3.250000048428773
 20
4.47638895559228
 10
3.250000048428773
 20
4.458333399767676
 10
3.250000048428773
 20
4.438888955033487
 10
3.251388937338358
 20
4.408333399022618
 10
3.252777826247943
 20
4.388888954288429
 10
3.256944492976698
 20
4.35833339827756
 10
3.252777826247943
 20
4.354166731548805
 10
3.219444492417904
 20
4.35833339827756
 10
3.170833380582431
 20
4.3638889539159
 10
3.168055602763261
 20
4.337500064633786
 10
3.215277825689149
 20
4.325000064447522
 10
3.263888937524622
 20
4.312500064261257
 10
3.291666715716321
 20
4.327777842266692
 10
3.291666715716321
 20
4.3638889539159
 10
3.291666715716321
 20
4.381944509740504
 10
3.276388937710887
 20
4.47361117777311
 10
3.256944492976698
 20
4.569444512534472
 10
3.219444492417904
 20
4.752777848599685
 10
3.161111158215337
 20
5.105555631634261
 10
3.145833380209902
 20
5.240277855864001
 10
3.131944491114053
 20
5.359722302088306
 10
3.106944490741524
 20
5.340277857354117
 10
3.118055602018203
 20
5.219444522220227
 97
        0
 97
        1
330
122
 75
     2
 76
     1
 98
        1
 10
0.0
 20
0.0
450
        0
451
        0
460
0.0
461
0.0
452
        0
462
0.0
453
        0
470

  0
SPLINE
  5
124
330
79
100
AcDbEntity
  8
Layer 1
100
AcDbSpline
210
0.0
220
0.0
230
1.0
 70
     9
 71
     3
 72
    14
 73
    10
 74
     0
 42
0.0000000001
 43
0.0000000001
 40
0.0
 40
0.0
 40
0.0
 40
0.0
 40
1.0
 40
1.0
 40
1.0
 40
2.0
 40
2.0
 40
2.0
 40
3.0
 40
3.0
 40
3.0
 40
3.0
 10
4.925000073388218
 20
5.301388967885738
 30
0.0
 10
4.929166740116973
 20
5.287500078789889
 30
0.0
 10
4.937500073574483
 20
5.280555634241964
 30
0.0
 10
4.941666740303237
 20
5.284722300970719
 30
0.0
 10
4.945833407031992
 20
5.288888967699474
 30
0.0
 10
4.941666740303237
 20
5.300000078976154
 30
0.0
 10
4.931944517936143
 20
5.309722301343248
 30
0.0
 10
4.918055628840293
 20
5.322222301529513
 30
0.0
 10
4.916666739930708
 20
5.320833412619927
 30
0.0
 10
4.925000073388218
 20
5.301388967885738
 30
0.0
  0
HATCH
  5
125
330
79
100
AcDbEntity
  8
Layer 1
 62
    18
420
        0
440
 33554687
100
AcDbHatch
 10
0.0
 20
0.0
 30
0.0
210
0.0
220
0.0
230
1.0
  2
SOLID
 70
     1
 71
     1
 91
        1
 92
        1
 93
        1
 72
     4
 94
        3
 73
     0
 74
     0
 95
       14
 96
       10
 40
0.0
 40
0.0
 40
0.0
 40
0.0
 40
1.0
 40
1.0
 40
1.0
 40
2.0
 40
2.0
 40
2.0
 40
3.0
 40
3.0
 40
3.0
 40
3.0
 10
4.925000073388218
 20
5.301388967885738
 10
4.929166740116973
 20
5.287500078789889
 10
4.937500073574483
 20
5.280555634241964
 10
4.941666740303237
 20
5.284722300970719
 10
4.945833407031992
 20
5.288888967699474
 10
4.941666740303237
 20
5.300000078976154
 10
4.931944517936143
 20
5.309722301343248
 10
4.918055628840293
 20
5.322222301529513
 10
4.916666739930708
 20
5.320833412619927
 10
4.925000073388218
 20
5.301388967885738
 97
        0
 97
        1
330
124
 75
     2
 76
     1
 98
        1
 10
0.0
 20
0.0
450
        0
451
        0
460
0.0
461
0.0
452
        0
462
0.0
453
        0
470

  0
SPLINE
  5
126
330
79
100
AcDbEntity
  8
Layer 1
100
AcDbSpline
210
0.0
220
0.0
230
1.0
 70
     9
 71
     3
 72
    41
 73
    37
 74
     0
 42
0.0000000001
 43
0.0000000001
 40
0.0
 40
0.0
 40
0.0
 40
0.0
 40
1.0
 40
1.0
 40
1.0
 40
2.0
 40
2.0
 40
2.0
 40
3.0
 40
3.0
 40
3.0
 40
4.0
 40
4.0
 40
4.0
 40
5.0
 40
5.0
 40
5.0
 40
6.0
 40
6.0
 40
6.0
 40
7.0
 40
7.0
 40
7.0
 40
8.0
 40
8.0
 40
8.0
 40
9.0
 40
9.0
 40
9.0
 40
10.0
 40
10.0
 40
10.0
 40
11.0
 40
11.0
 40
11.0
 40
12.0
 40
12.0
 40
12.0
 40
12.0
 10
1.833333360652128
 20
0.9583333476136127
 30
0.0
 10
1.815277804827524
 20
0.9458333474273482
 30
0.0
 10
1.815277804827524
 20
0.9444444585177633
 30
0.0
 10
1.833333360652128
 20
0.9444444585177633
 30
0.0
 10
1.911111139588885
 20
0.9402777917890084
 30
0.0
 10
1.983333362887302
 20
0.9250000137835741
 30
0.0
 10
2.004166696531076
 20
0.9055555690493848
 30
0.0
 10
2.016666696717341
 20
0.8944444577727052
 30
0.0
 10
2.025000030174851
 20
0.8819444575864407
 30
0.0
 10
2.022222252355681
 20
0.8777777908576858
 30
0.0
 10
2.018055585626926
 20
0.875000013038516
 30
0.0
 10
2.005555585440661
 20
0.8819444575864407
 30
0.0
 10
1.993055585254397
 20
0.8944444577727052
 30
0.0
 10
1.980555585068133
 20
0.9069444579589697
 30
0.0
 10
1.959722251424358
 20
0.9166666803260643
 30
0.0
 10
1.947222251238094
 20
0.9166666803260643
 30
0.0
 10
1.92638891759432
 20
0.9166666803260643
 30
0.0
 10
1.92638891759432
 20
0.9138889025068944
 30
0.0
 10
1.944444473418924
 20
0.9027777912302148
 30
0.0
 10
1.956944473605188
 20
0.8944444577727052
 30
0.0
 10
1.958333362514773
 20
0.8888889021343654
 30
0.0
 10
1.948611140147679
 20
0.8888889021343654
 30
0.0
 10
1.940277806690169
 20
0.8888889021343654
 30
0.0
 10
1.92361113977515
 20
0.897222235591875
 30
0.0
 10
1.913888917408055
 20
0.9069444579589697
 30
0.0
 10
1.90416669504096
 20
0.9166666803260643
 30
0.0
 10
1.873611139030092
 20
0.926388902693159
 30
0.0
 10
1.847222249747978
 20
0.9291666805123288
 30
0.0
 10
1.820833360465864
 20
0.9305555694219139
 30
0.0
 10
1.795833360093335
 20
0.9361111250602537
 30
0.0
 10
1.79166669336458
 20
0.9388889028794235
 30
0.0
 10
1.784722248816655
 20
0.9472222363369331
 30
0.0
 10
1.820833360465864
 20
0.9722222367094621
 30
0.0
 10
1.840277805200053
 20
0.9722222367094621
 30
0.0
 10
1.848611138657563
 20
0.9722222367094621
 30
0.0
 10
1.844444471928808
 20
0.9652777921615374
 30
0.0
 10
1.833333360652128
 20
0.9583333476136127
 30
0.0
  0
SPLINE
  5
127
330
79
100
AcDbEntity
  8
Layer 1
100
AcDbSpline
210
0.0
220
0.0
230
1.0
 70
     9
 71
     3
 72
    20
 73
    16
 74
     0
 42
0.0000000001
 43
0.0000000001
 40
0.0
 40
0.0
 40
0.0
 40
0.0
 40
1.0
 40
1.0
 40
1.0
 40
2.0
 40
2.0
 40
2.0
 40
3.0
 40
3.0
 40
3.0
 40
4.0
 40
4.0
 40
4.0
 40
5.0
 40
5.0
 40
5.0
 40
5.0
 10
1.756944470624956
 20
0.9722222367094621
 30
0.0
 10
1.756944470624956
 20
0.9722222367094621
 30
0.0
 10
1.784722248816655
 20
0.9597222365231976
 30
0.0
 10
1.784722248816655
 20
0.9597222365231976
 30
0.0
 10
1.784722248816655
 20
0.9597222365231976
 30
0.0
 10
1.756944470624956
 20
0.9597222365231976
 30
0.0
 10
1.756944470624956
 20
0.9597222365231976
 30
0.0
 10
1.741666692619522
 20
0.9597222365231976
 30
0.0
 10
1.719444470066163
 20
0.9652777921615374
 30
0.0
 10
1.708333358789483
 20
0.9722222367094621
 30
0.0
 10
1.690277802964879
 20
0.9847222368957266
 30
0.0
 10
1.690277802964879
 20
0.9861111258053117
 30
0.0
 10
1.708333358789483
 20
0.9847222368957266
 30
0.0
 10
1.719444470066163
 20
0.9847222368957266
 30
0.0
 10
1.741666692619522
 20
0.9791666812573868
 30
0.0
 10
1.756944470624956
 20
0.9722222367094621
 30
0.0
  0
SPLINE
  5
128
330
79
100
AcDbEntity
  8
Layer 1
100
AcDbSpline
210
0.0
220
0.0
230
1.0
 70
     9
 71
     3
 72
    17
 73
    13
 74
     0
 42
0.0000000001
 43
0.0000000001
 40
0.0
 40
0.0
 40
0.0
 40
0.0
 40
1.0
 40
1.0
 40
1.0
 40
2.0
 40
2.0
 40
2.0
 40
3.0
 40
3.0
 40
3.0
 40
4.0
 40
4.0
 40
4.0
 40
4.0
 10
1.666666691501935
 20
1.01666668181618
 30
0.0
 10
1.666666691501935
 20
1.009722237268255
 30
0.0
 10
1.65694446913484
 20
1.004166681629915
 30
0.0
 10
1.64583335785816
 20
1.004166681629915
 30
0.0
 10
1.634722246581481
 20
1.004166681629915
 30
0.0
 10
1.629166690943141
 20
1.009722237268255
 30
0.0
 10
1.633333357671896
 20
1.01666668181618
 30
0.0
 10
1.637500024400651
 20
1.02222223745452
 30
0.0
 10
1.64583335785816
 20
1.027777793092859
 30
0.0
 10
1.65416669131567
 20
1.027777793092859
 30
0.0
 10
1.661111135863595
 20
1.027777793092859
 30
0.0
 10
1.666666691501935
 20
1.02222223745452
 30
0.0
 10
1.666666691501935
 20
1.01666668181618
 30
0.0
  0
SPLINE
  5
129
330
79
100
AcDbEntity
  8
Layer 1
100
AcDbSpline
210
0.0
220
0.0
230
1.0
 70
     9
 71
     3
 72
    23
 73
    19
 74
     0
 42
0.0000000001
 43
0.0000000001
 40
0.0
 40
0.0
 40
0.0
 40
0.0
 40
1.0
 40
1.0
 40
1.0
 40
2.0
 40
2.0
 40
2.0
 40
3.0
 40
3.0
 40
3.0
 40
4.0
 40
4.0
 40
4.0
 40
5.0
 40
5.0
 40
5.0
 40
6.0
 40
6.0
 40
6.0
 40
6.0
 10
1.597222246022687
 20
1.041666682188709
 30
0.0
 10
1.580555579107668
 20
1.030555570912029
 30
0.0
 10
1.580555579107668
 20
1.027777793092859
 30
0.0
 10
1.595833357113102
 20
1.027777793092859
 30
0.0
 10
1.606944468389782
 20
1.027777793092859
 30
0.0
 10
1.612500024028122
 20
1.02500001527369
 30
0.0
 10
1.608333357299367
 20
1.020833348544935
 30
0.0
 10
1.604166690570612
 20
1.01666668181618
 30
0.0
 10
1.590277801474763
 20
1.018055570725765
 30
0.0
 10
1.577777801288498
 20
1.02222223745452
 30
0.0
 10
1.558333356554309
 20
1.029166682002444
 30
0.0
 10
1.556944467644724
 20
1.034722237640784
 30
0.0
 10
1.572222245650158
 20
1.043055571098294
 30
0.0
 10
1.581944468017253
 20
1.050000015646219
 30
0.0
 10
1.597222246022687
 20
1.055555571284559
 30
0.0
 10
1.604166690570612
 20
1.055555571284559
 30
0.0
 10
1.612500024028122
 20
1.055555571284559
 30
0.0
 10
1.608333357299367
 20
1.048611126736634
 30
0.0
 10
1.597222246022687
 20
1.041666682188709
 30
0.0
  0
SPLINE
  5
12A
330
79
100
AcDbEntity
  8
Layer 1
100
AcDbSpline
210
0.0
220
0.0
230
1.0
 70
     9
 71
     3
 72
    20
 73
    16
 74
     0
 42
0.0000000001
 43
0.0000000001
 40
0.0
 40
0.0
 40
0.0
 40
0.0
 40
1.0
 40
1.0
 40
1.0
 40
2.0
 40
2.0
 40
2.0
 40
3.0
 40
3.0
 40
3.0
 40
4.0
 40
4.0
 40
4.0
 40
5.0
 40
5.0
 40
5.0
 40
5.0
 10
1.472222244160042
 20
1.112500016577541
 30
0.0
 10
1.472222244160042
 20
1.098611127481692
 30
0.0
 10
1.526388911633855
 20
1.075000016018748
 30
0.0
 10
1.545833356368044
 20
1.080555571657088
 30
0.0
 10
1.552777800915969
 20
1.081944460566673
 30
0.0
 10
1.554166689825554
 20
1.077777793837918
 30
0.0
 10
1.548611134187214
 20
1.069444460380408
 30
0.0
 10
1.543055578548875
 20
1.061111126922898
 30
0.0
 10
1.519444467085931
 20
1.066666682561238
 30
0.0
 10
1.484722244346307
 20
1.083333349476257
 30
0.0
 10
1.427777799053324
 20
1.113888905487126
 30
0.0
 10
1.418055576686229
 20
1.125000016763806
 30
0.0
 10
1.451388910516268
 20
1.125000016763806
 30
0.0
 10
1.462500021792948
 20
1.125000016763806
 30
0.0
 10
1.472222244160042
 20
1.119444461125466
 30
0.0
 10
1.472222244160042
 20
1.112500016577541
 30
0.0
  0
SPLINE
  5
12B
330
79
100
AcDbEntity
  8
Layer 1
100
AcDbSpline
210
0.0
220
0.0
230
1.0
 70
     9
 71
     3
 72
    17
 73
    13
 74
     0
 42
0.0000000001
 43
0.0000000001
 40
0.0
 40
0.0
 40
0.0
 40
0.0
 40
1.0
 40
1.0
 40
1.0
 40
2.0
 40
2.0
 40
2.0
 40
3.0
 40
3.0
 40
3.0
 40
4.0
 40
4.0
 40
4.0
 40
4.0
 10
1.416666687776644
 20
1.130555572402146
 30
0.0
 10
1.416666687776644
 20
1.127777794582976
 30
0.0
 10
1.39861113195204
 20
1.133333350221315
 30
0.0
 10
1.375000020489096
 20
1.14583335040758
 30
0.0
 10
1.352777797935737
 20
1.158333350593844
 30
0.0
 10
1.333333353201548
 20
1.170833350780109
 30
0.0
 10
1.333333353201548
 20
1.175000017508864
 30
0.0
 10
1.333333353201548
 20
1.177777795328034
 30
0.0
 10
1.352777797935737
 20
1.172222239689694
 30
0.0
 10
1.375000020489096
 20
1.159722239503429
 30
0.0
 10
1.39861113195204
 20
1.147222239317165
 30
0.0
 10
1.416666687776644
 20
1.1347222391309
 30
0.0
 10
1.416666687776644
 20
1.130555572402146
 30
0.0
  0
SPLINE
  5
12C
330
79
100
AcDbEntity
  8
Layer 1
100
AcDbSpline
210
0.0
220
0.0
230
1.0
 70
     9
 71
     3
 72
    14
 73
    10
 74
     0
 42
0.0000000001
 43
0.0000000001
 40
0.0
 40
0.0
 40
0.0
 40
0.0
 40
1.0
 40
1.0
 40
1.0
 40
2.0
 40
2.0
 40
2.0
 40
3.0
 40
3.0
 40
3.0
 40
3.0
 10
1.327777797563208
 20
1.197222240062223
 30
0.0
 10
1.318055575196113
 20
1.187500017695128
 30
0.0
 10
1.2638889077223
 20
1.209722240248487
 30
0.0
 10
1.2638889077223
 20
1.222222240434752
 30
0.0
 10
1.2638889077223
 20
1.229166684982677
 30
0.0
 10
1.279166685727735
 20
1.227777796073092
 30
0.0
 10
1.298611130461924
 20
1.219444462615582
 30
0.0
 10
1.318055575196113
 20
1.211111129158072
 30
0.0
 10
1.330555575382378
 20
1.201388906790978
 30
0.0
 10
1.327777797563208
 20
1.197222240062223
 30
0.0
  0
SPLINE
  5
12D
330
79
100
AcDbEntity
  8
Layer 1
100
AcDbSpline
210
0.0
220
0.0
230
1.0
 70
     9
 71
     3
 72
    14
 73
    10
 74
     0
 42
0.0000000001
 43
0.0000000001
 40
0.0
 40
0.0
 40
0.0
 40
0.0
 40
1.0
 40
1.0
 40
1.0
 40
2.0
 40
2.0
 40
2.0
 40
3.0
 40
3.0
 40
3.0
 40
3.0
 10
1.215277795886827
 20
1.276388907908565
 30
0.0
 10
1.230555573892262
 20
1.254166685355206
 30
0.0
 10
1.216666684796412
 20
1.250000018626451
 30
0.0
 10
1.197222240062223
 20
1.27222224117981
 30
0.0
 10
1.187500017695128
 20
1.28333335245649
 30
0.0
 10
1.186111128785543
 20
1.291666685913999
 30
0.0
 10
1.193055573333468
 20
1.291666685913999
 30
0.0
 10
1.200000017881393
 20
1.291666685913999
 30
0.0
 10
1.211111129158072
 20
1.284722241366075
 30
0.0
 10
1.215277795886827
 20
1.276388907908565
 30
0.0
  0
SPLINE
  5
12E
330
79
100
AcDbEntity
  8
Layer 1
100
AcDbSpline
210
0.0
220
0.0
230
1.0
 70
    11
 71
     3
 72
    17
 73
    13
 74
     0
 42
0.0000000001
 43
0.0000000001
 40
0.0
 40
0.0
 40
0.0
 40
0.0
 40
1.0
 40
1.0
 40
1.0
 40
2.0
 40
2.0
 40
2.0
 40
3.0
 40
3.0
 40
3.0
 40
4.0
 40
4.0
 40
4.0
 40
4.0
 10
1.111111127667956
 20
1.381944465037021
 30
0.0
 10
1.129166683492561
 20
1.362500020302832
 30
0.0
 10
1.14027779476924
 20
1.347222242297397
 30
0.0
 10
1.136111128040485
 20
1.347222242297397
 30
0.0
 10
1.133333350221315
 20
1.347222242297397
 30
0.0
 10
1.115277794396711
 20
1.362500020302832
 30
0.0
 10
1.097222238572107
 20
1.381944465037021
 30
0.0
 10
1.079166682747503
 20
1.40138890977121
 30
0.0
 10
1.068055571470823
 20
1.416666687776644
 30
0.0
 10
1.072222238199578
 20
1.416666687776644
 30
0.0
 10
1.075000016018748
 20
1.416666687776644
 30
0.0
 10
1.093055571843352
 20
1.40138890977121
 30
0.0
 10
1.111111127667956
 20
1.381944465037021
 30
0.0
  0
SPLINE
  5
12F
330
79
100
AcDbEntity
  8
Layer 1
100
AcDbSpline
210
0.0
220
0.0
230
1.0
 70
     9
 71
     3
 72
    17
 73
    13
 74
     0
 42
0.0000000001
 43
0.0000000001
 40
0.0
 40
0.0
 40
0.0
 40
0.0
 40
1.0
 40
1.0
 40
1.0
 40
2.0
 40
2.0
 40
2.0
 40
3.0
 40
3.0
 40
3.0
 40
4.0
 40
4.0
 40
4.0
 40
4.0
 10
1.048611126736634
 20
1.430555576872494
 30
0.0
 10
1.052777793465389
 20
1.423611132324569
 30
0.0
 10
1.051388904555804
 20
1.416666687776644
 30
0.0
 10
1.043055571098294
 20
1.416666687776644
 30
0.0
 10
1.036111126550369
 20
1.416666687776644
 30
0.0
 10
1.02500001527369
 20
1.423611132324569
 30
0.0
 10
1.020833348544935
 20
1.430555576872494
 30
0.0
 10
1.01666668181618
 20
1.438888910330003
 30
0.0
 10
1.018055570725765
 20
1.444444465968343
 30
0.0
 10
1.026388904183275
 20
1.444444465968343
 30
0.0
 10
1.033333348731199
 20
1.444444465968343
 30
0.0
 10
1.044444460007879
 20
1.438888910330003
 30
0.0
 10
1.048611126736634
 20
1.430555576872494
 30
0.0
  0
SPLINE
  5
130
330
79
100
AcDbEntity
  8
Layer 1
100
AcDbSpline
210
0.0
220
0.0
230
1.0
 70
     9
 71
     3
 72
    14
 73
    10
 74
     0
 42
0.0000000001
 43
0.0000000001
 40
0.0
 40
0.0
 40
0.0
 40
0.0
 40
1.0
 40
1.0
 40
1.0
 40
2.0
 40
2.0
 40
2.0
 40
3.0
 40
3.0
 40
3.0
 40
3.0
 10
0.9736111256190472
 20
1.53888891182012
 30
0.0
 10
1.00277779272033
 20
1.504166689080496
 30
0.0
 10
1.031944459821614
 20
1.458333355064193
 30
0.0
 10
1.023611126364105
 20
1.458333355064193
 30
0.0
 10
1.020833348544935
 20
1.458333355064193
 30
0.0
 10
0.9986111259915762
 20
1.483333355436722
 30
0.0
 10
0.9736111256190472
 20
1.513888911447591
 30
0.0
 10
0.9277777916027439
 20
1.572222245650158
 30
0.0
 10
0.9277777916027439
 20
1.593055579293933
 30
0.0
 10
0.9736111256190472
 20
1.53888891182012
 30
0.0
  0
SPLINE
  5
131
330
79
100
AcDbEntity
  8
Layer 1
100
AcDbSpline
210
0.0
220
0.0
230
1.0
 70
     9
 71
     3
 72
    20
 73
    16
 74
     0
 42
0.0000000001
 43
0.0000000001
 40
0.0
 40
0.0
 40
0.0
 40
0.0
 40
1.0
 40
1.0
 40
1.0
 40
2.0
 40
2.0
 40
2.0
 40
3.0
 40
3.0
 40
3.0
 40
4.0
 40
4.0
 40
4.0
 40
5.0
 40
5.0
 40
5.0
 40
5.0
 10
0.9083333468685546
 20
1.608333357299367
 30
0.0
 10
0.9055555690493848
 20
1.604166690570612
 30
0.0
 10
0.9111111246877246
 20
1.595833357113102
 30
0.0
 10
0.9194444581452343
 20
1.593055579293933
 30
0.0
 10
0.9333333472410837
 20
1.587500023655593
 30
0.0
 10
0.9333333472410837
 20
1.584722245836423
 30
0.0
 10
0.9208333470548192
 20
1.584722245836423
 30
0.0
 10
0.9111111246877246
 20
1.583333356926838
 30
0.0
 10
0.8930555688631203
 20
1.604166690570612
 30
0.0
 10
0.8805555686768558
 20
1.629166690943141
 30
0.0
 10
0.8583333461234966
 20
1.67361113604986
 30
0.0
 10
0.8583333461234966
 20
1.67361113604986
 30
0.0
 10
0.8861111243151956
 20
1.64583335785816
 30
0.0
 10
0.900000013411045
 20
1.630555579852726
 30
0.0
 10
0.9111111246877246
 20
1.613888912937707
 30
0.0
 10
0.9083333468685546
 20
1.608333357299367
 30
0.0
  0
SPLINE
  5
132
330
79
100
AcDbEntity
  8
Layer 1
100
AcDbSpline
210
0.0
220
0.0
230
1.0
 70
     9
 71
     3
 72
    20
 73
    16
 74
     0
 42
0.0000000001
 43
0.0000000001
 40
0.0
 40
0.0
 40
0.0
 40
0.0
 40
1.0
 40
1.0
 40
1.0
 40
2.0
 40
2.0
 40
2.0
 40
3.0
 40
3.0
 40
3.0
 40
4.0
 40
4.0
 40
4.0
 40
5.0
 40
5.0
 40
5.0
 40
5.0
 10
0.823611123383873
 20
1.720833358975748
 30
0.0
 10
0.8291666790222127
 20
1.702777803151143
 30
0.0
 10
0.8375000124797224
 20
1.695833358603219
 30
0.0
 10
0.8486111237564021
 20
1.702777803151143
 30
0.0
 10
0.8597222350330815
 20
1.708333358789483
 30
0.0
 10
0.8625000128522515
 20
1.706944469879898
 30
0.0
 10
0.8555555683043268
 20
1.695833358603219
 30
0.0
 10
0.850000012665987
 20
1.687500025145709
 30
0.0
 10
0.8388889013893074
 20
1.683333358416954
 30
0.0
 10
0.8319444568413826
 20
1.687500025145709
 30
0.0
 10
0.8125000121071934
 20
1.700000025331974
 30
0.0
 10
0.7888889006442494
 20
1.750000026077032
 30
0.0
 10
0.8027777897400987
 20
1.750000026077032
 30
0.0
 10
0.8111111231976085
 20
1.750000026077032
 30
0.0
 10
0.8194444566551181
 20
1.737500025890767
 30
0.0
 10
0.823611123383873
 20
1.720833358975748
 30
0.0
  0
SPLINE
  5
133
330
79
100
AcDbEntity
  8
Layer 1
100
AcDbSpline
210
0.0
220
0.0
230
1.0
 70
    11
 71
     3
 72
    14
 73
    10
 74
     0
 42
0.0000000001
 43
0.0000000001
 40
0.0
 40
0.0
 40
0.0
 40
0.0
 40
1.0
 40
1.0
 40
1.0
 40
2.0
 40
2.0
 40
2.0
 40
3.0
 40
3.0
 40
3.0
 40
3.0
 10
0.7791666782771547
 20
1.795833360093335
 30
0.0
 10
0.797222234101759
 20
1.773611137539976
 30
0.0
 10
0.7958333451921741
 20
1.772222248630391
 30
0.0
 10
0.7750000115484
 20
1.790277804454995
 30
0.0
 10
0.7611111224525505
 20
1.80000002682209
 30
0.0
 10
0.7500000111758709
 20
1.811111138098769
 30
0.0
 10
0.7500000111758709
 20
1.813888915917939
 30
0.0
 10
0.7500000111758709
 20
1.825000027194619
 30
0.0
 10
0.7611111224525505
 20
1.818055582646694
 30
0.0
 10
0.7791666782771547
 20
1.795833360093335
 30
0.0
  0
SPLINE
  5
134
330
79
100
AcDbEntity
  8
Layer 1
100
AcDbSpline
210
0.0
220
0.0
230
1.0
 70
     9
 71
     3
 72
    17
 73
    13
 74
     0
 42
0.0000000001
 43
0.0000000001
 40
0.0
 40
0.0
 40
0.0
 40
0.0
 40
1.0
 40
1.0
 40
1.0
 40
2.0
 40
2.0
 40
2.0
 40
3.0
 40
3.0
 40
3.0
 40
4.0
 40
4.0
 40
4.0
 40
4.0
 10
0.7500000111758709
 20
1.883333361397186
 30
0.0
 10
0.7500000111758709
 20
1.879166694668431
 30
0.0
 10
0.744444455537531
 20
1.872222250120507
 30
0.0
 10
0.7361111220800214
 20
1.868055583391752
 30
0.0
 10
0.7291666775320966
 20
1.863888916662997
 30
0.0
 10
0.722222232984172
 20
1.866666694482167
 30
0.0
 10
0.722222232984172
 20
1.873611139030092
 30
0.0
 10
0.722222232984172
 20
1.881944472487601
 30
0.0
 10
0.7291666775320966
 20
1.888888917035526
 30
0.0
 10
0.7361111220800214
 20
1.888888917035526
 30
0.0
 10
0.744444455537531
 20
1.888888917035526
 30
0.0
 10
0.7500000111758709
 20
1.886111139216356
 30
0.0
 10
0.7500000111758709
 20
1.883333361397186
 30
0.0
  0
SPLINE
  5
135
330
79
100
AcDbEntity
  8
Layer 1
100
AcDbSpline
210
0.0
220
0.0
230
1.0
 70
     9
 71
     3
 72
    14
 73
    10
 74
     0
 42
0.0000000001
 43
0.0000000001
 40
0.0
 40
0.0
 40
0.0
 40
0.0
 40
1.0
 40
1.0
 40
1.0
 40
2.0
 40
2.0
 40
2.0
 40
3.0
 40
3.0
 40
3.0
 40
3.0
 10
0.722222232984172
 20
1.91250002849847
 30
0.0
 10
0.722222232984172
 20
1.90694447286013
 30
0.0
 10
0.7138888995266623
 20
1.9097222506793
 30
0.0
 10
0.7027777882499828
 20
1.919444473046395
 30
0.0
 10
0.6916666769733031
 20
1.92916669541349
 30
0.0
 10
0.6861111213349634
 20
1.943055584509339
 30
0.0
 10
0.6902777880637183
 20
1.950000029057264
 30
0.0
 10
0.697222232611643
 20
1.961111140333943
 30
0.0
 10
0.722222232984172
 20
1.933333362142244
 30
0.0
 10
0.722222232984172
 20
1.91250002849847
 30
0.0
  0
SPLINE
  5
136
330
79
100
AcDbEntity
  8
Layer 1
100
AcDbSpline
210
0.0
220
0.0
230
1.0
 70
     9
 71
     3
 72
    20
 73
    16
 74
     0
 42
0.0000000001
 43
0.0000000001
 40
0.0
 40
0.0
 40
0.0
 40
0.0
 40
1.0
 40
1.0
 40
1.0
 40
2.0
 40
2.0
 40
2.0
 40
3.0
 40
3.0
 40
3.0
 40
4.0
 40
4.0
 40
4.0
 40
5.0
 40
5.0
 40
5.0
 40
5.0
 10
0.6750000100582838
 20
1.962500029243528
 30
0.0
 10
0.6722222322391139
 20
1.958333362514773
 30
0.0
 10
0.6625000098720193
 20
1.979166696158548
 30
0.0
 10
0.6527777875049247
 20
2.005555585440661
 30
0.0
 10
0.6444444540474149
 20
2.03333336363236
 30
0.0
 10
0.6319444538611504
 20
2.055555586185719
 30
0.0
 10
0.6250000093132258
 20
2.055555586185719
 30
0.0
 10
0.6194444536748859
 20
2.055555586185719
 30
0.0
 10
0.616666675855716
 20
2.069444475281569
 30
0.0
 10
0.6222222314940559
 20
2.086111142196588
 30
0.0
 10
0.6277777871323957
 20
2.111111142569118
 30
0.0
 10
0.6347222316803204
 20
2.102777809111608
 30
0.0
 10
0.6555555653240946
 20
2.04166669708987
 30
0.0
 10
0.669444454419944
 20
2.001388918711907
 30
0.0
 10
0.6777777878774537
 20
1.965277807062698
 30
0.0
 10
0.6750000100582838
 20
1.962500029243528
 30
0.0
  0
SPLINE
  5
137
330
79
100
AcDbEntity
  8
Layer 1
100
AcDbSpline
210
0.0
220
0.0
230
1.0
 70
    11
 71
     3
 72
    17
 73
    13
 74
     0
 42
0.0000000001
 43
0.0000000001
 40
0.0
 40
0.0
 40
0.0
 40
0.0
 40
1.0
 40
1.0
 40
1.0
 40
2.0
 40
2.0
 40
2.0
 40
3.0
 40
3.0
 40
3.0
 40
4.0
 40
4.0
 40
4.0
 40
4.0
 10
0.6125000091269613
 20
2.131944476212892
 30
0.0
 10
0.6194444536748859
 20
2.136111142941647
 30
0.0
 10
0.6208333425844709
 20
2.130555587303307
 30
0.0
 10
0.616666675855716
 20
2.119444476026627
 30
0.0
 10
0.6055555645790366
 20
2.088888920015758
 30
0.0
 10
0.5833333420256773
 20
2.105555586930778
 30
0.0
 10
0.5847222309352623
 20
2.143055587489571
 30
0.0
 10
0.5861111198448472
 20
2.166666698952515
 30
0.0
 10
0.5875000087544322
 20
2.1680555878621
 30
0.0
 10
0.593055564392772
 20
2.148611143127911
 30
0.0
 10
0.5958333422119419
 20
2.136111142941647
 30
0.0
 10
0.6055555645790366
 20
2.127777809484137
 30
0.0
 10
0.6125000091269613
 20
2.131944476212892
 30
0.0
  0
SPLINE
  5
138
330
79
100
AcDbEntity
  8
Layer 1
100
AcDbSpline
210
0.0
220
0.0
230
1.0
 70
     9
 71
     3
 72
    14
 73
    10
 74
     0
 42
0.0000000001
 43
0.0000000001
 40
0.0
 40
0.0
 40
0.0
 40
0.0
 40
1.0
 40
1.0
 40
1.0
 40
2.0
 40
2.0
 40
2.0
 40
3.0
 40
3.0
 40
3.0
 40
3.0
 10
0.5833333420256773
 20
2.18194447695795
 30
0.0
 10
0.5819444531160923
 20
2.163888921133346
 30
0.0
 10
0.543055563647714
 20
2.244444477889272
 30
0.0
 10
0.543055563647714
 20
2.263888922623462
 30
0.0
 10
0.543055563647714
 20
2.275000033900141
 30
0.0
 10
0.5513888971052236
 20
2.263888922623462
 30
0.0
 10
0.5625000083819032
 20
2.237500033341348
 30
0.0
 10
0.5736111196585827
 20
2.212500032968819
 30
0.0
 10
0.5833333420256773
 20
2.18750003259629
 30
0.0
 10
0.5833333420256773
 20
2.18194447695795
 30
0.0
  0
SPLINE
  5
139
330
79
100
AcDbEntity
  8
Layer 1
100
AcDbSpline
210
0.0
220
0.0
230
1.0
 70
     9
 71
     3
 72
    14
 73
    10
 74
     0
 42
0.0000000001
 43
0.0000000001
 40
0.0
 40
0.0
 40
0.0
 40
0.0
 40
1.0
 40
1.0
 40
1.0
 40
2.0
 40
2.0
 40
2.0
 40
3.0
 40
3.0
 40
3.0
 40
3.0
 10
0.5291666745518644
 20
2.287500034086406
 30
0.0
 10
0.5152777854560151
 20
2.275000033900141
 30
0.0
 10
0.5138888965464301
 20
2.276388922809726
 30
0.0
 10
0.5222222300039398
 20
2.295833367543915
 30
0.0
 10
0.5263888967326946
 20
2.309722256639765
 30
0.0
 10
0.5347222301902043
 20
2.316666701187689
 30
0.0
 10
0.5388888969189591
 20
2.312500034458935
 30
0.0
 10
0.543055563647714
 20
2.30833336773018
 30
0.0
 10
0.5388888969189591
 20
2.2972222564535
 30
0.0
 10
0.5291666745518644
 20
2.287500034086406
 30
0.0
  0
SPLINE
  5
13A
330
79
100
AcDbEntity
  8
Layer 1
100
AcDbSpline
210
0.0
220
0.0
230
1.0
 70
    11
 71
     3
 72
    20
 73
    16
 74
     0
 42
0.0000000001
 43
0.0000000001
 40
0.0
 40
0.0
 40
0.0
 40
0.0
 40
1.0
 40
1.0
 40
1.0
 40
2.0
 40
2.0
 40
2.0
 40
3.0
 40
3.0
 40
3.0
 40
4.0
 40
4.0
 40
4.0
 40
5.0
 40
5.0
 40
5.0
 40
5.0
 10
0.5166666743655999
 20
2.381944479938182
 30
0.0
 10
0.5194444521847699
 20
2.355555590656068
 30
0.0
 10
0.5166666743655999
 20
2.333333368102709
 30
0.0
 10
0.5111111187272602
 20
2.333333368102709
 30
0.0
 10
0.5055555630889204
 20
2.333333368102709
 30
0.0
 10
0.5000000074505806
 20
2.348611146108143
 30
0.0
 10
0.5000000074505806
 20
2.366666701932747
 30
0.0
 10
0.5000000074505806
 20
2.384722257757352
 30
0.0
 10
0.4958333407218257
 20
2.411111147039466
 30
0.0
 10
0.490277785083486
 20
2.425000036135315
 30
0.0
 10
0.4847222294451462
 20
2.440277814140749
 30
0.0
 10
0.4861111183547311
 20
2.445833369779089
 30
0.0
 10
0.4958333407218257
 20
2.440277814140749
 30
0.0
 10
0.5041666741793354
 20
2.43472225850241
 30
0.0
 10
0.5138888965464301
 20
2.408333369220296
 30
0.0
 10
0.5166666743655999
 20
2.381944479938182
 30
0.0
  0
SPLINE
  5
13B
330
79
100
AcDbEntity
  8
Layer 1
100
AcDbSpline
210
0.0
220
0.0
230
1.0
 70
     9
 71
     3
 72
    17
 73
    13
 74
     0
 42
0.0000000001
 43
0.0000000001
 40
0.0
 40
0.0
 40
0.0
 40
0.0
 40
1.0
 40
1.0
 40
1.0
 40
2.0
 40
2.0
 40
2.0
 40
3.0
 40
3.0
 40
3.0
 40
4.0
 40
4.0
 40
4.0
 40
4.0
 10
0.4680555625301269
 20
2.511111148529582
 30
0.0
 10
0.4722222292588817
 20
2.477777814699543
 30
0.0
 10
0.4722222292588817
 20
2.454166703236599
 30
0.0
 10
0.4666666736205419
 20
2.458333369965354
 30
0.0
 10
0.4625000068917871
 20
2.462500036694109
 30
0.0
 10
0.4555555623438624
 20
2.494444481614563
 30
0.0
 10
0.4513888956151075
 20
2.527777815444601
 30
0.0
 10
0.4472222288863527
 20
2.56111114927464
 30
0.0
 10
0.4486111177959376
 20
2.584722260737584
 30
0.0
 10
0.4527777845246925
 20
2.579166705099244
 30
0.0
 10
0.4583333401630322
 20
2.57500003837049
 30
0.0
 10
0.465277784710957
 20
2.543055593450036
 30
0.0
 10
0.4680555625301269
 20
2.511111148529582
 30
0.0
  0
SPLINE
  5
13C
330
79
100
AcDbEntity
  8
Layer 1
100
AcDbSpline
210
0.0
220
0.0
230
1.0
 70
     9
 71
     3
 72
    14
 73
    10
 74
     0
 42
0.0000000001
 43
0.0000000001
 40
0.0
 40
0.0
 40
0.0
 40
0.0
 40
1.0
 40
1.0
 40
1.0
 40
2.0
 40
2.0
 40
2.0
 40
3.0
 40
3.0
 40
3.0
 40
3.0
 10
0.4152777839658989
 20
2.666666706403096
 30
0.0
 10
0.4152777839658989
 20
2.652777817307246
 30
0.0
 10
0.411111117237144
 20
2.655555595126416
 30
0.0
 10
0.4027777837796344
 20
2.673611150951021
 30
0.0
 10
0.386111116864615
 20
2.711111151509814
 30
0.0
 10
0.386111116864615
 20
2.733333374063173
 30
0.0
 10
0.4027777837796344
 20
2.708333373690644
 30
0.0
 10
0.4097222283275591
 20
2.697222262413965
 30
0.0
 10
0.4152777839658989
 20
2.677777817679775
 30
0.0
 10
0.4152777839658989
 20
2.666666706403096
 30
0.0
  0
SPLINE
  5
13D
330
79
100
AcDbEntity
  8
Layer 1
100
AcDbSpline
210
0.0
220
0.0
230
1.0
 70
     9
 71
     3
 72
    17
 73
    13
 74
     0
 42
0.0000000001
 43
0.0000000001
 40
0.0
 40
0.0
 40
0.0
 40
0.0
 40
1.0
 40
1.0
 40
1.0
 40
2.0
 40
2.0
 40
2.0
 40
3.0
 40
3.0
 40
3.0
 40
4.0
 40
4.0
 40
4.0
 40
4.0
 10
0.3888888946837849
 20
2.815277819728685
 30
0.0
 10
0.3888888946837849
 20
2.80833337518076
 30
0.0
 10
0.3833333390454451
 20
2.80833337518076
 30
0.0
 10
0.3750000055879354
 20
2.812500041909515
 30
0.0
 10
0.3680555610400107
 20
2.81666670863827
 30
0.0
 10
0.361111116492086
 20
2.831944486643704
 30
0.0
 10
0.361111116492086
 20
2.844444486829969
 30
0.0
 10
0.361111116492086
 20
2.865277820473743
 30
0.0
 10
0.3638888943112559
 20
2.865277820473743
 30
0.0
 10
0.3750000055879354
 20
2.847222264649139
 30
0.0
 10
0.3819444501358601
 20
2.836111153372459
 30
0.0
 10
0.3888888946837849
 20
2.820833375367025
 30
0.0
 10
0.3888888946837849
 20
2.815277819728685
 30
0.0
  0
SPLINE
  5
13E
330
79
100
AcDbEntity
  8
Layer 1
100
AcDbSpline
210
0.0
220
0.0
230
1.0
 70
     9
 71
     3
 72
    14
 73
    10
 74
     0
 42
0.0000000001
 43
0.0000000001
 40
0.0
 40
0.0
 40
0.0
 40
0.0
 40
1.0
 40
1.0
 40
1.0
 40
2.0
 40
2.0
 40
2.0
 40
3.0
 40
3.0
 40
3.0
 40
3.0
 10
0.3680555610400107
 20
2.904166709942122
 30
0.0
 10
0.3722222277687655
 20
2.897222265394197
 30
0.0
 10
0.3694444499495956
 20
2.887500043027102
 30
0.0
 10
0.361111116492086
 20
2.881944487388762
 30
0.0
 10
0.3541666719441612
 20
2.877777820660007
 30
0.0
 10
0.3472222273962365
 20
2.883333376298347
 30
0.0
 10
0.3472222273962365
 20
2.894444487575027
 30
0.0
 10
0.3472222273962365
 20
2.919444487947556
 30
0.0
 10
0.3555555608537462
 20
2.923611154676311
 30
0.0
 10
0.3680555610400107
 20
2.904166709942122
 30
0.0
  0
SPLINE
  5
13F
330
79
100
AcDbEntity
  8
Layer 1
100
AcDbSpline
210
0.0
220
0.0
230
1.0
 70
     9
 71
     3
 72
    14
 73
    10
 74
     0
 42
0.0000000001
 43
0.0000000001
 40
0.0
 40
0.0
 40
0.0
 40
0.0
 40
1.0
 40
1.0
 40
1.0
 40
2.0
 40
2.0
 40
2.0
 40
3.0
 40
3.0
 40
3.0
 40
3.0
 10
0.3472222273962365
 20
2.95972226632552
 30
0.0
 10
0.3472222273962365
 20
2.915277821218801
 30
0.0
 10
0.3388888939387268
 20
2.926388932495481
 30
0.0
 10
0.3277777826620473
 20
2.986111155607634
 30
0.0
 10
0.3222222270237074
 20
3.020833378347257
 30
0.0
 10
0.3236111159332924
 20
3.029166711804767
 30
0.0
 10
0.333333338300387
 20
3.013888933799333
 30
0.0
 10
0.3402777828483118
 20
3.002777822522653
 30
0.0
 10
0.3472222273962365
 20
2.977777822150124
 30
0.0
 10
0.3472222273962365
 20
2.95972226632552
 30
0.0
  0
SPLINE
  5
140
330
79
100
AcDbEntity
  8
Layer 1
100
AcDbSpline
210
0.0
220
0.0
230
1.0
 70
     9
 71
     3
 72
    14
 73
    10
 74
     0
 42
0.0000000001
 43
0.0000000001
 40
0.0
 40
0.0
 40
0.0
 40
0.0
 40
1.0
 40
1.0
 40
1.0
 40
2.0
 40
2.0
 40
2.0
 40
3.0
 40
3.0
 40
3.0
 40
3.0
 10
0.3152777824757828
 20
3.06666671236356
 30
0.0
 10
0.3111111157470279
 20
3.056944489996466
 30
0.0
 10
0.308333337927858
 20
3.063888934544391
 30
0.0
 10
0.308333337927858
 20
3.08333337927858
 30
0.0
 10
0.308333337927858
 20
3.102777824012769
 30
0.0
 10
0.3111111157470279
 20
3.109722268560694
 30
0.0
 10
0.3152777824757828
 20
3.101388935103184
 30
0.0
 10
0.3180555602949526
 20
3.091666712736089
 30
0.0
 10
0.3180555602949526
 20
3.07500004582107
 30
0.0
 10
0.3152777824757828
 20
3.06666671236356
 30
0.0
  0
SPLINE
  5
141
330
79
100
AcDbEntity
  8
Layer 1
100
AcDbSpline
210
0.0
220
0.0
230
1.0
 70
    11
 71
     3
 72
    17
 73
    13
 74
     0
 42
0.0000000001
 43
0.0000000001
 40
0.0
 40
0.0
 40
0.0
 40
0.0
 40
1.0
 40
1.0
 40
1.0
 40
2.0
 40
2.0
 40
2.0
 40
3.0
 40
3.0
 40
3.0
 40
4.0
 40
4.0
 40
4.0
 40
4.0
 10
0.3194444492045376
 20
3.144444491300317
 30
0.0
 10
0.3194444492045376
 20
3.133333380023638
 30
0.0
 10
0.3138888935661978
 20
3.125000046566128
 30
0.0
 10
0.3055555601086881
 20
3.125000046566128
 30
0.0
 10
0.2986111155607634
 20
3.125000046566128
 30
0.0
 10
0.2916666710128387
 20
3.137500046752393
 30
0.0
 10
0.2916666710128387
 20
3.154166713667412
 30
0.0
 10
0.2916666710128387
 20
3.169444491672846
 30
0.0
 10
0.2986111155607634
 20
3.177777825130356
 30
0.0
 10
0.3055555601086881
 20
3.173611158401601
 30
0.0
 10
0.3138888935661978
 20
3.169444491672846
 30
0.0
 10
0.3194444492045376
 20
3.155555602576997
 30
0.0
 10
0.3194444492045376
 20
3.144444491300317
 30
0.0
  0
SPLINE
  5
142
330
79
100
AcDbEntity
  8
Layer 1
100
AcDbSpline
210
0.0
220
0.0
230
1.0
 70
     9
 71
     3
 72
    17
 73
    13
 74
     0
 42
0.0000000001
 43
0.0000000001
 40
0.0
 40
0.0
 40
0.0
 40
0.0
 40
1.0
 40
1.0
 40
1.0
 40
2.0
 40
2.0
 40
2.0
 40
3.0
 40
3.0
 40
3.0
 40
4.0
 40
4.0
 40
4.0
 40
4.0
 10
0.2916666710128387
 20
3.263888937524622
 30
0.0
 10
0.2916666710128387
 20
3.256944492976698
 30
0.0
 10
0.2847222264649139
 20
3.250000048428773
 30
0.0
 10
0.2763888930074043
 20
3.250000048428773
 30
0.0
 10
0.2694444484594795
 20
3.250000048428773
 30
0.0
 10
0.2666666706403096
 20
3.256944492976698
 30
0.0
 10
0.2708333373690644
 20
3.263888937524622
 30
0.0
 10
0.2750000040978193
 20
3.272222270982132
 30
0.0
 10
0.281944448645744
 20
3.277777826620472
 30
0.0
 10
0.2861111153744989
 20
3.277777826620472
 30
0.0
 10
0.2888888931936688
 20
3.277777826620472
 30
0.0
 10
0.2916666710128387
 20
3.272222270982132
 30
0.0
 10
0.2916666710128387
 20
3.263888937524622
 30
0.0
  0
SPLINE
  5
143
330
79
100
AcDbEntity
  8
Layer 1
100
AcDbSpline
210
0.0
220
0.0
230
1.0
 70
     9
 71
     3
 72
    17
 73
    13
 74
     0
 42
0.0000000001
 43
0.0000000001
 40
0.0
 40
0.0
 40
0.0
 40
0.0
 40
1.0
 40
1.0
 40
1.0
 40
2.0
 40
2.0
 40
2.0
 40
3.0
 40
3.0
 40
3.0
 40
4.0
 40
4.0
 40
4.0
 40
4.0
 10
0.2916666710128387
 20
3.32777782736553
 30
0.0
 10
0.2916666710128387
 20
3.323611160636775
 30
0.0
 10
0.2861111153744989
 20
3.31666671608885
 30
0.0
 10
0.2777777819169892
 20
3.312500049360096
 30
0.0
 10
0.2708333373690644
 20
3.308333382631341
 30
0.0
 10
0.2638888928211398
 20
3.311111160450511
 30
0.0
 10
0.2638888928211398
 20
3.318055604998435
 30
0.0
 10
0.2638888928211398
 20
3.326388938455945
 30
0.0
 10
0.2708333373690644
 20
3.33333338300387
 30
0.0
 10
0.2777777819169892
 20
3.33333338300387
 30
0.0
 10
0.2861111153744989
 20
3.33333338300387
 30
0.0
 10
0.2916666710128387
 20
3.3305556051847
 30
0.0
 10
0.2916666710128387
 20
3.32777782736553
 30
0.0
  0
SPLINE
  5
144
330
79
100
AcDbEntity
  8
Layer 1
100
AcDbSpline
210
0.0
220
0.0
230
1.0
 70
     9
 71
     3
 72
    29
 73
    25
 74
     0
 42
0.0000000001
 43
0.0000000001
 40
0.0
 40
0.0
 40
0.0
 40
0.0
 40
1.0
 40
1.0
 40
1.0
 40
2.0
 40
2.0
 40
2.0
 40
3.0
 40
3.0
 40
3.0
 40
4.0
 40
4.0
 40
4.0
 40
5.0
 40
5.0
 40
5.0
 40
6.0
 40
6.0
 40
6.0
 40
7.0
 40
7.0
 40
7.0
 40
8.0
 40
8.0
 40
8.0
 40
8.0
 10
0.2416666702677806
 20
3.538888941622442
 30
0.0
 10
0.2458333369965354
 20
3.520833385797838
 30
0.0
 10
0.2500000037252903
 20
3.479166718510289
 30
0.0
 10
0.2500000037252903
 20
3.444444495770666
 30
0.0
 10
0.2500000037252903
 20
3.398611161754363
 30
0.0
 10
0.2541666704540451
 20
3.387500050477683
 30
0.0
 10
0.2638888928211398
 20
3.402777828483117
 30
0.0
 10
0.2750000040978193
 20
3.419444495398137
 30
0.0
 10
0.2777777819169892
 20
3.418055606488552
 30
0.0
 10
0.2777777819169892
 20
3.393055606116023
 30
0.0
 10
0.2777777819169892
 20
3.376388939201003
 30
0.0
 10
0.2722222262786494
 20
3.359722272285984
 30
0.0
 10
0.2652777817307247
 20
3.355555605557229
 30
0.0
 10
0.2500000037252903
 20
3.345833383190135
 30
0.0
 10
0.2361111146294408
 20
3.394444495025608
 30
0.0
 10
0.2361111146294408
 20
3.46250005159527
 30
0.0
 10
0.2361111146294408
 20
3.491666718696554
 30
0.0
 10
0.2291666700815161
 20
3.527777830345762
 30
0.0
 10
0.2222222255335914
 20
3.543055608351197
 30
0.0
 10
0.2138888920760817
 20
3.558333386356631
 30
0.0
 10
0.2125000031664967
 20
3.569444497633311
 30
0.0
 10
0.2194444477144215
 20
3.569444497633311
 30
0.0
 10
0.2277777811719312
 20
3.569444497633311
 30
0.0
 10
0.2361111146294408
 20
3.555555608537461
 30
0.0
 10
0.2416666702677806
 20
3.538888941622442
 30
0.0
  0
SPLINE
  5
145
330
79
100
AcDbEntity
  8
Layer 1
100
AcDbSpline
210
0.0
220
0.0
230
1.0
 70
     9
 71
     3
 72
    32
 73
    28
 74
     0
 42
0.0000000001
 43
0.0000000001
 40
0.0
 40
0.0
 40
0.0
 40
0.0
 40
1.0
 40
1.0
 40
1.0
 40
2.0
 40
2.0
 40
2.0
 40
3.0
 40
3.0
 40
3.0
 40
4.0
 40
4.0
 40
4.0
 40
5.0
 40
5.0
 40
5.0
 40
6.0
 40
6.0
 40
6.0
 40
7.0
 40
7.0
 40
7.0
 40
8.0
 40
8.0
 40
8.0
 40
9.0
 40
9.0
 40
9.0
 40
9.0
 10
0.2361111146294408
 20
3.666666721304257
 30
0.0
 10
0.2444444480869505
 20
3.666666721304257
 30
0.0
 10
0.2500000037252903
 20
3.652777832208407
 30
0.0
 10
0.2500000037252903
 20
3.636111165293388
 30
0.0
 10
0.2500000037252903
 20
3.636111165293388
 30
0.0
 10
0.2486111148157053
 20
3.604166720372934
 30
0.0
 10
0.2486111148157053
 20
3.604166720372934
 30
0.0
 10
0.2486111148157053
 20
3.604166720372934
 30
0.0
 10
0.231944447900686
 20
3.636111165293388
 30
0.0
 10
0.231944447900686
 20
3.636111165293388
 30
0.0
 10
0.2222222255335914
 20
3.652777832208407
 30
0.0
 10
0.2111111142569118
 20
3.665277832394672
 30
0.0
 10
0.2069444475281569
 20
3.661111165665917
 30
0.0
 10
0.204166669708987
 20
3.656944498937162
 30
0.0
 10
0.2027777807994021
 20
3.677777832580936
 30
0.0
 10
0.205555558618572
 20
3.708333388591805
 30
0.0
 10
0.2083333364377419
 20
3.737500055693089
 30
0.0
 10
0.2027777807994021
 20
3.775000056251883
 30
0.0
 10
0.1944444473418925
 20
3.791666723166902
 30
0.0
 10
0.180555558246043
 20
3.816666723539431
 30
0.0
 10
0.1819444471556279
 20
3.825000056996941
 30
0.0
 10
0.1958333362514774
 20
3.834722279364036
 30
0.0
 10
0.2111111142569118
 20
3.84444450173113
 30
0.0
 10
0.2166666698952516
 20
3.827777834816111
 30
0.0
 10
0.2194444477144215
 20
3.756944500427279
 30
0.0
 10
0.2222222255335914
 20
3.70694449968222
 30
0.0
 10
0.2291666700815161
 20
3.666666721304257
 30
0.0
 10
0.2361111146294408
 20
3.666666721304257
 30
0.0
  0
SPLINE
  5
146
330
79
100
AcDbEntity
  8
Layer 1
100
AcDbSpline
210
0.0
220
0.0
230
1.0
 70
     9
 71
     3
 72
    35
 73
    31
 74
     0
 42
0.0000000001
 43
0.0000000001
 40
0.0
 40
0.0
 40
0.0
 40
0.0
 40
1.0
 40
1.0
 40
1.0
 40
2.0
 40
2.0
 40
2.0
 40
3.0
 40
3.0
 40
3.0
 40
4.0
 40
4.0
 40
4.0
 40
5.0
 40
5.0
 40
5.0
 40
6.0
 40
6.0
 40
6.0
 40
7.0
 40
7.0
 40
7.0
 40
8.0
 40
8.0
 40
8.0
 40
9.0
 40
9.0
 40
9.0
 40
10.0
 40
10.0
 40
10.0
 40
10.0
 10
0.155555557873514
 20
4.330555620085862
 30
0.0
 10
0.1597222246022688
 20
4.244444507691595
 30
0.0
 10
0.1638888913310236
 20
4.201388951494461
 30
0.0
 10
0.1722222247885333
 20
4.145833395111063
 30
0.0
 10
0.1972222251610623
 20
3.993055615056719
 30
0.0
 10
0.204166669708987
 20
3.894444502476188
 30
0.0
 10
0.1930555584323075
 20
3.868055613194074
 30
0.0
 10
0.180555558246043
 20
3.84166672391196
 30
0.0
 10
0.180555558246043
 20
3.84166672391196
 30
0.0
 10
0.1861111138843827
 20
3.872222279922829
 30
0.0
 10
0.1888888917035527
 20
3.888888946837848
 30
0.0
 10
0.1861111138843827
 20
3.902777835933698
 30
0.0
 10
0.180555558246043
 20
3.902777835933698
 30
0.0
 10
0.1736111136981182
 20
3.902777835933698
 30
0.0
 10
0.1708333358789484
 20
3.931944503034982
 30
0.0
 10
0.1736111136981182
 20
3.96805561468419
 30
0.0
 10
0.1777777804268731
 20
4.012500059790909
 30
0.0
 10
0.1750000026077032
 20
4.027777837796343
 30
0.0
 10
0.1666666691501935
 20
4.013888948700493
 30
0.0
 10
0.1569444467830989
 20
3.998611170695059
 30
0.0
 10
0.152777780054344
 20
4.011111170881323
 30
0.0
 10
0.1500000022351742
 20
4.055555615988042
 30
0.0
 10
0.1472222244160043
 20
4.115277839100195
 30
0.0
 10
0.1430555576872494
 20
4.165277839845253
 30
0.0
 10
0.1402777798680795
 20
4.180555617850687
 30
0.0
 10
0.1291666685914
 20
4.22083339622865
 30
0.0
 10
0.1291666685914
 20
4.37500006519258
 30
0.0
 10
0.1402777798680795
 20
4.37500006519258
 30
0.0
 10
0.1472222244160043
 20
4.37500006519258
 30
0.0
 10
0.154166668963929
 20
4.354166731548805
 30
0.0
 10
0.155555557873514
 20
4.330555620085862
 30
0.0
  0
SPLINE
  5
147
330
79
100
AcDbEntity
  8
Layer 1
100
AcDbSpline
210
0.0
220
0.0
230
1.0
 70
     9
 71
     3
 72
    29
 73
    25
 74
     0
 42
0.0000000001
 43
0.0000000001
 40
0.0
 40
0.0
 40
0.0
 40
0.0
 40
1.0
 40
1.0
 40
1.0
 40
2.0
 40
2.0
 40
2.0
 40
3.0
 40
3.0
 40
3.0
 40
4.0
 40
4.0
 40
4.0
 40
5.0
 40
5.0
 40
5.0
 40
6.0
 40
6.0
 40
6.0
 40
7.0
 40
7.0
 40
7.0
 40
8.0
 40
8.0
 40
8.0
 40
8.0
 10
0.1236111129530602
 20
4.60833340200285
 30
0.0
 10
0.1263888907722301
 20
4.516666733970244
 30
0.0
 10
0.1305555575009849
 20
4.475000066682696
 30
0.0
 10
0.1402777798680795
 20
4.466666733225186
 30
0.0
 10
0.1513888911447591
 20
4.455555621948506
 30
0.0
 10
0.1388888909584946
 20
4.388888954288429
 30
0.0
 10
0.1263888907722301
 20
4.388888954288429
 30
0.0
 10
0.1208333351338903
 20
4.388888954288429
 30
0.0
 10
0.1166666684051355
 20
4.422222288118468
 30
0.0
 10
0.1152777794955505
 20
4.462500066496431
 30
0.0
 10
0.1125000016763806
 20
4.537500067614018
 30
0.0
 10
0.1013888903997011
 20
4.606944513093266
 30
0.0
 10
0.0875000013038516
 20
4.629166735646625
 30
0.0
 10
0.0819444456655118
 20
4.637500069104135
 30
0.0
 10
0.0861111123942667
 20
4.638888958013719
 30
0.0
 10
0.0972222236709463
 20
4.631944513465795
 30
0.0
 10
0.1111111127667957
 20
4.623611180008285
 30
0.0
 10
0.1138888905859656
 20
4.626388957827455
 30
0.0
 10
0.1069444460380408
 20
4.643055624742474
 30
0.0
 10
0.102777779309286
 20
4.656944513838324
 30
0.0
 10
0.1041666682188709
 20
4.666666736205418
 30
0.0
 10
0.1097222238572107
 20
4.666666736205418
 30
0.0
 10
0.1166666684051355
 20
4.666666736205418
 30
0.0
 10
0.1236111129530602
 20
4.640277846923305
 30
0.0
 10
0.1236111129530602
 20
4.60833340200285
 30
0.0
  0
SPLINE
  5
148
330
79
100
AcDbEntity
  8
Layer 1
100
AcDbSpline
210
0.0
220
0.0
230
1.0
 70
     9
 71
     3
 72
    20
 73
    16
 74
     0
 42
0.0000000001
 43
0.0000000001
 40
0.0
 40
0.0
 40
0.0
 40
0.0
 40
1.0
 40
1.0
 40
1.0
 40
2.0
 40
2.0
 40
2.0
 40
3.0
 40
3.0
 40
3.0
 40
4.0
 40
4.0
 40
4.0
 40
5.0
 40
5.0
 40
5.0
 40
5.0
 10
0.0916666680326065
 20
4.891666739558179
 30
0.0
 10
0.0972222236709463
 20
4.852777850089801
 30
0.0
 10
0.0944444458517764
 20
4.825000071898102
 30
0.0
 10
0.0847222234846817
 20
4.815277849531008
 30
0.0
 10
0.0722222232984172
 20
4.802777849344743
 30
0.0
 10
0.0708333343888322
 20
4.811111182802252
 30
0.0
 10
0.077777778936757
 20
4.847222294451461
 30
0.0
 10
0.0833333345750968
 20
4.879166739371915
 30
0.0
 10
0.0805555567559269
 20
4.888888961739009
 30
0.0
 10
0.0722222232984172
 20
4.87777785046233
 30
0.0
 10
0.0638888898409075
 20
4.865277850276066
 30
0.0
 10
0.0597222231121527
 20
4.880555628281499
 30
0.0
 10
0.0611111120217376
 20
4.922222295569048
 30
0.0
 10
0.0611111120217376
 20
4.99583340777705
 30
0.0
 10
0.077777778936757
 20
4.979166740862031
 30
0.0
 10
0.0916666680326065
 20
4.891666739558179
 30
0.0
  0
SPLINE
  5
149
330
79
100
AcDbEntity
  8
Layer 1
100
AcDbSpline
210
0.0
220
0.0
230
1.0
 70
     9
 71
     3
 72
   125
 73
   121
 74
     0
 42
0.0000000001
 43
0.0000000001
 40
0.0
 40
0.0
 40
0.0
 40
0.0
 40
1.0
 40
1.0
 40
1.0
 40
2.0
 40
2.0
 40
2.0
 40
3.0
 40
3.0
 40
3.0
 40
4.0
 40
4.0
 40
4.0
 40
5.0
 40
5.0
 40
5.0
 40
6.0
 40
6.0
 40
6.0
 40
7.0
 40
7.0
 40
7.0
 40
8.0
 40
8.0
 40
8.0
 40
9.0
 40
9.0
 40
9.0
 40
10.0
 40
10.0
 40
10.0
 40
11.0
 40
11.0
 40
11.0
 40
12.0
 40
12.0
 40
12.0
 40
13.0
 40
13.0
 40
13.0
 40
14.0
 40
14.0
 40
14.0
 40
15.0
 40
15.0
 40
15.0
 40
16.0
 40
16.0
 40
16.0
 40
17.0
 40
17.0
 40
17.0
 40
18.0
 40
18.0
 40
18.0
 40
19.0
 40
19.0
 40
19.0
 40
20.0
 40
20.0
 40
20.0
 40
21.0
 40
21.0
 40
21.0
 40
22.0
 40
22.0
 40
22.0
 40
23.0
 40
23.0
 40
23.0
 40
24.0
 40
24.0
 40
24.0
 40
25.0
 40
25.0
 40
25.0
 40
26.0
 40
26.0
 40
26.0
 40
27.0
 40
27.0
 40
27.0
 40
28.0
 40
28.0
 40
28.0
 40
29.0
 40
29.0
 40
29.0
 40
30.0
 40
30.0
 40
30.0
 40
31.0
 40
31.0
 40
31.0
 40
32.0
 40
32.0
 40
32.0
 40
33.0
 40
33.0
 40
33.0
 40
34.0
 40
34.0
 40
34.0
 40
35.0
 40
35.0
 40
35.0
 40
36.0
 40
36.0
 40
36.0
 40
37.0
 40
37.0
 40
37.0
 40
38.0
 40
38.0
 40
38.0
 40
39.0
 40
39.0
 40
39.0
 40
40.0
 40
40.0
 40
40.0
 40
40.0
 10
0.4708333403492967
 20
4.972222296314106
 30
0.0
 10
0.4875000072643161
 20
4.941666740303237
 30
0.0
 10
0.5208333410943548
 20
4.906944517563614
 30
0.0
 10
0.543055563647714
 20
4.895833406286934
 30
0.0
 10
0.5652777862010731
 20
4.883333406100669
 30
0.0
 10
0.5833333420256773
 20
4.870833405914405
 30
0.0
 10
0.5833333420256773
 20
4.86666673918565
 30
0.0
 10
0.5833333420256773
 20
4.862500072456896
 30
0.0
 10
0.5763888974777526
 20
4.86388896136648
 30
0.0
 10
0.5666666751106579
 20
4.86944451700482
 30
0.0
 10
0.5569444527435633
 20
4.87500007264316
 30
0.0
 10
0.5555555638339785
 20
4.873611183733575
 30
0.0
 10
0.5611111194723182
 20
4.86388896136648
 30
0.0
 10
0.5666666751106579
 20
4.854166738999386
 30
0.0
 10
0.5805555642065075
 20
4.847222294451461
 30
0.0
 10
0.591666675483187
 20
4.847222294451461
 30
0.0
 10
0.6027777867598667
 20
4.847222294451461
 30
0.0
 10
0.6083333423982064
 20
4.841666738813121
 30
0.0
 10
0.6041666756694515
 20
4.833333405355611
 30
0.0
 10
0.6000000089406968
 20
4.826388960807687
 30
0.0
 10
0.6013888978502817
 20
4.819444516259762
 30
0.0
 10
0.6083333423982064
 20
4.819444516259762
 30
0.0
 10
0.616666675855716
 20
4.819444516259762
 30
0.0
 10
0.6347222316803204
 20
4.794444515887233
 30
0.0
 10
0.6500000096857548
 20
4.763888959876364
 30
0.0
 10
0.6638888987816042
 20
4.733333403865495
 30
0.0
 10
0.6805555656966236
 20
4.712500070221722
 30
0.0
 10
0.6861111213349634
 20
4.718055625860061
 30
0.0
 10
0.6902777880637183
 20
4.722222292588816
 30
0.0
 10
0.694444454792473
 20
4.718055625860061
 30
0.0
 10
0.694444454792473
 20
4.708333403492966
 30
0.0
 10
0.694444454792473
 20
4.698611181125872
 30
0.0
 10
0.7055555660691527
 20
4.677777847482098
 30
0.0
 10
0.7180555662554172
 20
4.663888958386248
 30
0.0
 10
0.7375000109896064
 20
4.641666735832889
 30
0.0
 10
0.7388888998991913
 20
4.633333402375379
 30
0.0
 10
0.7236111218937569
 20
4.60833340200285
 30
0.0
 10
0.7138888995266623
 20
4.593055623997416
 30
0.0
 10
0.7097222327979075
 20
4.576388957082397
 30
0.0
 10
0.7138888995266623
 20
4.572222290353642
 30
0.0
 10
0.7180555662554172
 20
4.568055623624887
 30
0.0
 10
0.722222232984172
 20
4.573611179263227
 30
0.0
 10
0.722222232984172
 20
4.583333401630321
 30
0.0
 10
0.722222232984172
 20
4.597222290726171
 30
0.0
 10
0.7263888997129268
 20
4.598611179635756
 30
0.0
 10
0.7375000109896064
 20
4.587500068359076
 30
0.0
 10
0.7569444557237956
 20
4.568055623624887
 30
0.0
 10
0.7402777888087763
 20
4.537500067614018
 30
0.0
 10
0.7138888995266623
 20
4.547222289981113
 30
0.0
 10
0.7027777882499828
 20
4.551388956709867
 30
0.0
 10
0.6986111215212279
 20
4.547222289981113
 30
0.0
 10
0.7027777882499828
 20
4.534722289794848
 30
0.0
 10
0.7083333438883225
 20
4.523611178518168
 30
0.0
 10
0.694444454792473
 20
4.506944511603149
 30
0.0
 10
0.6680555655103591
 20
4.494444511416885
 30
0.0
 10
0.6194444536748859
 20
4.469444511044356
 30
0.0
 10
0.5694444529298278
 20
4.465277844315601
 30
0.0
 10
0.5694444529298278
 20
4.48750006686896
 30
0.0
 10
0.5694444529298278
 20
4.494444511416885
 30
0.0
 10
0.5625000083819032
 20
4.497222289236055
 30
0.0
 10
0.5527777860148086
 20
4.491666733597715
 30
0.0
 10
0.5416666747381289
 20
4.48472228904979
 30
0.0
 10
0.5402777858285441
 20
4.488888955778545
 30
0.0
 10
0.5472222303764688
 20
4.508333400512734
 30
0.0
 10
0.5527777860148086
 20
4.522222289608584
 30
0.0
 10
0.5527777860148086
 20
4.529166734156508
 30
0.0
 10
0.5472222303764688
 20
4.523611178518168
 30
0.0
 10
0.5416666747381289
 20
4.518055622879828
 30
0.0
 10
0.5291666745518644
 20
4.520833400698998
 30
0.0
 10
0.518055563275185
 20
4.529166734156508
 30
0.0
 10
0.5041666741793354
 20
4.541666734342773
 30
0.0
 10
0.5027777852697505
 20
4.550000067800283
 30
0.0
 10
0.5152777854560151
 20
4.565277845805717
 30
0.0
 10
0.5250000078231097
 20
4.575000068172812
 30
0.0
 10
0.5277777856422796
 20
4.587500068359076
 30
0.0
 10
0.5222222300039398
 20
4.593055623997416
 30
0.0
 10
0.518055563275185
 20
4.597222290726171
 30
0.0
 10
0.5138888965464301
 20
4.594444512907001
 30
0.0
 10
0.5138888965464301
 20
4.586111179449491
 30
0.0
 10
0.5138888965464301
 20
4.576388957082397
 30
0.0
 10
0.5041666741793354
 20
4.569444512534472
 30
0.0
 10
0.4930555629026559
 20
4.569444512534472
 30
0.0
 10
0.4722222292588817
 20
4.569444512534472
 30
0.0
 10
0.4666666736205419
 20
4.584722290539906
 30
0.0
 10
0.4708333403492967
 20
4.623611180008285
 30
0.0
 10
0.4736111181684666
 20
4.634722291284965
 30
0.0
 10
0.4680555625301269
 20
4.637500069104135
 30
0.0
 10
0.4569444512534473
 20
4.630555624556209
 30
0.0
 10
0.4444444510671828
 20
4.623611180008285
 30
0.0
 10
0.4430555621575979
 20
4.62777784673704
 30
0.0
 10
0.4486111177959376
 20
4.643055624742474
 30
0.0
 10
0.4541666734342774
 20
4.658333402747908
 30
0.0
 10
0.4500000067055226
 20
4.666666736205418
 30
0.0
 10
0.4361111176096731
 20
4.666666736205418
 30
0.0
 10
0.4250000063329935
 20
4.666666736205418
 30
0.0
 10
0.4180555617850688
 20
4.672222291843758
 30
0.0
 10
0.4222222285138236
 20
4.679166736391683
 30
0.0
 10
0.4333333397905032
 20
4.695833403306702
 30
0.0
 10
0.4166666728754838
 20
4.737500070594251
 30
0.0
 10
0.4027777837796344
 20
4.729166737136741
 30
0.0
 10
0.3944444503221247
 20
4.723611181498401
 30
0.0
 10
0.361111116492086
 20
4.791666738068063
 30
0.0
 10
0.361111116492086
 20
4.813888960621422
 30
0.0
 10
0.361111116492086
 20
4.816666738440592
 30
0.0
 10
0.3805555612262752
 20
4.836111183174781
 30
0.0
 10
0.4027777837796344
 20
4.856944516818556
 30
0.0
 10
0.4027777837796344
 20
4.856944516818556
 30
0.0
 10
0.4458333399767677
 20
4.897222295196519
 30
0.0
 10
0.4458333399767677
 20
4.897222295196519
 30
0.0
 10
0.4458333399767677
 20
4.897222295196519
 30
0.0
 10
0.4180555617850688
 20
4.929166740116973
 30
0.0
 10
0.4180555617850688
 20
4.929166740116973
 30
0.0
 10
0.4027777837796344
 20
4.947222295941577
 30
0.0
 10
0.3916666725029548
 20
4.965277851766182
 30
0.0
 10
0.3944444503221247
 20
4.970833407404521
 30
0.0
 10
0.3958333392317096
 20
4.975000074133276
 30
0.0
 10
0.4027777837796344
 20
4.990277852138711
 30
0.0
 10
0.4069444505083892
 20
5.00416674123456
 30
0.0
 10
0.4208333396042386
 20
5.040277852883769
 30
0.0
 10
0.4361111176096731
 20
5.033333408335844
 30
0.0
 10
0.4708333403492967
 20
4.972222296314106
 30
0.0
  0
SPLINE
  5
14A
330
79
100
AcDbEntity
  8
Layer 1
100
AcDbSpline
210
0.0
220
0.0
230
1.0
 70
     9
 71
     3
 72
    17
 73
    13
 74
     0
 42
0.0000000001
 43
0.0000000001
 40
0.0
 40
0.0
 40
0.0
 40
0.0
 40
1.0
 40
1.0
 40
1.0
 40
2.0
 40
2.0
 40
2.0
 40
3.0
 40
3.0
 40
3.0
 40
4.0
 40
4.0
 40
4.0
 40
4.0
 10
0.3680555610400107
 20
5.055555630889203
 30
0.0
 10
0.3722222277687655
 20
5.048611186341278
 30
0.0
 10
0.3694444499495956
 20
5.041666741793354
 30
0.0
 10
0.3625000054016709
 20
5.041666741793354
 30
0.0
 10
0.3541666719441612
 20
5.041666741793354
 30
0.0
 10
0.3472222273962365
 20
5.048611186341278
 30
0.0
 10
0.3472222273962365
 20
5.055555630889203
 30
0.0
 10
0.3472222273962365
 20
5.063888964346713
 30
0.0
 10
0.3500000052154064
 20
5.069444519985053
 30
0.0
 10
0.3527777830345763
 20
5.069444519985053
 30
0.0
 10
0.3569444497633311
 20
5.069444519985053
 30
0.0
 10
0.3638888943112559
 20
5.063888964346713
 30
0.0
 10
0.3680555610400107
 20
5.055555630889203
 30
0.0
  0
SPLINE
  5
14B
330
79
100
AcDbEntity
  8
Layer 1
100
AcDbSpline
210
0.0
220
0.0
230
1.0
 70
     9
 71
     3
 72
    17
 73
    13
 74
     0
 42
0.0000000001
 43
0.0000000001
 40
0.0
 40
0.0
 40
0.0
 40
0.0
 40
1.0
 40
1.0
 40
1.0
 40
2.0
 40
2.0
 40
2.0
 40
3.0
 40
3.0
 40
3.0
 40
4.0
 40
4.0
 40
4.0
 40
4.0
 10
0.1916666695227225
 20
5.205555633124377
 30
0.0
 10
0.1986111140706473
 20
5.170833410384753
 30
0.0
 10
0.1583333356926838
 20
5.119444520730111
 30
0.0
 10
0.1041666682188709
 20
5.088888964719242
 30
0.0
 10
0.0569444452929828
 20
5.063888964346713
 30
0.0
 10
0.0555555563833979
 20
5.063888964346713
 30
0.0
 10
0.0347222227396237
 20
5.090277853628827
 30
0.0
 10
0.0166666669150194
 20
5.116666742910941
 30
0.0
 10
0.0194444447341893
 20
5.122222298549281
 30
0.0
 10
0.0791666678463419
 20
5.177777854932679
 30
0.0
 10
0.1458333355064193
 20
5.237500078044831
 30
0.0
 10
0.1833333360652129
 20
5.247222300411926
 30
0.0
 10
0.1916666695227225
 20
5.205555633124377
 30
0.0
  0
SPLINE
  5
14C
330
79
100
AcDbEntity
  8
Layer 1
100
AcDbSpline
210
0.0
220
0.0
230
1.0
 70
     9
 71
     3
 72
    14
 73
    10
 74
     0
 42
0.0000000001
 43
0.0000000001
 40
0.0
 40
0.0
 40
0.0
 40
0.0
 40
1.0
 40
1.0
 40
1.0
 40
2.0
 40
2.0
 40
2.0
 40
3.0
 40
3.0
 40
3.0
 40
3.0
 10
0.2222222255335914
 20
5.247222300411926
 30
0.0
 10
0.2222222255335914
 20
5.233333411316076
 30
0.0
 10
0.2097222253473268
 20
5.234722300225661
 30
0.0
 10
0.1736111136981182
 20
5.250000078231096
 30
0.0
 10
0.1500000022351742
 20
5.261111189507775
 30
0.0
 10
0.1513888911447591
 20
5.261111189507775
 30
0.0
 10
0.1847222249747978
 20
5.25972230059819
 30
0.0
 10
0.205555558618572
 20
5.258333411688605
 30
0.0
 10
0.2222222255335914
 20
5.252777856050266
 30
0.0
 10
0.2222222255335914
 20
5.247222300411926
 30
0.0
  0
SPLINE
  5
14D
330
79
100
AcDbEntity
  8
Layer 1
100
AcDbSpline
210
0.0
220
0.0
230
1.0
 70
     9
 71
     3
 72
   245
 73
   241
 74
     0
 42
0.0000000001
 43
0.0000000001
 40
0.0
 40
0.0
 40
0.0
 40
0.0
 40
1.0
 40
1.0
 40
1.0
 40
2.0
 40
2.0
 40
2.0
 40
3.0
 40
3.0
 40
3.0
 40
4.0
 40
4.0
 40
4.0
 40
5.0
 40
5.0
 40
5.0
 40
6.0
 40
6.0
 40
6.0
 40
7.0
 40
7.0
 40
7.0
 40
8.0
 40
8.0
 40
8.0
 40
9.0
 40
9.0
 40
9.0
 40
10.0
 40
10.0
 40
10.0
 40
11.0
 40
11.0
 40
11.0
 40
12.0
 40
12.0
 40
12.0
 40
13.0
 40
13.0
 40
13.0
 40
14.0
 40
14.0
 40
14.0
 40
15.0
 40
15.0
 40
15.0
 40
16.0
 40
16.0
 40
16.0
 40
17.0
 40
17.0
 40
17.0
 40
18.0
 40
18.0
 40
18.0
 40
19.0
 40
19.0
 40
19.0
 40
20.0
 40
20.0
 40
20.0
 40
21.0
 40
21.0
 40
21.0
 40
22.0
 40
22.0
 40
22.0
 40
23.0
 40
23.0
 40
23.0
 40
24.0
 40
24.0
 40
24.0
 40
25.0
 40
25.0
 40
25.0
 40
26.0
 40
26.0
 40
26.0
 40
27.0
 40
27.0
 40
27.0
 40
28.0
 40
28.0
 40
28.0
 40
29.0
 40
29.0
 40
29.0
 40
30.0
 40
30.0
 40
30.0
 40
31.0
 40
31.0
 40
31.0
 40
32.0
 40
32.0
 40
32.0
 40
33.0
 40
33.0
 40
33.0
 40
34.0
 40
34.0
 40
34.0
 40
35.0
 40
35.0
 40
35.0
 40
36.0
 40
36.0
 40
36.0
 40
37.0
 40
37.0
 40
37.0
 40
38.0
 40
38.0
 40
38.0
 40
39.0
 40
39.0
 40
39.0
 40
40.0
 40
40.0
 40
40.0
 40
41.0
 40
41.0
 40
41.0
 40
42.0
 40
42.0
 40
42.0
 40
43.0
 40
43.0
 40
43.0
 40
44.0
 40
44.0
 40
44.0
 40
45.0
 40
45.0
 40
45.0
 40
46.0
 40
46.0
 40
46.0
 40
47.0
 40
47.0
 40
47.0
 40
48.0
 40
48.0
 40
48.0
 40
49.0
 40
49.0
 40
49.0
 40
50.0
 40
50.0
 40
50.0
 40
51.0
 40
51.0
 40
51.0
 40
52.0
 40
52.0
 40
52.0
 40
53.0
 40
53.0
 40
53.0
 40
54.0
 40
54.0
 40
54.0
 40
55.0
 40
55.0
 40
55.0
 40
56.0
 40
56.0
 40
56.0
 40
57.0
 40
57.0
 40
57.0
 40
58.0
 40
58.0
 40
58.0
 40
59.0
 40
59.0
 40
59.0
 40
60.0
 40
60.0
 40
60.0
 40
61.0
 40
61.0
 40
61.0
 40
62.0
 40
62.0
 40
62.0
 40
63.0
 40
63.0
 40
63.0
 40
64.0
 40
64.0
 40
64.0
 40
65.0
 40
65.0
 40
65.0
 40
66.0
 40
66.0
 40
66.0
 40
67.0
 40
67.0
 40
67.0
 40
68.0
 40
68.0
 40
68.0
 40
69.0
 40
69.0
 40
69.0
 40
70.0
 40
70.0
 40
70.0
 40
71.0
 40
71.0
 40
71.0
 40
72.0
 40
72.0
 40
72.0
 40
73.0
 40
73.0
 40
73.0
 40
74.0
 40
74.0
 40
74.0
 40
75.0
 40
75.0
 40
75.0
 40
76.0
 40
76.0
 40
76.0
 40
77.0
 40
77.0
 40
77.0
 40
78.0
 40
78.0
 40
78.0
 40
79.0
 40
79.0
 40
79.0
 40
80.0
 40
80.0
 40
80.0
 40
80.0
 10
0.1263888907722301
 20
5.26527785623653
 30
0.0
 10
0.1097222238572107
 20
5.24861118932151
 30
0.0
 10
0.0972222236709463
 20
5.231944522406491
 30
0.0
 10
0.0972222236709463
 20
5.226388966768151
 30
0.0
 10
0.0972222236709463
 20
5.219444522220227
 30
0.0
 10
0.0791666678463419
 20
5.202777855305208
 30
0.0
 10
0.0569444452929828
 20
5.187500077299773
 30
0.0
 10
0.0125000001862645
 20
5.158333410198489
 30
0.0
 10
-0.0069444445479247
 20
5.115277854001356
 30
0.0
 10
0.0138888890958495
 20
5.090277853628827
 30
0.0
 10
0.0208333336437742
 20
5.081944520171317
 30
0.0
 10
0.0305555560108688
 20
5.022222297059165
 30
0.0
 10
0.0347222227396237
 20
4.958333407218256
 30
0.0
 10
0.0486111118354731
 20
4.777777848972214
 30
0.0
 10
0.1097222238572107
 20
4.166666728754838
 30
0.0
 10
0.1319444464105699
 20
3.97916672596087
 30
0.0
 10
0.3041666711991032
 20
2.620833372386793
 30
0.0
 10
0.5708333418394128
 20
1.862500027753412
 30
0.0
 10
1.048611126736634
 20
1.380555576127436
 30
0.0
 10
1.215277795886827
 20
1.213888906977242
 30
0.0
 10
1.336111131020718
 20
1.122222238944636
 30
0.0
 10
1.513888911447591
 20
1.030555570912029
 30
0.0
 10
1.663888913682765
 20
0.951388903065688
 30
0.0
 10
1.802777804641259
 20
0.9013889023206299
 30
0.0
 10
1.966666695972283
 20
0.8666666795810062
 30
0.0
 10
2.066666697462399
 20
0.8458333459372321
 30
0.0
 10
2.17083336568127
 20
0.847222234846817
 30
0.0
 10
2.148611143127911
 20
0.8708333463097611
 30
0.0
 10
2.143055587489571
 20
0.875000013038516
 30
0.0
 10
2.145833365308741
 20
0.8902777910439503
 30
0.0
 10
2.154166698766251
 20
0.9055555690493848
 30
0.0
 10
2.165277810042931
 20
0.9250000137835741
 30
0.0
 10
2.17361114350044
 20
0.9277777916027439
 30
0.0
 10
2.186111143686705
 20
0.9180555692356493
 30
0.0
 10
2.197222254963384
 20
0.9083333468685546
 30
0.0
 10
2.219444477516743
 20
0.9083333468685546
 30
0.0
 10
2.255555589165952
 20
0.9180555692356493
 30
0.0
 10
2.312500034458935
 20
0.9333333472410837
 30
0.0
 10
2.354166701746483
 20
0.926388902693159
 30
0.0
 10
2.338888923741049
 20
0.9013889023206299
 30
0.0
 10
2.333333368102709
 20
0.8902777910439503
 30
0.0
 10
2.338888923741049
 20
0.8902777910439503
 30
0.0
 10
2.359722257384823
 20
0.9013889023206299
 30
0.0
 10
2.377777813209427
 20
0.9111111246877246
 30
0.0
 10
2.388888924486107
 20
0.9125000135973095
 30
0.0
 10
2.388888924486107
 20
0.9041666801397997
 30
0.0
 10
2.388888924486107
 20
0.8958333466822901
 30
0.0
 10
2.398611146853201
 20
0.8930555688631203
 30
0.0
 10
2.409722258129881
 20
0.897222235591875
 30
0.0
 10
2.42361114722573
 20
0.9027777912302148
 30
0.0
 10
2.430555591773655
 20
0.897222235591875
 30
0.0
 10
2.430555591773655
 20
0.8819444575864407
 30
0.0
 10
2.430555591773655
 20
0.8694444574001762
 30
0.0
 10
2.436111147411995
 20
0.8625000128522515
 30
0.0
 10
2.443055591959919
 20
0.8666666795810062
 30
0.0
 10
2.450000036507844
 20
0.8708333463097611
 30
0.0
 10
2.459722258874939
 20
0.8652777906714213
 30
0.0
 10
2.463888925603694
 20
0.8527777904851568
 30
0.0
 10
2.468055592332448
 20
0.8416666792084772
 30
0.0
 10
2.466666703422863
 20
0.8347222346605525
 30
0.0
 10
2.459722258874939
 20
0.8402777902988923
 30
0.0
 10
2.452777814327014
 20
0.8444444570276472
 30
0.0
 10
2.448611147598259
 20
0.8361111235701375
 30
0.0
 10
2.450000036507844
 20
0.823611123383873
 30
0.0
 10
2.452777814327014
 20
0.8111111231976085
 30
0.0
 10
2.462500036694109
 20
0.797222234101759
 30
0.0
 10
2.473611147970788
 20
0.7944444562825891
 30
0.0
 10
2.488888925976223
 20
0.7902777895538344
 30
0.0
 10
2.488888925976223
 20
0.7930555673730043
 30
0.0
 10
2.472222259061203
 20
0.8055555675592687
 30
0.0
 10
2.455555592146184
 20
0.8180555677455332
 30
0.0
 10
2.459722258874939
 20
0.820833345564703
 30
0.0
 10
2.497222259433732
 20
0.8152777899263632
 30
0.0
 10
2.520833370896677
 20
0.8125000121071934
 30
0.0
 10
2.541666704540451
 20
0.8152777899263632
 30
0.0
 10
2.541666704540451
 20
0.8222222344742879
 30
0.0
 10
2.541666704540451
 20
0.8291666790222127
 30
0.0
 10
2.547222260178791
 20
0.8319444568413826
 30
0.0
 10
2.55277781581713
 20
0.8277777901126277
 30
0.0
 10
2.559722260365055
 20
0.823611123383873
 30
0.0
 10
2.573611149460905
 20
0.8361111235701375
 30
0.0
 10
2.583333371827999
 20
0.8541666793947417
 30
0.0
 10
2.593055594195094
 20
0.872222235219346
 30
0.0
 10
2.606944483290943
 20
0.8847222354056105
 30
0.0
 10
2.612500038929283
 20
0.8805555686768558
 30
0.0
 10
2.619444483477208
 20
0.8763889019481009
 30
0.0
 10
2.620833372386793
 20
0.8833333464960256
 30
0.0
 10
2.616666705658038
 20
0.8944444577727052
 30
0.0
 10
2.612500038929283
 20
0.9069444579589697
 30
0.0
 10
2.615277816748453
 20
0.9166666803260643
 30
0.0
 10
2.623611150205963
 20
0.9166666803260643
 30
0.0
 10
2.631944483663472
 20
0.9166666803260643
 30
0.0
 10
2.638888928211397
 20
0.900000013411045
 30
0.0
 10
2.638888928211397
 20
0.8791666797672707
 30
0.0
 10
2.638888928211397
 20
0.8486111237564021
 30
0.0
 10
2.641666706030567
 20
0.8444444570276472
 30
0.0
 10
2.652777817307246
 20
0.8611111239426666
 30
0.0
 10
2.672222262041436
 20
0.8916666799535352
 30
0.0
 10
2.669444484222266
 20
0.9347222361506686
 30
0.0
 10
2.644444483849737
 20
0.9708333477998772
 30
0.0
 10
2.644444483849737
 20
0.9708333477998772
 30
0.0
 10
2.620833372386793
 20
1.00277779272033
 30
0.0
 10
2.620833372386793
 20
1.00277779272033
 30
0.0
 10
2.620833372386793
 20
1.00277779272033
 30
0.0
 10
2.602777816562188
 20
0.951388903065688
 30
0.0
 10
2.602777816562188
 20
0.951388903065688
 30
0.0
 10
2.57500003837049
 20
0.8694444574001762
 30
0.0
 10
2.486111148157053
 20
0.7930555673730043
 30
0.0
 10
2.486111148157053
 20
0.8513889015755719
 30
0.0
 10
2.486111148157053
 20
0.9125000135973095
 30
0.0
 10
2.31388892336852
 20
0.9791666812573868
 30
0.0
 10
2.241666700070102
 20
0.9472222363369331
 30
0.0
 10
2.201388921692139
 20
0.9277777916027439
 30
0.0
 10
2.180555588048365
 20
0.9361111250602537
 30
0.0
 10
2.180555588048365
 20
0.9666666810711223
 30
0.0
 10
2.180555588048365
 20
1.004166681629915
 30
0.0
 10
2.145833365308741
 20
0.9791666812573868
 30
0.0
 10
2.138888920760817
 20
0.9361111250602537
 30
0.0
 10
2.133333365122477
 20
0.9097222357781395
 30
0.0
 10
2.127777809484137
 20
0.9013889023206299
 30
0.0
 10
2.120833364936212
 20
0.9125000135973095
 30
0.0
 10
2.113888920388288
 20
0.9222222359644041
 30
0.0
 10
2.098611142382853
 20
0.9305555694219139
 30
0.0
 10
2.084722253287004
 20
0.9305555694219139
 30
0.0
 10
2.070833364191154
 20
0.9305555694219139
 30
0.0
 10
1.979166696158548
 20
0.9527777919752729
 30
0.0
 10
1.880555583578017
 20
0.9791666812573868
 30
0.0
 10
1.038888904369539
 20
1.209722240248487
 30
0.0
 10
0.5500000081956387
 20
1.941666695599754
 30
0.0
 10
0.3194444492045376
 20
3.312500049360096
 30
0.0
 10
0.2750000040978193
 20
3.584722275638745
 30
0.0
 10
0.2388888924486107
 20
3.866666724284489
 30
0.0
 10
0.1444444465968344
 20
4.694444514397117
 30
0.0
 10
0.1319444464105699
 20
4.805555627163912
 30
0.0
 10
0.1111111127667957
 20
4.927777851207388
 30
0.0
 10
0.0972222236709463
 20
4.966666740675766
 30
0.0
 10
0.0833333345750968
 20
5.00694451905373
 30
0.0
 10
0.076388890027172
 20
5.044444519612524
 30
0.0
 10
0.0819444456655118
 20
5.051388964160448
 30
0.0
 10
0.102777779309286
 20
5.081944520171317
 30
0.0
 10
0.1958333362514774
 20
5.125000076368451
 30
0.0
 10
0.2416666702677806
 20
5.125000076368451
 30
0.0
 10
0.2875000042840838
 20
5.125000076368451
 30
0.0
 10
0.2930555599224236
 20
5.122222298549281
 30
0.0
 10
0.2847222264649139
 20
5.097222298176752
 30
0.0
 10
0.2777777819169892
 20
5.075000075623393
 30
0.0
 10
0.281944448645744
 20
5.069444519985053
 30
0.0
 10
0.3041666711991032
 20
5.069444519985053
 30
0.0
 10
0.3208333381141225
 20
5.069444519985053
 30
0.0
 10
0.333333338300387
 20
5.061111186527543
 30
0.0
 10
0.333333338300387
 20
5.050000075250864
 30
0.0
 10
0.333333338300387
 20
5.020833408149579
 30
0.0
 10
0.3625000054016709
 20
5.00694451905373
 30
0.0
 10
0.3763888944975204
 20
5.029166741607089
 30
0.0
 10
0.3902777835933699
 20
5.051388964160448
 30
0.0
 10
0.3638888943112559
 20
5.087500075809657
 30
0.0
 10
0.3430555606674817
 20
5.073611186713807
 30
0.0
 10
0.333333338300387
 20
5.068055631075467
 30
0.0
 10
0.3319444493908021
 20
5.073611186713807
 30
0.0
 10
0.3375000050291419
 20
5.088888964719242
 30
0.0
 10
0.3444444495770666
 20
5.106944520543846
 30
0.0
 10
0.3416666717578967
 20
5.112500076182186
 30
0.0
 10
0.3291666715716322
 20
5.106944520543846
 30
0.0
 10
0.3194444492045376
 20
5.102777853815092
 30
0.0
 10
0.3027777822895183
 20
5.112500076182186
 30
0.0
 10
0.2944444488320085
 20
5.126388965278035
 30
0.0
 10
0.2847222264649139
 20
5.14166674328347
 30
0.0
 10
0.2625000039115548
 20
5.15277785456015
 30
0.0
 10
0.2430555591773655
 20
5.15277785456015
 30
0.0
 10
0.2138888920760817
 20
5.15277785456015
 30
0.0
 10
0.2083333364377419
 20
5.158333410198489
 30
0.0
 10
0.2111111142569118
 20
5.184722299480603
 30
0.0
 10
0.2166666698952516
 20
5.223611188948981
 30
0.0
 10
0.2333333368102709
 20
5.250000078231096
 30
0.0
 10
0.2513888926348752
 20
5.250000078231096
 30
0.0
 10
0.2597222260923849
 20
5.250000078231096
 30
0.0
 10
0.2875000042840838
 20
5.226388966768151
 30
0.0
 10
0.3138888935661978
 20
5.198611188576452
 30
0.0
 10
0.3500000052154064
 20
5.159722299108074
 30
0.0
 10
0.358333338672916
 20
5.14444452110264
 30
0.0
 10
0.3444444495770666
 20
5.13611118764513
 30
0.0
 10
0.3305555604812171
 20
5.126388965278035
 30
0.0
 10
0.3305555604812171
 20
5.123611187458865
 30
0.0
 10
0.3472222273962365
 20
5.127777854187621
 30
0.0
 10
0.358333338672916
 20
5.131944520916375
 30
0.0
 10
0.3763888944975204
 20
5.113888965091771
 30
0.0
 10
0.3916666725029548
 20
5.086111186900072
 30
0.0
 10
0.4138888950563139
 20
5.041666741793354
 30
0.0
 10
0.4138888950563139
 20
5.036111186155014
 30
0.0
 10
0.3944444503221247
 20
5.022222297059165
 30
0.0
 10
0.3833333390454451
 20
5.01250007469207
 30
0.0
 10
0.3736111166783505
 20
5.000000074505805
 30
0.0
 10
0.3750000055879354
 20
4.99305562995788
 30
0.0
 10
0.3819444501358601
 20
4.962500073947012
 30
0.0
 10
0.3736111166783505
 20
4.945833407031992
 30
0.0
 10
0.3513888941249914
 20
4.940277851393653
 30
0.0
 10
0.3361111161195569
 20
4.936111184664897
 30
0.0
 10
0.3416666717578967
 20
4.933333406845727
 30
0.0
 10
0.3652777832208408
 20
4.931944517936143
 30
0.0
 10
0.4152777839658989
 20
4.930555629026557
 30
0.0
 10
0.4166666728754838
 20
4.880555628281499
 30
0.0
 10
0.3680555610400107
 20
4.85833340572814
 30
0.0
 10
0.3458333384866515
 20
4.848611183361046
 30
0.0
 10
0.333333338300387
 20
4.831944516446027
 30
0.0
 10
0.333333338300387
 20
4.812500071711838
 30
0.0
 10
0.333333338300387
 20
4.740277848413421
 30
0.0
 10
0.5097222298176752
 20
4.463888955406016
 30
0.0
 10
0.5708333418394128
 20
4.441666732852657
 30
0.0
 10
0.6305555649515656
 20
4.419444510299298
 30
0.0
 10
0.7777777893675699
 20
4.522222289608584
 30
0.0
 10
0.7777777893675699
 20
4.587500068359076
 30
0.0
 10
0.7777777893675699
 20
4.645833402561644
 30
0.0
 10
0.6097222313077914
 20
4.894444517377349
 30
0.0
 10
0.5569444527435633
 20
4.912500073201954
 30
0.0
 10
0.5305555634614495
 20
4.923611184478633
 30
0.0
 10
0.4597222290726172
 20
5.00138896341539
 30
0.0
 10
0.4583333401630322
 20
5.022222297059165
 30
0.0
 10
0.4583333401630322
 20
5.030555630516674
 30
0.0
 10
0.4430555621575979
 20
5.051388964160448
 30
0.0
 10
0.4236111174234086
 20
5.069444519985053
 30
0.0
 10
0.3819444501358601
 20
5.108333409453431
 30
0.0
 10
0.3777777834071053
 20
5.131944520916375
 30
0.0
 10
0.4152777839658989
 20
5.111111187272601
 30
0.0
 10
0.4305555619713334
 20
5.104166742724676
 30
0.0
 10
0.4597222290726172
 20
5.097222298176752
 30
0.0
 10
0.4819444516259763
 20
5.098611187086336
 30
0.0
 10
0.5208333410943548
 20
5.100000075995922
 30
0.0
 10
0.5208333410943548
 20
5.100000075995922
 30
0.0
 10
0.4763888959876365
 20
5.111111187272601
 30
0.0
 10
0.412500006146729
 20
5.125000076368451
 30
0.0
 10
0.3694444499495956
 20
5.156944521288904
 30
0.0
 10
0.334722227209972
 20
5.212500077672302
 30
0.0
 10
0.3166666713853677
 20
5.24305563368317
 30
0.0
 10
0.2916666710128387
 20
5.263888967326945
 30
0.0
 10
0.2652777817307247
 20
5.268055634055699
 30
0.0
 10
0.2430555591773655
 20
5.272222300784455
 30
0.0
 10
0.2097222253473268
 20
5.280555634241964
 30
0.0
 10
0.1902777806131376
 20
5.284722300970719
 30
0.0
 10
0.1652777802406086
 20
5.291666745518644
 30
0.0
 10
0.1472222244160043
 20
5.286111189880304
 30
0.0
 10
0.1263888907722301
 20
5.26527785623653
 30
0.0
  0
HATCH
  5
14E
330
79
100
AcDbEntity
  8
Layer 1
 62
    18
420
        0
440
 33554687
100
AcDbHatch
 10
0.0
 20
0.0
 30
0.0
210
0.0
220
0.0
230
1.0
  2
SOLID
 70
     1
 71
     1
 91
       40
 92
        1
 93
        1
 72
     4
 94
        3
 73
     0
 74
     0
 95
       41
 96
       37
 40
0.0
 40
0.0
 40
0.0
 40
0.0
 40
1.0
 40
1.0
 40
1.0
 40
2.0
 40
2.0
 40
2.0
 40
3.0
 40
3.0
 40
3.0
 40
4.0
 40
4.0
 40
4.0
 40
5.0
 40
5.0
 40
5.0
 40
6.0
 40
6.0
 40
6.0
 40
7.0
 40
7.0
 40
7.0
 40
8.0
 40
8.0
 40
8.0
 40
9.0
 40
9.0
 40
9.0
 40
10.0
 40
10.0
 40
10.0
 40
11.0
 40
11.0
 40
11.0
 40
12.0
 40
12.0
 40
12.0
 40
12.0
 10
1.833333360652128
 20
0.9583333476136127
 10
1.815277804827524
 20
0.9458333474273482
 10
1.815277804827524
 20
0.9444444585177633
 10
1.833333360652128
 20
0.9444444585177633
 10
1.911111139588885
 20
0.9402777917890084
 10
1.983333362887302
 20
0.9250000137835741
 10
2.004166696531076
 20
0.9055555690493848
 10
2.016666696717341
 20
0.8944444577727052
 10
2.025000030174851
 20
0.8819444575864407
 10
2.022222252355681
 20
0.8777777908576858
 10
2.018055585626926
 20
0.875000013038516
 10
2.005555585440661
 20
0.8819444575864407
 10
1.993055585254397
 20
0.8944444577727052
 10
1.980555585068133
 20
0.9069444579589697
 10
1.959722251424358
 20
0.9166666803260643
 10
1.947222251238094
 20
0.9166666803260643
 10
1.92638891759432
 20
0.9166666803260643
 10
1.92638891759432
 20
0.9138889025068944
 10
1.944444473418924
 20
0.9027777912302148
 10
1.956944473605188
 20
0.8944444577727052
 10
1.958333362514773
 20
0.8888889021343654
 10
1.948611140147679
 20
0.8888889021343654
 10
1.940277806690169
 20
0.8888889021343654
 10
1.92361113977515
 20
0.897222235591875
 10
1.913888917408055
 20
0.9069444579589697
 10
1.90416669504096
 20
0.9166666803260643
 10
1.873611139030092
 20
0.926388902693159
 10
1.847222249747978
 20
0.9291666805123288
 10
1.820833360465864
 20
0.9305555694219139
 10
1.795833360093335
 20
0.9361111250602537
 10
1.79166669336458
 20
0.9388889028794235
 10
1.784722248816655
 20
0.9472222363369331
 10
1.820833360465864
 20
0.9722222367094621
 10
1.840277805200053
 20
0.9722222367094621
 10
1.848611138657563
 20
0.9722222367094621
 10
1.844444471928808
 20
0.9652777921615374
 10
1.833333360652128
 20
0.9583333476136127
 97
        0
 97
        1
330
126
 92
        1
 93
        1
 72
     4
 94
        3
 73
     0
 74
     0
 95
       20
 96
       16
 40
0.0
 40
0.0
 40
0.0
 40
0.0
 40
1.0
 40
1.0
 40
1.0
 40
2.0
 40
2.0
 40
2.0
 40
3.0
 40
3.0
 40
3.0
 40
4.0
 40
4.0
 40
4.0
 40
5.0
 40
5.0
 40
5.0
 40
5.0
 10
1.756944470624956
 20
0.9722222367094621
 10
1.756944470624956
 20
0.9722222367094621
 10
1.784722248816655
 20
0.9597222365231976
 10
1.784722248816655
 20
0.9597222365231976
 10
1.784722248816655
 20
0.9597222365231976
 10
1.756944470624956
 20
0.9597222365231976
 10
1.756944470624956
 20
0.9597222365231976
 10
1.741666692619522
 20
0.9597222365231976
 10
1.719444470066163
 20
0.9652777921615374
 10
1.708333358789483
 20
0.9722222367094621
 10
1.690277802964879
 20
0.9847222368957266
 10
1.690277802964879
 20
0.9861111258053117
 10
1.708333358789483
 20
0.9847222368957266
 10
1.719444470066163
 20
0.9847222368957266
 10
1.741666692619522
 20
0.9791666812573868
 10
1.756944470624956
 20
0.9722222367094621
 97
        0
 97
        1
330
127
 92
        1
 93
        1
 72
     4
 94
        3
 73
     0
 74
     0
 95
       17
 96
       13
 40
0.0
 40
0.0
 40
0.0
 40
0.0
 40
1.0
 40
1.0
 40
1.0
 40
2.0
 40
2.0
 40
2.0
 40
3.0
 40
3.0
 40
3.0
 40
4.0
 40
4.0
 40
4.0
 40
4.0
 10
1.666666691501935
 20
1.01666668181618
 10
1.666666691501935
 20
1.009722237268255
 10
1.65694446913484
 20
1.004166681629915
 10
1.64583335785816
 20
1.004166681629915
 10
1.634722246581481
 20
1.004166681629915
 10
1.629166690943141
 20
1.009722237268255
 10
1.633333357671896
 20
1.01666668181618
 10
1.637500024400651
 20
1.02222223745452
 10
1.64583335785816
 20
1.027777793092859
 10
1.65416669131567
 20
1.027777793092859
 10
1.661111135863595
 20
1.027777793092859
 10
1.666666691501935
 20
1.02222223745452
 10
1.666666691501935
 20
1.01666668181618
 97
        0
 97
        1
330
128
 92
        1
 93
        1
 72
     4
 94
        3
 73
     0
 74
     0
 95
       23
 96
       19
 40
0.0
 40
0.0
 40
0.0
 40
0.0
 40
1.0
 40
1.0
 40
1.0
 40
2.0
 40
2.0
 40
2.0
 40
3.0
 40
3.0
 40
3.0
 40
4.0
 40
4.0
 40
4.0
 40
5.0
 40
5.0
 40
5.0
 40
6.0
 40
6.0
 40
6.0
 40
6.0
 10
1.597222246022687
 20
1.041666682188709
 10
1.580555579107668
 20
1.030555570912029
 10
1.580555579107668
 20
1.027777793092859
 10
1.595833357113102
 20
1.027777793092859
 10
1.606944468389782
 20
1.027777793092859
 10
1.612500024028122
 20
1.02500001527369
 10
1.608333357299367
 20
1.020833348544935
 10
1.604166690570612
 20
1.01666668181618
 10
1.590277801474763
 20
1.018055570725765
 10
1.577777801288498
 20
1.02222223745452
 10
1.558333356554309
 20
1.029166682002444
 10
1.556944467644724
 20
1.034722237640784
 10
1.572222245650158
 20
1.043055571098294
 10
1.581944468017253
 20
1.050000015646219
 10
1.597222246022687
 20
1.055555571284559
 10
1.604166690570612
 20
1.055555571284559
 10
1.612500024028122
 20
1.055555571284559
 10
1.608333357299367
 20
1.048611126736634
 10
1.597222246022687
 20
1.041666682188709
 97
        0
 97
        1
330
129
 92
        1
 93
        1
 72
     4
 94
        3
 73
     0
 74
     0
 95
       20
 96
       16
 40
0.0
 40
0.0
 40
0.0
 40
0.0
 40
1.0
 40
1.0
 40
1.0
 40
2.0
 40
2.0
 40
2.0
 40
3.0
 40
3.0
 40
3.0
 40
4.0
 40
4.0
 40
4.0
 40
5.0
 40
5.0
 40
5.0
 40
5.0
 10
1.472222244160042
 20
1.112500016577541
 10
1.472222244160042
 20
1.098611127481692
 10
1.526388911633855
 20
1.075000016018748
 10
1.545833356368044
 20
1.080555571657088
 10
1.552777800915969
 20
1.081944460566673
 10
1.554166689825554
 20
1.077777793837918
 10
1.548611134187214
 20
1.069444460380408
 10
1.543055578548875
 20
1.061111126922898
 10
1.519444467085931
 20
1.066666682561238
 10
1.484722244346307
 20
1.083333349476257
 10
1.427777799053324
 20
1.113888905487126
 10
1.418055576686229
 20
1.125000016763806
 10
1.451388910516268
 20
1.125000016763806
 10
1.462500021792948
 20
1.125000016763806
 10
1.472222244160042
 20
1.119444461125466
 10
1.472222244160042
 20
1.112500016577541
 97
        0
 97
        1
330
12A
 92
        1
 93
        1
 72
     4
 94
        3
 73
     0
 74
     0
 95
       17
 96
       13
 40
0.0
 40
0.0
 40
0.0
 40
0.0
 40
1.0
 40
1.0
 40
1.0
 40
2.0
 40
2.0
 40
2.0
 40
3.0
 40
3.0
 40
3.0
 40
4.0
 40
4.0
 40
4.0
 40
4.0
 10
1.416666687776644
 20
1.130555572402146
 10
1.416666687776644
 20
1.127777794582976
 10
1.39861113195204
 20
1.133333350221315
 10
1.375000020489096
 20
1.14583335040758
 10
1.352777797935737
 20
1.158333350593844
 10
1.333333353201548
 20
1.170833350780109
 10
1.333333353201548
 20
1.175000017508864
 10
1.333333353201548
 20
1.177777795328034
 10
1.352777797935737
 20
1.172222239689694
 10
1.375000020489096
 20
1.159722239503429
 10
1.39861113195204
 20
1.147222239317165
 10
1.416666687776644
 20
1.1347222391309
 10
1.416666687776644
 20
1.130555572402146
 97
        0
 97
        1
330
12B
 92
        1
 93
        1
 72
     4
 94
        3
 73
     0
 74
     0
 95
       14
 96
       10
 40
0.0
 40
0.0
 40
0.0
 40
0.0
 40
1.0
 40
1.0
 40
1.0
 40
2.0
 40
2.0
 40
2.0
 40
3.0
 40
3.0
 40
3.0
 40
3.0
 10
1.327777797563208
 20
1.197222240062223
 10
1.318055575196113
 20
1.187500017695128
 10
1.2638889077223
 20
1.209722240248487
 10
1.2638889077223
 20
1.222222240434752
 10
1.2638889077223
 20
1.229166684982677
 10
1.279166685727735
 20
1.227777796073092
 10
1.298611130461924
 20
1.219444462615582
 10
1.318055575196113
 20
1.211111129158072
 10
1.330555575382378
 20
1.201388906790978
 10
1.327777797563208
 20
1.197222240062223
 97
        0
 97
        1
330
12C
 92
        1
 93
        1
 72
     4
 94
        3
 73
     0
 74
     0
 95
       14
 96
       10
 40
0.0
 40
0.0
 40
0.0
 40
0.0
 40
1.0
 40
1.0
 40
1.0
 40
2.0
 40
2.0
 40
2.0
 40
3.0
 40
3.0
 40
3.0
 40
3.0
 10
1.215277795886827
 20
1.276388907908565
 10
1.230555573892262
 20
1.254166685355206
 10
1.216666684796412
 20
1.250000018626451
 10
1.197222240062223
 20
1.27222224117981
 10
1.187500017695128
 20
1.28333335245649
 10
1.186111128785543
 20
1.291666685913999
 10
1.193055573333468
 20
1.291666685913999
 10
1.200000017881393
 20
1.291666685913999
 10
1.211111129158072
 20
1.284722241366075
 10
1.215277795886827
 20
1.276388907908565
 97
        0
 97
        1
330
12D
 92
        1
 93
        1
 72
     4
 94
        3
 73
     0
 74
     0
 95
       17
 96
       13
 40
0.0
 40
0.0
 40
0.0
 40
0.0
 40
1.0
 40
1.0
 40
1.0
 40
2.0
 40
2.0
 40
2.0
 40
3.0
 40
3.0
 40
3.0
 40
4.0
 40
4.0
 40
4.0
 40
4.0
 10
1.111111127667956
 20
1.381944465037021
 10
1.129166683492561
 20
1.362500020302832
 10
1.14027779476924
 20
1.347222242297397
 10
1.136111128040485
 20
1.347222242297397
 10
1.133333350221315
 20
1.347222242297397
 10
1.115277794396711
 20
1.362500020302832
 10
1.097222238572107
 20
1.381944465037021
 10
1.079166682747503
 20
1.40138890977121
 10
1.068055571470823
 20
1.416666687776644
 10
1.072222238199578
 20
1.416666687776644
 10
1.075000016018748
 20
1.416666687776644
 10
1.093055571843352
 20
1.40138890977121
 10
1.111111127667956
 20
1.381944465037021
 97
        0
 97
        1
330
12E
 92
        1
 93
        1
 72
     4
 94
        3
 73
     0
 74
     0
 95
       17
 96
       13
 40
0.0
 40
0.0
 40
0.0
 40
0.0
 40
1.0
 40
1.0
 40
1.0
 40
2.0
 40
2.0
 40
2.0
 40
3.0
 40
3.0
 40
3.0
 40
4.0
 40
4.0
 40
4.0
 40
4.0
 10
1.048611126736634
 20
1.430555576872494
 10
1.052777793465389
 20
1.423611132324569
 10
1.051388904555804
 20
1.416666687776644
 10
1.043055571098294
 20
1.416666687776644
 10
1.036111126550369
 20
1.416666687776644
 10
1.02500001527369
 20
1.423611132324569
 10
1.020833348544935
 20
1.430555576872494
 10
1.01666668181618
 20
1.438888910330003
 10
1.018055570725765
 20
1.444444465968343
 10
1.026388904183275
 20
1.444444465968343
 10
1.033333348731199
 20
1.444444465968343
 10
1.044444460007879
 20
1.438888910330003
 10
1.048611126736634
 20
1.430555576872494
 97
        0
 97
        1
330
12F
 92
        1
 93
        1
 72
     4
 94
        3
 73
     0
 74
     0
 95
       14
 96
       10
 40
0.0
 40
0.0
 40
0.0
 40
0.0
 40
1.0
 40
1.0
 40
1.0
 40
2.0
 40
2.0
 40
2.0
 40
3.0
 40
3.0
 40
3.0
 40
3.0
 10
0.9736111256190472
 20
1.53888891182012
 10
1.00277779272033
 20
1.504166689080496
 10
1.031944459821614
 20
1.458333355064193
 10
1.023611126364105
 20
1.458333355064193
 10
1.020833348544935
 20
1.458333355064193
 10
0.9986111259915762
 20
1.483333355436722
 10
0.9736111256190472
 20
1.513888911447591
 10
0.9277777916027439
 20
1.572222245650158
 10
0.9277777916027439
 20
1.593055579293933
 10
0.9736111256190472
 20
1.53888891182012
 97
        0
 97
        1
330
130
 92
        1
 93
        1
 72
     4
 94
        3
 73
     0
 74
     0
 95
       20
 96
       16
 40
0.0
 40
0.0
 40
0.0
 40
0.0
 40
1.0
 40
1.0
 40
1.0
 40
2.0
 40
2.0
 40
2.0
 40
3.0
 40
3.0
 40
3.0
 40
4.0
 40
4.0
 40
4.0
 40
5.0
 40
5.0
 40
5.0
 40
5.0
 10
0.9083333468685546
 20
1.608333357299367
 10
0.9055555690493848
 20
1.604166690570612
 10
0.9111111246877246
 20
1.595833357113102
 10
0.9194444581452343
 20
1.593055579293933
 10
0.9333333472410837
 20
1.587500023655593
 10
0.9333333472410837
 20
1.584722245836423
 10
0.9208333470548192
 20
1.584722245836423
 10
0.9111111246877246
 20
1.583333356926838
 10
0.8930555688631203
 20
1.604166690570612
 10
0.8805555686768558
 20
1.629166690943141
 10
0.8583333461234966
 20
1.67361113604986
 10
0.8583333461234966
 20
1.67361113604986
 10
0.8861111243151956
 20
1.64583335785816
 10
0.900000013411045
 20
1.630555579852726
 10
0.9111111246877246
 20
1.613888912937707
 10
0.9083333468685546
 20
1.608333357299367
 97
        0
 97
        1
330
131
 92
        1
 93
        1
 72
     4
 94
        3
 73
     0
 74
     0
 95
       20
 96
       16
 40
0.0
 40
0.0
 40
0.0
 40
0.0
 40
1.0
 40
1.0
 40
1.0
 40
2.0
 40
2.0
 40
2.0
 40
3.0
 40
3.0
 40
3.0
 40
4.0
 40
4.0
 40
4.0
 40
5.0
 40
5.0
 40
5.0
 40
5.0
 10
0.823611123383873
 20
1.720833358975748
 10
0.8291666790222127
 20
1.702777803151143
 10
0.8375000124797224
 20
1.695833358603219
 10
0.8486111237564021
 20
1.702777803151143
 10
0.8597222350330815
 20
1.708333358789483
 10
0.8625000128522515
 20
1.706944469879898
 10
0.8555555683043268
 20
1.695833358603219
 10
0.850000012665987
 20
1.687500025145709
 10
0.8388889013893074
 20
1.683333358416954
 10
0.8319444568413826
 20
1.687500025145709
 10
0.8125000121071934
 20
1.700000025331974
 10
0.7888889006442494
 20
1.750000026077032
 10
0.8027777897400987
 20
1.750000026077032
 10
0.8111111231976085
 20
1.750000026077032
 10
0.8194444566551181
 20
1.737500025890767
 10
0.823611123383873
 20
1.720833358975748
 97
        0
 97
        1
330
132
 92
        1
 93
        1
 72
     4
 94
        3
 73
     0
 74
     0
 95
       14
 96
       10
 40
0.0
 40
0.0
 40
0.0
 40
0.0
 40
1.0
 40
1.0
 40
1.0
 40
2.0
 40
2.0
 40
2.0
 40
3.0
 40
3.0
 40
3.0
 40
3.0
 10
0.7791666782771547
 20
1.795833360093335
 10
0.797222234101759
 20
1.773611137539976
 10
0.7958333451921741
 20
1.772222248630391
 10
0.7750000115484
 20
1.790277804454995
 10
0.7611111224525505
 20
1.80000002682209
 10
0.7500000111758709
 20
1.811111138098769
 10
0.7500000111758709
 20
1.813888915917939
 10
0.7500000111758709
 20
1.825000027194619
 10
0.7611111224525505
 20
1.818055582646694
 10
0.7791666782771547
 20
1.795833360093335
 97
        0
 97
        1
330
133
 92
        1
 93
        1
 72
     4
 94
        3
 73
     0
 74
     0
 95
       17
 96
       13
 40
0.0
 40
0.0
 40
0.0
 40
0.0
 40
1.0
 40
1.0
 40
1.0
 40
2.0
 40
2.0
 40
2.0
 40
3.0
 40
3.0
 40
3.0
 40
4.0
 40
4.0
 40
4.0
 40
4.0
 10
0.7500000111758709
 20
1.883333361397186
 10
0.7500000111758709
 20
1.879166694668431
 10
0.744444455537531
 20
1.872222250120507
 10
0.7361111220800214
 20
1.868055583391752
 10
0.7291666775320966
 20
1.863888916662997
 10
0.722222232984172
 20
1.866666694482167
 10
0.722222232984172
 20
1.873611139030092
 10
0.722222232984172
 20
1.881944472487601
 10
0.7291666775320966
 20
1.888888917035526
 10
0.7361111220800214
 20
1.888888917035526
 10
0.744444455537531
 20
1.888888917035526
 10
0.7500000111758709
 20
1.886111139216356
 10
0.7500000111758709
 20
1.883333361397186
 97
        0
 97
        1
330
134
 92
        1
 93
        1
 72
     4
 94
        3
 73
     0
 74
     0
 95
       14
 96
       10
 40
0.0
 40
0.0
 40
0.0
 40
0.0
 40
1.0
 40
1.0
 40
1.0
 40
2.0
 40
2.0
 40
2.0
 40
3.0
 40
3.0
 40
3.0
 40
3.0
 10
0.722222232984172
 20
1.91250002849847
 10
0.722222232984172
 20
1.90694447286013
 10
0.7138888995266623
 20
1.9097222506793
 10
0.7027777882499828
 20
1.919444473046395
 10
0.6916666769733031
 20
1.92916669541349
 10
0.6861111213349634
 20
1.943055584509339
 10
0.6902777880637183
 20
1.950000029057264
 10
0.697222232611643
 20
1.961111140333943
 10
0.722222232984172
 20
1.933333362142244
 10
0.722222232984172
 20
1.91250002849847
 97
        0
 97
        1
330
135
 92
        1
 93
        1
 72
     4
 94
        3
 73
     0
 74
     0
 95
       20
 96
       16
 40
0.0
 40
0.0
 40
0.0
 40
0.0
 40
1.0
 40
1.0
 40
1.0
 40
2.0
 40
2.0
 40
2.0
 40
3.0
 40
3.0
 40
3.0
 40
4.0
 40
4.0
 40
4.0
 40
5.0
 40
5.0
 40
5.0
 40
5.0
 10
0.6750000100582838
 20
1.962500029243528
 10
0.6722222322391139
 20
1.958333362514773
 10
0.6625000098720193
 20
1.979166696158548
 10
0.6527777875049247
 20
2.005555585440661
 10
0.6444444540474149
 20
2.03333336363236
 10
0.6319444538611504
 20
2.055555586185719
 10
0.6250000093132258
 20
2.055555586185719
 10
0.6194444536748859
 20
2.055555586185719
 10
0.616666675855716
 20
2.069444475281569
 10
0.6222222314940559
 20
2.086111142196588
 10
0.6277777871323957
 20
2.111111142569118
 10
0.6347222316803204
 20
2.102777809111608
 10
0.6555555653240946
 20
2.04166669708987
 10
0.669444454419944
 20
2.001388918711907
 10
0.6777777878774537
 20
1.965277807062698
 10
0.6750000100582838
 20
1.962500029243528
 97
        0
 97
        1
330
136
 92
        1
 93
        1
 72
     4
 94
        3
 73
     0
 74
     0
 95
       17
 96
       13
 40
0.0
 40
0.0
 40
0.0
 40
0.0
 40
1.0
 40
1.0
 40
1.0
 40
2.0
 40
2.0
 40
2.0
 40
3.0
 40
3.0
 40
3.0
 40
4.0
 40
4.0
 40
4.0
 40
4.0
 10
0.6125000091269613
 20
2.131944476212892
 10
0.6194444536748859
 20
2.136111142941647
 10
0.6208333425844709
 20
2.130555587303307
 10
0.616666675855716
 20
2.119444476026627
 10
0.6055555645790366
 20
2.088888920015758
 10
0.5833333420256773
 20
2.105555586930778
 10
0.5847222309352623
 20
2.143055587489571
 10
0.5861111198448472
 20
2.166666698952515
 10
0.5875000087544322
 20
2.1680555878621
 10
0.593055564392772
 20
2.148611143127911
 10
0.5958333422119419
 20
2.136111142941647
 10
0.6055555645790366
 20
2.127777809484137
 10
0.6125000091269613
 20
2.131944476212892
 97
        0
 97
        1
330
137
 92
        1
 93
        1
 72
     4
 94
        3
 73
     0
 74
     0
 95
       14
 96
       10
 40
0.0
 40
0.0
 40
0.0
 40
0.0
 40
1.0
 40
1.0
 40
1.0
 40
2.0
 40
2.0
 40
2.0
 40
3.0
 40
3.0
 40
3.0
 40
3.0
 10
0.5833333420256773
 20
2.18194447695795
 10
0.5819444531160923
 20
2.163888921133346
 10
0.543055563647714
 20
2.244444477889272
 10
0.543055563647714
 20
2.263888922623462
 10
0.543055563647714
 20
2.275000033900141
 10
0.5513888971052236
 20
2.263888922623462
 10
0.5625000083819032
 20
2.237500033341348
 10
0.5736111196585827
 20
2.212500032968819
 10
0.5833333420256773
 20
2.18750003259629
 10
0.5833333420256773
 20
2.18194447695795
 97
        0
 97
        1
330
138
 92
        1
 93
        1
 72
     4
 94
        3
 73
     0
 74
     0
 95
       14
 96
       10
 40
0.0
 40
0.0
 40
0.0
 40
0.0
 40
1.0
 40
1.0
 40
1.0
 40
2.0
 40
2.0
 40
2.0
 40
3.0
 40
3.0
 40
3.0
 40
3.0
 10
0.5291666745518644
 20
2.287500034086406
 10
0.5152777854560151
 20
2.275000033900141
 10
0.5138888965464301
 20
2.276388922809726
 10
0.5222222300039398
 20
2.295833367543915
 10
0.5263888967326946
 20
2.309722256639765
 10
0.5347222301902043
 20
2.316666701187689
 10
0.5388888969189591
 20
2.312500034458935
 10
0.543055563647714
 20
2.30833336773018
 10
0.5388888969189591
 20
2.2972222564535
 10
0.5291666745518644
 20
2.287500034086406
 97
        0
 97
        1
330
139
 92
        1
 93
        1
 72
     4
 94
        3
 73
     0
 74
     0
 95
       20
 96
       16
 40
0.0
 40
0.0
 40
0.0
 40
0.0
 40
1.0
 40
1.0
 40
1.0
 40
2.0
 40
2.0
 40
2.0
 40
3.0
 40
3.0
 40
3.0
 40
4.0
 40
4.0
 40
4.0
 40
5.0
 40
5.0
 40
5.0
 40
5.0
 10
0.5166666743655999
 20
2.381944479938182
 10
0.5194444521847699
 20
2.355555590656068
 10
0.5166666743655999
 20
2.333333368102709
 10
0.5111111187272602
 20
2.333333368102709
 10
0.5055555630889204
 20
2.333333368102709
 10
0.5000000074505806
 20
2.348611146108143
 10
0.5000000074505806
 20
2.366666701932747
 10
0.5000000074505806
 20
2.384722257757352
 10
0.4958333407218257
 20
2.411111147039466
 10
0.490277785083486
 20
2.425000036135315
 10
0.4847222294451462
 20
2.440277814140749
 10
0.4861111183547311
 20
2.445833369779089
 10
0.4958333407218257
 20
2.440277814140749
 10
0.5041666741793354
 20
2.43472225850241
 10
0.5138888965464301
 20
2.408333369220296
 10
0.5166666743655999
 20
2.381944479938182
 97
        0
 97
        1
330
13A
 92
        1
 93
        1
 72
     4
 94
        3
 73
     0
 74
     0
 95
       17
 96
       13
 40
0.0
 40
0.0
 40
0.0
 40
0.0
 40
1.0
 40
1.0
 40
1.0
 40
2.0
 40
2.0
 40
2.0
 40
3.0
 40
3.0
 40
3.0
 40
4.0
 40
4.0
 40
4.0
 40
4.0
 10
0.4680555625301269
 20
2.511111148529582
 10
0.4722222292588817
 20
2.477777814699543
 10
0.4722222292588817
 20
2.454166703236599
 10
0.4666666736205419
 20
2.458333369965354
 10
0.4625000068917871
 20
2.462500036694109
 10
0.4555555623438624
 20
2.494444481614563
 10
0.4513888956151075
 20
2.527777815444601
 10
0.4472222288863527
 20
2.56111114927464
 10
0.4486111177959376
 20
2.584722260737584
 10
0.4527777845246925
 20
2.579166705099244
 10
0.4583333401630322
 20
2.57500003837049
 10
0.465277784710957
 20
2.543055593450036
 10
0.4680555625301269
 20
2.511111148529582
 97
        0
 97
        1
330
13B
 92
        1
 93
        1
 72
     4
 94
        3
 73
     0
 74
     0
 95
       14
 96
       10
 40
0.0
 40
0.0
 40
0.0
 40
0.0
 40
1.0
 40
1.0
 40
1.0
 40
2.0
 40
2.0
 40
2.0
 40
3.0
 40
3.0
 40
3.0
 40
3.0
 10
0.4152777839658989
 20
2.666666706403096
 10
0.4152777839658989
 20
2.652777817307246
 10
0.411111117237144
 20
2.655555595126416
 10
0.4027777837796344
 20
2.673611150951021
 10
0.386111116864615
 20
2.711111151509814
 10
0.386111116864615
 20
2.733333374063173
 10
0.4027777837796344
 20
2.708333373690644
 10
0.4097222283275591
 20
2.697222262413965
 10
0.4152777839658989
 20
2.677777817679775
 10
0.4152777839658989
 20
2.666666706403096
 97
        0
 97
        1
330
13C
 92
        1
 93
        1
 72
     4
 94
        3
 73
     0
 74
     0
 95
       17
 96
       13
 40
0.0
 40
0.0
 40
0.0
 40
0.0
 40
1.0
 40
1.0
 40
1.0
 40
2.0
 40
2.0
 40
2.0
 40
3.0
 40
3.0
 40
3.0
 40
4.0
 40
4.0
 40
4.0
 40
4.0
 10
0.3888888946837849
 20
2.815277819728685
 10
0.3888888946837849
 20
2.80833337518076
 10
0.3833333390454451
 20
2.80833337518076
 10
0.3750000055879354
 20
2.812500041909515
 10
0.3680555610400107
 20
2.81666670863827
 10
0.361111116492086
 20
2.831944486643704
 10
0.361111116492086
 20
2.844444486829969
 10
0.361111116492086
 20
2.865277820473743
 10
0.3638888943112559
 20
2.865277820473743
 10
0.3750000055879354
 20
2.847222264649139
 10
0.3819444501358601
 20
2.836111153372459
 10
0.3888888946837849
 20
2.820833375367025
 10
0.3888888946837849
 20
2.815277819728685
 97
        0
 97
        1
330
13D
 92
        1
 93
        1
 72
     4
 94
        3
 73
     0
 74
     0
 95
       14
 96
       10
 40
0.0
 40
0.0
 40
0.0
 40
0.0
 40
1.0
 40
1.0
 40
1.0
 40
2.0
 40
2.0
 40
2.0
 40
3.0
 40
3.0
 40
3.0
 40
3.0
 10
0.3680555610400107
 20
2.904166709942122
 10
0.3722222277687655
 20
2.897222265394197
 10
0.3694444499495956
 20
2.887500043027102
 10
0.361111116492086
 20
2.881944487388762
 10
0.3541666719441612
 20
2.877777820660007
 10
0.3472222273962365
 20
2.883333376298347
 10
0.3472222273962365
 20
2.894444487575027
 10
0.3472222273962365
 20
2.919444487947556
 10
0.3555555608537462
 20
2.923611154676311
 10
0.3680555610400107
 20
2.904166709942122
 97
        0
 97
        1
330
13E
 92
        1
 93
        1
 72
     4
 94
        3
 73
     0
 74
     0
 95
       14
 96
       10
 40
0.0
 40
0.0
 40
0.0
 40
0.0
 40
1.0
 40
1.0
 40
1.0
 40
2.0
 40
2.0
 40
2.0
 40
3.0
 40
3.0
 40
3.0
 40
3.0
 10
0.3472222273962365
 20
2.95972226632552
 10
0.3472222273962365
 20
2.915277821218801
 10
0.3388888939387268
 20
2.926388932495481
 10
0.3277777826620473
 20
2.986111155607634
 10
0.3222222270237074
 20
3.020833378347257
 10
0.3236111159332924
 20
3.029166711804767
 10
0.333333338300387
 20
3.013888933799333
 10
0.3402777828483118
 20
3.002777822522653
 10
0.3472222273962365
 20
2.977777822150124
 10
0.3472222273962365
 20
2.95972226632552
 97
        0
 97
        1
330
13F
 92
        1
 93
        1
 72
     4
 94
        3
 73
     0
 74
     0
 95
       14
 96
       10
 40
0.0
 40
0.0
 40
0.0
 40
0.0
 40
1.0
 40
1.0
 40
1.0
 40
2.0
 40
2.0
 40
2.0
 40
3.0
 40
3.0
 40
3.0
 40
3.0
 10
0.3152777824757828
 20
3.06666671236356
 10
0.3111111157470279
 20
3.056944489996466
 10
0.308333337927858
 20
3.063888934544391
 10
0.308333337927858
 20
3.08333337927858
 10
0.308333337927858
 20
3.102777824012769
 10
0.3111111157470279
 20
3.109722268560694
 10
0.3152777824757828
 20
3.101388935103184
 10
0.3180555602949526
 20
3.091666712736089
 10
0.3180555602949526
 20
3.07500004582107
 10
0.3152777824757828
 20
3.06666671236356
 97
        0
 97
        1
330
140
 92
        1
 93
        1
 72
     4
 94
        3
 73
     0
 74
     0
 95
       17
 96
       13
 40
0.0
 40
0.0
 40
0.0
 40
0.0
 40
1.0
 40
1.0
 40
1.0
 40
2.0
 40
2.0
 40
2.0
 40
3.0
 40
3.0
 40
3.0
 40
4.0
 40
4.0
 40
4.0
 40
4.0
 10
0.3194444492045376
 20
3.144444491300317
 10
0.3194444492045376
 20
3.133333380023638
 10
0.3138888935661978
 20
3.125000046566128
 10
0.3055555601086881
 20
3.125000046566128
 10
0.2986111155607634
 20
3.125000046566128
 10
0.2916666710128387
 20
3.137500046752393
 10
0.2916666710128387
 20
3.154166713667412
 10
0.2916666710128387
 20
3.169444491672846
 10
0.2986111155607634
 20
3.177777825130356
 10
0.3055555601086881
 20
3.173611158401601
 10
0.3138888935661978
 20
3.169444491672846
 10
0.3194444492045376
 20
3.155555602576997
 10
0.3194444492045376
 20
3.144444491300317
 97
        0
 97
        1
330
141
 92
        1
 93
        1
 72
     4
 94
        3
 73
     0
 74
     0
 95
       17
 96
       13
 40
0.0
 40
0.0
 40
0.0
 40
0.0
 40
1.0
 40
1.0
 40
1.0
 40
2.0
 40
2.0
 40
2.0
 40
3.0
 40
3.0
 40
3.0
 40
4.0
 40
4.0
 40
4.0
 40
4.0
 10
0.2916666710128387
 20
3.263888937524622
 10
0.2916666710128387
 20
3.256944492976698
 10
0.2847222264649139
 20
3.250000048428773
 10
0.2763888930074043
 20
3.250000048428773
 10
0.2694444484594795
 20
3.250000048428773
 10
0.2666666706403096
 20
3.256944492976698
 10
0.2708333373690644
 20
3.263888937524622
 10
0.2750000040978193
 20
3.272222270982132
 10
0.281944448645744
 20
3.277777826620472
 10
0.2861111153744989
 20
3.277777826620472
 10
0.2888888931936688
 20
3.277777826620472
 10
0.2916666710128387
 20
3.272222270982132
 10
0.2916666710128387
 20
3.263888937524622
 97
        0
 97
        1
330
142
 92
        1
 93
        1
 72
     4
 94
        3
 73
     0
 74
     0
 95
       17
 96
       13
 40
0.0
 40
0.0
 40
0.0
 40
0.0
 40
1.0
 40
1.0
 40
1.0
 40
2.0
 40
2.0
 40
2.0
 40
3.0
 40
3.0
 40
3.0
 40
4.0
 40
4.0
 40
4.0
 40
4.0
 10
0.2916666710128387
 20
3.32777782736553
 10
0.2916666710128387
 20
3.323611160636775
 10
0.2861111153744989
 20
3.31666671608885
 10
0.2777777819169892
 20
3.312500049360096
 10
0.2708333373690644
 20
3.308333382631341
 10
0.2638888928211398
 20
3.311111160450511
 10
0.2638888928211398
 20
3.318055604998435
 10
0.2638888928211398
 20
3.326388938455945
 10
0.2708333373690644
 20
3.33333338300387
 10
0.2777777819169892
 20
3.33333338300387
 10
0.2861111153744989
 20
3.33333338300387
 10
0.2916666710128387
 20
3.3305556051847
 10
0.2916666710128387
 20
3.32777782736553
 97
        0
 97
        1
330
143
 92
        1
 93
        1
 72
     4
 94
        3
 73
     0
 74
     0
 95
       29
 96
       25
 40
0.0
 40
0.0
 40
0.0
 40
0.0
 40
1.0
 40
1.0
 40
1.0
 40
2.0
 40
2.0
 40
2.0
 40
3.0
 40
3.0
 40
3.0
 40
4.0
 40
4.0
 40
4.0
 40
5.0
 40
5.0
 40
5.0
 40
6.0
 40
6.0
 40
6.0
 40
7.0
 40
7.0
 40
7.0
 40
8.0
 40
8.0
 40
8.0
 40
8.0
 10
0.2416666702677806
 20
3.538888941622442
 10
0.2458333369965354
 20
3.520833385797838
 10
0.2500000037252903
 20
3.479166718510289
 10
0.2500000037252903
 20
3.444444495770666
 10
0.2500000037252903
 20
3.398611161754363
 10
0.2541666704540451
 20
3.387500050477683
 10
0.2638888928211398
 20
3.402777828483117
 10
0.2750000040978193
 20
3.419444495398137
 10
0.2777777819169892
 20
3.418055606488552
 10
0.2777777819169892
 20
3.393055606116023
 10
0.2777777819169892
 20
3.376388939201003
 10
0.2722222262786494
 20
3.359722272285984
 10
0.2652777817307247
 20
3.355555605557229
 10
0.2500000037252903
 20
3.345833383190135
 10
0.2361111146294408
 20
3.394444495025608
 10
0.2361111146294408
 20
3.46250005159527
 10
0.2361111146294408
 20
3.491666718696554
 10
0.2291666700815161
 20
3.527777830345762
 10
0.2222222255335914
 20
3.543055608351197
 10
0.2138888920760817
 20
3.558333386356631
 10
0.2125000031664967
 20
3.569444497633311
 10
0.2194444477144215
 20
3.569444497633311
 10
0.2277777811719312
 20
3.569444497633311
 10
0.2361111146294408
 20
3.555555608537461
 10
0.2416666702677806
 20
3.538888941622442
 97
        0
 97
        1
330
144
 92
        1
 93
        1
 72
     4
 94
        3
 73
     0
 74
     0
 95
       32
 96
       28
 40
0.0
 40
0.0
 40
0.0
 40
0.0
 40
1.0
 40
1.0
 40
1.0
 40
2.0
 40
2.0
 40
2.0
 40
3.0
 40
3.0
 40
3.0
 40
4.0
 40
4.0
 40
4.0
 40
5.0
 40
5.0
 40
5.0
 40
6.0
 40
6.0
 40
6.0
 40
7.0
 40
7.0
 40
7.0
 40
8.0
 40
8.0
 40
8.0
 40
9.0
 40
9.0
 40
9.0
 40
9.0
 10
0.2361111146294408
 20
3.666666721304257
 10
0.2444444480869505
 20
3.666666721304257
 10
0.2500000037252903
 20
3.652777832208407
 10
0.2500000037252903
 20
3.636111165293388
 10
0.2500000037252903
 20
3.636111165293388
 10
0.2486111148157053
 20
3.604166720372934
 10
0.2486111148157053
 20
3.604166720372934
 10
0.2486111148157053
 20
3.604166720372934
 10
0.231944447900686
 20
3.636111165293388
 10
0.231944447900686
 20
3.636111165293388
 10
0.2222222255335914
 20
3.652777832208407
 10
0.2111111142569118
 20
3.665277832394672
 10
0.2069444475281569
 20
3.661111165665917
 10
0.204166669708987
 20
3.656944498937162
 10
0.2027777807994021
 20
3.677777832580936
 10
0.205555558618572
 20
3.708333388591805
 10
0.2083333364377419
 20
3.737500055693089
 10
0.2027777807994021
 20
3.775000056251883
 10
0.1944444473418925
 20
3.791666723166902
 10
0.180555558246043
 20
3.816666723539431
 10
0.1819444471556279
 20
3.825000056996941
 10
0.1958333362514774
 20
3.834722279364036
 10
0.2111111142569118
 20
3.84444450173113
 10
0.2166666698952516
 20
3.827777834816111
 10
0.2194444477144215
 20
3.756944500427279
 10
0.2222222255335914
 20
3.70694449968222
 10
0.2291666700815161
 20
3.666666721304257
 10
0.2361111146294408
 20
3.666666721304257
 97
        0
 97
        1
330
145
 92
        1
 93
        1
 72
     4
 94
        3
 73
     0
 74
     0
 95
       35
 96
       31
 40
0.0
 40
0.0
 40
0.0
 40
0.0
 40
1.0
 40
1.0
 40
1.0
 40
2.0
 40
2.0
 40
2.0
 40
3.0
 40
3.0
 40
3.0
 40
4.0
 40
4.0
 40
4.0
 40
5.0
 40
5.0
 40
5.0
 40
6.0
 40
6.0
 40
6.0
 40
7.0
 40
7.0
 40
7.0
 40
8.0
 40
8.0
 40
8.0
 40
9.0
 40
9.0
 40
9.0
 40
10.0
 40
10.0
 40
10.0
 40
10.0
 10
0.155555557873514
 20
4.330555620085862
 10
0.1597222246022688
 20
4.244444507691595
 10
0.1638888913310236
 20
4.201388951494461
 10
0.1722222247885333
 20
4.145833395111063
 10
0.1972222251610623
 20
3.993055615056719
 10
0.204166669708987
 20
3.894444502476188
 10
0.1930555584323075
 20
3.868055613194074
 10
0.180555558246043
 20
3.84166672391196
 10
0.180555558246043
 20
3.84166672391196
 10
0.1861111138843827
 20
3.872222279922829
 10
0.1888888917035527
 20
3.888888946837848
 10
0.1861111138843827
 20
3.902777835933698
 10
0.180555558246043
 20
3.902777835933698
 10
0.1736111136981182
 20
3.902777835933698
 10
0.1708333358789484
 20
3.931944503034982
 10
0.1736111136981182
 20
3.96805561468419
 10
0.1777777804268731
 20
4.012500059790909
 10
0.1750000026077032
 20
4.027777837796343
 10
0.1666666691501935
 20
4.013888948700493
 10
0.1569444467830989
 20
3.998611170695059
 10
0.152777780054344
 20
4.011111170881323
 10
0.1500000022351742
 20
4.055555615988042
 10
0.1472222244160043
 20
4.115277839100195
 10
0.1430555576872494
 20
4.165277839845253
 10
0.1402777798680795
 20
4.180555617850687
 10
0.1291666685914
 20
4.22083339622865
 10
0.1291666685914
 20
4.37500006519258
 10
0.1402777798680795
 20
4.37500006519258
 10
0.1472222244160043
 20
4.37500006519258
 10
0.154166668963929
 20
4.354166731548805
 10
0.155555557873514
 20
4.330555620085862
 97
        0
 97
        1
330
146
 92
        1
 93
        1
 72
     4
 94
        3
 73
     0
 74
     0
 95
       29
 96
       25
 40
0.0
 40
0.0
 40
0.0
 40
0.0
 40
1.0
 40
1.0
 40
1.0
 40
2.0
 40
2.0
 40
2.0
 40
3.0
 40
3.0
 40
3.0
 40
4.0
 40
4.0
 40
4.0
 40
5.0
 40
5.0
 40
5.0
 40
6.0
 40
6.0
 40
6.0
 40
7.0
 40
7.0
 40
7.0
 40
8.0
 40
8.0
 40
8.0
 40
8.0
 10
0.1236111129530602
 20
4.60833340200285
 10
0.1263888907722301
 20
4.516666733970244
 10
0.1305555575009849
 20
4.475000066682696
 10
0.1402777798680795
 20
4.466666733225186
 10
0.1513888911447591
 20
4.455555621948506
 10
0.1388888909584946
 20
4.388888954288429
 10
0.1263888907722301
 20
4.388888954288429
 10
0.1208333351338903
 20
4.388888954288429
 10
0.1166666684051355
 20
4.422222288118468
 10
0.1152777794955505
 20
4.462500066496431
 10
0.1125000016763806
 20
4.537500067614018
 10
0.1013888903997011
 20
4.606944513093266
 10
0.0875000013038516
 20
4.629166735646625
 10
0.0819444456655118
 20
4.637500069104135
 10
0.0861111123942667
 20
4.638888958013719
 10
0.0972222236709463
 20
4.631944513465795
 10
0.1111111127667957
 20
4.623611180008285
 10
0.1138888905859656
 20
4.626388957827455
 10
0.1069444460380408
 20
4.643055624742474
 10
0.102777779309286
 20
4.656944513838324
 10
0.1041666682188709
 20
4.666666736205418
 10
0.1097222238572107
 20
4.666666736205418
 10
0.1166666684051355
 20
4.666666736205418
 10
0.1236111129530602
 20
4.640277846923305
 10
0.1236111129530602
 20
4.60833340200285
 97
        0
 97
        1
330
147
 92
        1
 93
        1
 72
     4
 94
        3
 73
     0
 74
     0
 95
       20
 96
       16
 40
0.0
 40
0.0
 40
0.0
 40
0.0
 40
1.0
 40
1.0
 40
1.0
 40
2.0
 40
2.0
 40
2.0
 40
3.0
 40
3.0
 40
3.0
 40
4.0
 40
4.0
 40
4.0
 40
5.0
 40
5.0
 40
5.0
 40
5.0
 10
0.0916666680326065
 20
4.891666739558179
 10
0.0972222236709463
 20
4.852777850089801
 10
0.0944444458517764
 20
4.825000071898102
 10
0.0847222234846817
 20
4.815277849531008
 10
0.0722222232984172
 20
4.802777849344743
 10
0.0708333343888322
 20
4.811111182802252
 10
0.077777778936757
 20
4.847222294451461
 10
0.0833333345750968
 20
4.879166739371915
 10
0.0805555567559269
 20
4.888888961739009
 10
0.0722222232984172
 20
4.87777785046233
 10
0.0638888898409075
 20
4.865277850276066
 10
0.0597222231121527
 20
4.880555628281499
 10
0.0611111120217376
 20
4.922222295569048
 10
0.0611111120217376
 20
4.99583340777705
 10
0.077777778936757
 20
4.979166740862031
 10
0.0916666680326065
 20
4.891666739558179
 97
        0
 97
        1
330
148
 92
        1
 93
        1
 72
     4
 94
        3
 73
     0
 74
     0
 95
      125
 96
      121
 40
0.0
 40
0.0
 40
0.0
 40
0.0
 40
1.0
 40
1.0
 40
1.0
 40
2.0
 40
2.0
 40
2.0
 40
3.0
 40
3.0
 40
3.0
 40
4.0
 40
4.0
 40
4.0
 40
5.0
 40
5.0
 40
5.0
 40
6.0
 40
6.0
 40
6.0
 40
7.0
 40
7.0
 40
7.0
 40
8.0
 40
8.0
 40
8.0
 40
9.0
 40
9.0
 40
9.0
 40
10.0
 40
10.0
 40
10.0
 40
11.0
 40
11.0
 40
11.0
 40
12.0
 40
12.0
 40
12.0
 40
13.0
 40
13.0
 40
13.0
 40
14.0
 40
14.0
 40
14.0
 40
15.0
 40
15.0
 40
15.0
 40
16.0
 40
16.0
 40
16.0
 40
17.0
 40
17.0
 40
17.0
 40
18.0
 40
18.0
 40
18.0
 40
19.0
 40
19.0
 40
19.0
 40
20.0
 40
20.0
 40
20.0
 40
21.0
 40
21.0
 40
21.0
 40
22.0
 40
22.0
 40
22.0
 40
23.0
 40
23.0
 40
23.0
 40
24.0
 40
24.0
 40
24.0
 40
25.0
 40
25.0
 40
25.0
 40
26.0
 40
26.0
 40
26.0
 40
27.0
 40
27.0
 40
27.0
 40
28.0
 40
28.0
 40
28.0
 40
29.0
 40
29.0
 40
29.0
 40
30.0
 40
30.0
 40
30.0
 40
31.0
 40
31.0
 40
31.0
 40
32.0
 40
32.0
 40
32.0
 40
33.0
 40
33.0
 40
33.0
 40
34.0
 40
34.0
 40
34.0
 40
35.0
 40
35.0
 40
35.0
 40
36.0
 40
36.0
 40
36.0
 40
37.0
 40
37.0
 40
37.0
 40
38.0
 40
38.0
 40
38.0
 40
39.0
 40
39.0
 40
39.0
 40
40.0
 40
40.0
 40
40.0
 40
40.0
 10
0.4708333403492967
 20
4.972222296314106
 10
0.4875000072643161
 20
4.941666740303237
 10
0.5208333410943548
 20
4.906944517563614
 10
0.543055563647714
 20
4.895833406286934
 10
0.5652777862010731
 20
4.883333406100669
 10
0.5833333420256773
 20
4.870833405914405
 10
0.5833333420256773
 20
4.86666673918565
 10
0.5833333420256773
 20
4.862500072456896
 10
0.5763888974777526
 20
4.86388896136648
 10
0.5666666751106579
 20
4.86944451700482
 10
0.5569444527435633
 20
4.87500007264316
 10
0.5555555638339785
 20
4.873611183733575
 10
0.5611111194723182
 20
4.86388896136648
 10
0.5666666751106579
 20
4.854166738999386
 10
0.5805555642065075
 20
4.847222294451461
 10
0.591666675483187
 20
4.847222294451461
 10
0.6027777867598667
 20
4.847222294451461
 10
0.6083333423982064
 20
4.841666738813121
 10
0.6041666756694515
 20
4.833333405355611
 10
0.6000000089406968
 20
4.826388960807687
 10
0.6013888978502817
 20
4.819444516259762
 10
0.6083333423982064
 20
4.819444516259762
 10
0.616666675855716
 20
4.819444516259762
 10
0.6347222316803204
 20
4.794444515887233
 10
0.6500000096857548
 20
4.763888959876364
 10
0.6638888987816042
 20
4.733333403865495
 10
0.6805555656966236
 20
4.712500070221722
 10
0.6861111213349634
 20
4.718055625860061
 10
0.6902777880637183
 20
4.722222292588816
 10
0.694444454792473
 20
4.718055625860061
 10
0.694444454792473
 20
4.708333403492966
 10
0.694444454792473
 20
4.698611181125872
 10
0.7055555660691527
 20
4.677777847482098
 10
0.7180555662554172
 20
4.663888958386248
 10
0.7375000109896064
 20
4.641666735832889
 10
0.7388888998991913
 20
4.633333402375379
 10
0.7236111218937569
 20
4.60833340200285
 10
0.7138888995266623
 20
4.593055623997416
 10
0.7097222327979075
 20
4.576388957082397
 10
0.7138888995266623
 20
4.572222290353642
 10
0.7180555662554172
 20
4.568055623624887
 10
0.722222232984172
 20
4.573611179263227
 10
0.722222232984172
 20
4.583333401630321
 10
0.722222232984172
 20
4.597222290726171
 10
0.7263888997129268
 20
4.598611179635756
 10
0.7375000109896064
 20
4.587500068359076
 10
0.7569444557237956
 20
4.568055623624887
 10
0.7402777888087763
 20
4.537500067614018
 10
0.7138888995266623
 20
4.547222289981113
 10
0.7027777882499828
 20
4.551388956709867
 10
0.6986111215212279
 20
4.547222289981113
 10
0.7027777882499828
 20
4.534722289794848
 10
0.7083333438883225
 20
4.523611178518168
 10
0.694444454792473
 20
4.506944511603149
 10
0.6680555655103591
 20
4.494444511416885
 10
0.6194444536748859
 20
4.469444511044356
 10
0.5694444529298278
 20
4.465277844315601
 10
0.5694444529298278
 20
4.48750006686896
 10
0.5694444529298278
 20
4.494444511416885
 10
0.5625000083819032
 20
4.497222289236055
 10
0.5527777860148086
 20
4.491666733597715
 10
0.5416666747381289
 20
4.48472228904979
 10
0.5402777858285441
 20
4.488888955778545
 10
0.5472222303764688
 20
4.508333400512734
 10
0.5527777860148086
 20
4.522222289608584
 10
0.5527777860148086
 20
4.529166734156508
 10
0.5472222303764688
 20
4.523611178518168
 10
0.5416666747381289
 20
4.518055622879828
 10
0.5291666745518644
 20
4.520833400698998
 10
0.518055563275185
 20
4.529166734156508
 10
0.5041666741793354
 20
4.541666734342773
 10
0.5027777852697505
 20
4.550000067800283
 10
0.5152777854560151
 20
4.565277845805717
 10
0.5250000078231097
 20
4.575000068172812
 10
0.5277777856422796
 20
4.587500068359076
 10
0.5222222300039398
 20
4.593055623997416
 10
0.518055563275185
 20
4.597222290726171
 10
0.5138888965464301
 20
4.594444512907001
 10
0.5138888965464301
 20
4.586111179449491
 10
0.5138888965464301
 20
4.576388957082397
 10
0.5041666741793354
 20
4.569444512534472
 10
0.4930555629026559
 20
4.569444512534472
 10
0.4722222292588817
 20
4.569444512534472
 10
0.4666666736205419
 20
4.584722290539906
 10
0.4708333403492967
 20
4.623611180008285
 10
0.4736111181684666
 20
4.634722291284965
 10
0.4680555625301269
 20
4.637500069104135
 10
0.4569444512534473
 20
4.630555624556209
 10
0.4444444510671828
 20
4.623611180008285
 10
0.4430555621575979
 20
4.62777784673704
 10
0.4486111177959376
 20
4.643055624742474
 10
0.4541666734342774
 20
4.658333402747908
 10
0.4500000067055226
 20
4.666666736205418
 10
0.4361111176096731
 20
4.666666736205418
 10
0.4250000063329935
 20
4.666666736205418
 10
0.4180555617850688
 20
4.672222291843758
 10
0.4222222285138236
 20
4.679166736391683
 10
0.4333333397905032
 20
4.695833403306702
 10
0.4166666728754838
 20
4.737500070594251
 10
0.4027777837796344
 20
4.729166737136741
 10
0.3944444503221247
 20
4.723611181498401
 10
0.361111116492086
 20
4.791666738068063
 10
0.361111116492086
 20
4.813888960621422
 10
0.361111116492086
 20
4.816666738440592
 10
0.3805555612262752
 20
4.836111183174781
 10
0.4027777837796344
 20
4.856944516818556
 10
0.4027777837796344
 20
4.856944516818556
 10
0.4458333399767677
 20
4.897222295196519
 10
0.4458333399767677
 20
4.897222295196519
 10
0.4458333399767677
 20
4.897222295196519
 10
0.4180555617850688
 20
4.929166740116973
 10
0.4180555617850688
 20
4.929166740116973
 10
0.4027777837796344
 20
4.947222295941577
 10
0.3916666725029548
 20
4.965277851766182
 10
0.3944444503221247
 20
4.970833407404521
 10
0.3958333392317096
 20
4.975000074133276
 10
0.4027777837796344
 20
4.990277852138711
 10
0.4069444505083892
 20
5.00416674123456
 10
0.4208333396042386
 20
5.040277852883769
 10
0.4361111176096731
 20
5.033333408335844
 10
0.4708333403492967
 20
4.972222296314106
 97
        0
 97
        1
330
149
 92
        1
 93
        1
 72
     4
 94
        3
 73
     0
 74
     0
 95
       17
 96
       13
 40
0.0
 40
0.0
 40
0.0
 40
0.0
 40
1.0
 40
1.0
 40
1.0
 40
2.0
 40
2.0
 40
2.0
 40
3.0
 40
3.0
 40
3.0
 40
4.0
 40
4.0
 40
4.0
 40
4.0
 10
0.3680555610400107
 20
5.055555630889203
 10
0.3722222277687655
 20
5.048611186341278
 10
0.3694444499495956
 20
5.041666741793354
 10
0.3625000054016709
 20
5.041666741793354
 10
0.3541666719441612
 20
5.041666741793354
 10
0.3472222273962365
 20
5.048611186341278
 10
0.3472222273962365
 20
5.055555630889203
 10
0.3472222273962365
 20
5.063888964346713
 10
0.3500000052154064
 20
5.069444519985053
 10
0.3527777830345763
 20
5.069444519985053
 10
0.3569444497633311
 20
5.069444519985053
 10
0.3638888943112559
 20
5.063888964346713
 10
0.3680555610400107
 20
5.055555630889203
 97
        0
 97
        1
330
14A
 92
        1
 93
        1
 72
     4
 94
        3
 73
     0
 74
     0
 95
       17
 96
       13
 40
0.0
 40
0.0
 40
0.0
 40
0.0
 40
1.0
 40
1.0
 40
1.0
 40
2.0
 40
2.0
 40
2.0
 40
3.0
 40
3.0
 40
3.0
 40
4.0
 40
4.0
 40
4.0
 40
4.0
 10
0.1916666695227225
 20
5.205555633124377
 10
0.1986111140706473
 20
5.170833410384753
 10
0.1583333356926838
 20
5.119444520730111
 10
0.1041666682188709
 20
5.088888964719242
 10
0.0569444452929828
 20
5.063888964346713
 10
0.0555555563833979
 20
5.063888964346713
 10
0.0347222227396237
 20
5.090277853628827
 10
0.0166666669150194
 20
5.116666742910941
 10
0.0194444447341893
 20
5.122222298549281
 10
0.0791666678463419
 20
5.177777854932679
 10
0.1458333355064193
 20
5.237500078044831
 10
0.1833333360652129
 20
5.247222300411926
 10
0.1916666695227225
 20
5.205555633124377
 97
        0
 97
        1
330
14B
 92
        1
 93
        1
 72
     4
 94
        3
 73
     0
 74
     0
 95
       14
 96
       10
 40
0.0
 40
0.0
 40
0.0
 40
0.0
 40
1.0
 40
1.0
 40
1.0
 40
2.0
 40
2.0
 40
2.0
 40
3.0
 40
3.0
 40
3.0
 40
3.0
 10
0.2222222255335914
 20
5.247222300411926
 10
0.2222222255335914
 20
5.233333411316076
 10
0.2097222253473268
 20
5.234722300225661
 10
0.1736111136981182
 20
5.250000078231096
 10
0.1500000022351742
 20
5.261111189507775
 10
0.1513888911447591
 20
5.261111189507775
 10
0.1847222249747978
 20
5.25972230059819
 10
0.205555558618572
 20
5.258333411688605
 10
0.2222222255335914
 20
5.252777856050266
 10
0.2222222255335914
 20
5.247222300411926
 97
        0
 97
        1
330
14C
 92
        1
 93
        1
 72
     4
 94
        3
 73
     0
 74
     0
 95
      245
 96
      241
 40
0.0
 40
0.0
 40
0.0
 40
0.0
 40
1.0
 40
1.0
 40
1.0
 40
2.0
 40
2.0
 40
2.0
 40
3.0
 40
3.0
 40
3.0
 40
4.0
 40
4.0
 40
4.0
 40
5.0
 40
5.0
 40
5.0
 40
6.0
 40
6.0
 40
6.0
 40
7.0
 40
7.0
 40
7.0
 40
8.0
 40
8.0
 40
8.0
 40
9.0
 40
9.0
 40
9.0
 40
10.0
 40
10.0
 40
10.0
 40
11.0
 40
11.0
 40
11.0
 40
12.0
 40
12.0
 40
12.0
 40
13.0
 40
13.0
 40
13.0
 40
14.0
 40
14.0
 40
14.0
 40
15.0
 40
15.0
 40
15.0
 40
16.0
 40
16.0
 40
16.0
 40
17.0
 40
17.0
 40
17.0
 40
18.0
 40
18.0
 40
18.0
 40
19.0
 40
19.0
 40
19.0
 40
20.0
 40
20.0
 40
20.0
 40
21.0
 40
21.0
 40
21.0
 40
22.0
 40
22.0
 40
22.0
 40
23.0
 40
23.0
 40
23.0
 40
24.0
 40
24.0
 40
24.0
 40
25.0
 40
25.0
 40
25.0
 40
26.0
 40
26.0
 40
26.0
 40
27.0
 40
27.0
 40
27.0
 40
28.0
 40
28.0
 40
28.0
 40
29.0
 40
29.0
 40
29.0
 40
30.0
 40
30.0
 40
30.0
 40
31.0
 40
31.0
 40
31.0
 40
32.0
 40
32.0
 40
32.0
 40
33.0
 40
33.0
 40
33.0
 40
34.0
 40
34.0
 40
34.0
 40
35.0
 40
35.0
 40
35.0
 40
36.0
 40
36.0
 40
36.0
 40
37.0
 40
37.0
 40
37.0
 40
38.0
 40
38.0
 40
38.0
 40
39.0
 40
39.0
 40
39.0
 40
40.0
 40
40.0
 40
40.0
 40
41.0
 40
41.0
 40
41.0
 40
42.0
 40
42.0
 40
42.0
 40
43.0
 40
43.0
 40
43.0
 40
44.0
 40
44.0
 40
44.0
 40
45.0
 40
45.0
 40
45.0
 40
46.0
 40
46.0
 40
46.0
 40
47.0
 40
47.0
 40
47.0
 40
48.0
 40
48.0
 40
48.0
 40
49.0
 40
49.0
 40
49.0
 40
50.0
 40
50.0
 40
50.0
 40
51.0
 40
51.0
 40
51.0
 40
52.0
 40
52.0
 40
52.0
 40
53.0
 40
53.0
 40
53.0
 40
54.0
 40
54.0
 40
54.0
 40
55.0
 40
55.0
 40
55.0
 40
56.0
 40
56.0
 40
56.0
 40
57.0
 40
57.0
 40
57.0
 40
58.0
 40
58.0
 40
58.0
 40
59.0
 40
59.0
 40
59.0
 40
60.0
 40
60.0
 40
60.0
 40
61.0
 40
61.0
 40
61.0
 40
62.0
 40
62.0
 40
62.0
 40
63.0
 40
63.0
 40
63.0
 40
64.0
 40
64.0
 40
64.0
 40
65.0
 40
65.0
 40
65.0
 40
66.0
 40
66.0
 40
66.0
 40
67.0
 40
67.0
 40
67.0
 40
68.0
 40
68.0
 40
68.0
 40
69.0
 40
69.0
 40
69.0
 40
70.0
 40
70.0
 40
70.0
 40
71.0
 40
71.0
 40
71.0
 40
72.0
 40
72.0
 40
72.0
 40
73.0
 40
73.0
 40
73.0
 40
74.0
 40
74.0
 40
74.0
 40
75.0
 40
75.0
 40
75.0
 40
76.0
 40
76.0
 40
76.0
 40
77.0
 40
77.0
 40
77.0
 40
78.0
 40
78.0
 40
78.0
 40
79.0
 40
79.0
 40
79.0
 40
80.0
 40
80.0
 40
80.0
 40
80.0
 10
0.1263888907722301
 20
5.26527785623653
 10
0.1097222238572107
 20
5.24861118932151
 10
0.0972222236709463
 20
5.231944522406491
 10
0.0972222236709463
 20
5.226388966768151
 10
0.0972222236709463
 20
5.219444522220227
 10
0.0791666678463419
 20
5.202777855305208
 10
0.0569444452929828
 20
5.187500077299773
 10
0.0125000001862645
 20
5.158333410198489
 10
-0.0069444445479247
 20
5.115277854001356
 10
0.0138888890958495
 20
5.090277853628827
 10
0.0208333336437742
 20
5.081944520171317
 10
0.0305555560108688
 20
5.022222297059165
 10
0.0347222227396237
 20
4.958333407218256
 10
0.0486111118354731
 20
4.777777848972214
 10
0.1097222238572107
 20
4.166666728754838
 10
0.1319444464105699
 20
3.97916672596087
 10
0.3041666711991032
 20
2.620833372386793
 10
0.5708333418394128
 20
1.862500027753412
 10
1.048611126736634
 20
1.380555576127436
 10
1.215277795886827
 20
1.213888906977242
 10
1.336111131020718
 20
1.122222238944636
 10
1.513888911447591
 20
1.030555570912029
 10
1.663888913682765
 20
0.951388903065688
 10
1.802777804641259
 20
0.9013889023206299
 10
1.966666695972283
 20
0.8666666795810062
 10
2.066666697462399
 20
0.8458333459372321
 10
2.17083336568127
 20
0.847222234846817
 10
2.148611143127911
 20
0.8708333463097611
 10
2.143055587489571
 20
0.875000013038516
 10
2.145833365308741
 20
0.8902777910439503
 10
2.154166698766251
 20
0.9055555690493848
 10
2.165277810042931
 20
0.9250000137835741
 10
2.17361114350044
 20
0.9277777916027439
 10
2.186111143686705
 20
0.9180555692356493
 10
2.197222254963384
 20
0.9083333468685546
 10
2.219444477516743
 20
0.9083333468685546
 10
2.255555589165952
 20
0.9180555692356493
 10
2.312500034458935
 20
0.9333333472410837
 10
2.354166701746483
 20
0.926388902693159
 10
2.338888923741049
 20
0.9013889023206299
 10
2.333333368102709
 20
0.8902777910439503
 10
2.338888923741049
 20
0.8902777910439503
 10
2.359722257384823
 20
0.9013889023206299
 10
2.377777813209427
 20
0.9111111246877246
 10
2.388888924486107
 20
0.9125000135973095
 10
2.388888924486107
 20
0.9041666801397997
 10
2.388888924486107
 20
0.8958333466822901
 10
2.398611146853201
 20
0.8930555688631203
 10
2.409722258129881
 20
0.897222235591875
 10
2.42361114722573
 20
0.9027777912302148
 10
2.430555591773655
 20
0.897222235591875
 10
2.430555591773655
 20
0.8819444575864407
 10
2.430555591773655
 20
0.8694444574001762
 10
2.436111147411995
 20
0.8625000128522515
 10
2.443055591959919
 20
0.8666666795810062
 10
2.450000036507844
 20
0.8708333463097611
 10
2.459722258874939
 20
0.8652777906714213
 10
2.463888925603694
 20
0.8527777904851568
 10
2.468055592332448
 20
0.8416666792084772
 10
2.466666703422863
 20
0.8347222346605525
 10
2.459722258874939
 20
0.8402777902988923
 10
2.452777814327014
 20
0.8444444570276472
 10
2.448611147598259
 20
0.8361111235701375
 10
2.450000036507844
 20
0.823611123383873
 10
2.452777814327014
 20
0.8111111231976085
 10
2.462500036694109
 20
0.797222234101759
 10
2.473611147970788
 20
0.7944444562825891
 10
2.488888925976223
 20
0.7902777895538344
 10
2.488888925976223
 20
0.7930555673730043
 10
2.472222259061203
 20
0.8055555675592687
 10
2.455555592146184
 20
0.8180555677455332
 10
2.459722258874939
 20
0.820833345564703
 10
2.497222259433732
 20
0.8152777899263632
 10
2.520833370896677
 20
0.8125000121071934
 10
2.541666704540451
 20
0.8152777899263632
 10
2.541666704540451
 20
0.8222222344742879
 10
2.541666704540451
 20
0.8291666790222127
 10
2.547222260178791
 20
0.8319444568413826
 10
2.55277781581713
 20
0.8277777901126277
 10
2.559722260365055
 20
0.823611123383873
 10
2.573611149460905
 20
0.8361111235701375
 10
2.583333371827999
 20
0.8541666793947417
 10
2.593055594195094
 20
0.872222235219346
 10
2.606944483290943
 20
0.8847222354056105
 10
2.612500038929283
 20
0.8805555686768558
 10
2.619444483477208
 20
0.8763889019481009
 10
2.620833372386793
 20
0.8833333464960256
 10
2.616666705658038
 20
0.8944444577727052
 10
2.612500038929283
 20
0.9069444579589697
 10
2.615277816748453
 20
0.9166666803260643
 10
2.623611150205963
 20
0.9166666803260643
 10
2.631944483663472
 20
0.9166666803260643
 10
2.638888928211397
 20
0.900000013411045
 10
2.638888928211397
 20
0.8791666797672707
 10
2.638888928211397
 20
0.8486111237564021
 10
2.641666706030567
 20
0.8444444570276472
 10
2.652777817307246
 20
0.8611111239426666
 10
2.672222262041436
 20
0.8916666799535352
 10
2.669444484222266
 20
0.9347222361506686
 10
2.644444483849737
 20
0.9708333477998772
 10
2.644444483849737
 20
0.9708333477998772
 10
2.620833372386793
 20
1.00277779272033
 10
2.620833372386793
 20
1.00277779272033
 10
2.620833372386793
 20
1.00277779272033
 10
2.602777816562188
 20
0.951388903065688
 10
2.602777816562188
 20
0.951388903065688
 10
2.57500003837049
 20
0.8694444574001762
 10
2.486111148157053
 20
0.7930555673730043
 10
2.486111148157053
 20
0.8513889015755719
 10
2.486111148157053
 20
0.9125000135973095
 10
2.31388892336852
 20
0.9791666812573868
 10
2.241666700070102
 20
0.9472222363369331
 10
2.201388921692139
 20
0.9277777916027439
 10
2.180555588048365
 20
0.9361111250602537
 10
2.180555588048365
 20
0.9666666810711223
 10
2.180555588048365
 20
1.004166681629915
 10
2.145833365308741
 20
0.9791666812573868
 10
2.138888920760817
 20
0.9361111250602537
 10
2.133333365122477
 20
0.9097222357781395
 10
2.127777809484137
 20
0.9013889023206299
 10
2.120833364936212
 20
0.9125000135973095
 10
2.113888920388288
 20
0.9222222359644041
 10
2.098611142382853
 20
0.9305555694219139
 10
2.084722253287004
 20
0.9305555694219139
 10
2.070833364191154
 20
0.9305555694219139
 10
1.979166696158548
 20
0.9527777919752729
 10
1.880555583578017
 20
0.9791666812573868
 10
1.038888904369539
 20
1.209722240248487
 10
0.5500000081956387
 20
1.941666695599754
 10
0.3194444492045376
 20
3.312500049360096
 10
0.2750000040978193
 20
3.584722275638745
 10
0.2388888924486107
 20
3.866666724284489
 10
0.1444444465968344
 20
4.694444514397117
 10
0.1319444464105699
 20
4.805555627163912
 10
0.1111111127667957
 20
4.927777851207388
 10
0.0972222236709463
 20
4.966666740675766
 10
0.0833333345750968
 20
5.00694451905373
 10
0.076388890027172
 20
5.044444519612524
 10
0.0819444456655118
 20
5.051388964160448
 10
0.102777779309286
 20
5.081944520171317
 10
0.1958333362514774
 20
5.125000076368451
 10
0.2416666702677806
 20
5.125000076368451
 10
0.2875000042840838
 20
5.125000076368451
 10
0.2930555599224236
 20
5.122222298549281
 10
0.2847222264649139
 20
5.097222298176752
 10
0.2777777819169892
 20
5.075000075623393
 10
0.281944448645744
 20
5.069444519985053
 10
0.3041666711991032
 20
5.069444519985053
 10
0.3208333381141225
 20
5.069444519985053
 10
0.333333338300387
 20
5.061111186527543
 10
0.333333338300387
 20
5.050000075250864
 10
0.333333338300387
 20
5.020833408149579
 10
0.3625000054016709
 20
5.00694451905373
 10
0.3763888944975204
 20
5.029166741607089
 10
0.3902777835933699
 20
5.051388964160448
 10
0.3638888943112559
 20
5.087500075809657
 10
0.3430555606674817
 20
5.073611186713807
 10
0.333333338300387
 20
5.068055631075467
 10
0.3319444493908021
 20
5.073611186713807
 10
0.3375000050291419
 20
5.088888964719242
 10
0.3444444495770666
 20
5.106944520543846
 10
0.3416666717578967
 20
5.112500076182186
 10
0.3291666715716322
 20
5.106944520543846
 10
0.3194444492045376
 20
5.102777853815092
 10
0.3027777822895183
 20
5.112500076182186
 10
0.2944444488320085
 20
5.126388965278035
 10
0.2847222264649139
 20
5.14166674328347
 10
0.2625000039115548
 20
5.15277785456015
 10
0.2430555591773655
 20
5.15277785456015
 10
0.2138888920760817
 20
5.15277785456015
 10
0.2083333364377419
 20
5.158333410198489
 10
0.2111111142569118
 20
5.184722299480603
 10
0.2166666698952516
 20
5.223611188948981
 10
0.2333333368102709
 20
5.250000078231096
 10
0.2513888926348752
 20
5.250000078231096
 10
0.2597222260923849
 20
5.250000078231096
 10
0.2875000042840838
 20
5.226388966768151
 10
0.3138888935661978
 20
5.198611188576452
 10
0.3500000052154064
 20
5.159722299108074
 10
0.358333338672916
 20
5.14444452110264
 10
0.3444444495770666
 20
5.13611118764513
 10
0.3305555604812171
 20
5.126388965278035
 10
0.3305555604812171
 20
5.123611187458865
 10
0.3472222273962365
 20
5.127777854187621
 10
0.358333338672916
 20
5.131944520916375
 10
0.3763888944975204
 20
5.113888965091771
 10
0.3916666725029548
 20
5.086111186900072
 10
0.4138888950563139
 20
5.041666741793354
 10
0.4138888950563139
 20
5.036111186155014
 10
0.3944444503221247
 20
5.022222297059165
 10
0.3833333390454451
 20
5.01250007469207
 10
0.3736111166783505
 20
5.000000074505805
 10
0.3750000055879354
 20
4.99305562995788
 10
0.3819444501358601
 20
4.962500073947012
 10
0.3736111166783505
 20
4.945833407031992
 10
0.3513888941249914
 20
4.940277851393653
 10
0.3361111161195569
 20
4.936111184664897
 10
0.3416666717578967
 20
4.933333406845727
 10
0.3652777832208408
 20
4.931944517936143
 10
0.4152777839658989
 20
4.930555629026557
 10
0.4166666728754838
 20
4.880555628281499
 10
0.3680555610400107
 20
4.85833340572814
 10
0.3458333384866515
 20
4.848611183361046
 10
0.333333338300387
 20
4.831944516446027
 10
0.333333338300387
 20
4.812500071711838
 10
0.333333338300387
 20
4.740277848413421
 10
0.5097222298176752
 20
4.463888955406016
 10
0.5708333418394128
 20
4.441666732852657
 10
0.6305555649515656
 20
4.419444510299298
 10
0.7777777893675699
 20
4.522222289608584
 10
0.7777777893675699
 20
4.587500068359076
 10
0.7777777893675699
 20
4.645833402561644
 10
0.6097222313077914
 20
4.894444517377349
 10
0.5569444527435633
 20
4.912500073201954
 10
0.5305555634614495
 20
4.923611184478633
 10
0.4597222290726172
 20
5.00138896341539
 10
0.4583333401630322
 20
5.022222297059165
 10
0.4583333401630322
 20
5.030555630516674
 10
0.4430555621575979
 20
5.051388964160448
 10
0.4236111174234086
 20
5.069444519985053
 10
0.3819444501358601
 20
5.108333409453431
 10
0.3777777834071053
 20
5.131944520916375
 10
0.4152777839658989
 20
5.111111187272601
 10
0.4305555619713334
 20
5.104166742724676
 10
0.4597222290726172
 20
5.097222298176752
 10
0.4819444516259763
 20
5.098611187086336
 10
0.5208333410943548
 20
5.100000075995922
 10
0.5208333410943548
 20
5.100000075995922
 10
0.4763888959876365
 20
5.111111187272601
 10
0.412500006146729
 20
5.125000076368451
 10
0.3694444499495956
 20
5.156944521288904
 10
0.334722227209972
 20
5.212500077672302
 10
0.3166666713853677
 20
5.24305563368317
 10
0.2916666710128387
 20
5.263888967326945
 10
0.2652777817307247
 20
5.268055634055699
 10
0.2430555591773655
 20
5.272222300784455
 10
0.2097222253473268
 20
5.280555634241964
 10
0.1902777806131376
 20
5.284722300970719
 10
0.1652777802406086
 20
5.291666745518644
 10
0.1472222244160043
 20
5.286111189880304
 10
0.1263888907722301
 20
5.26527785623653
 97
        0
 97
        1
330
14D
 75
     2
 76
     1
 98
        1
 10
0.0
 20
0.0
450
        0
451
        0
460
0.0
461
0.0
452
        0
462
0.0
453
        0
470

  0
SPLINE
  5
14F
330
79
100
AcDbEntity
  8
Layer 1
100
AcDbSpline
210
0.0
220
0.0
230
1.0
 70
     9
 71
     3
 72
    14
 73
    10
 74
     0
 42
0.0000000001
 43
0.0000000001
 40
0.0
 40
0.0
 40
0.0
 40
0.0
 40
1.0
 40
1.0
 40
1.0
 40
2.0
 40
2.0
 40
2.0
 40
3.0
 40
3.0
 40
3.0
 40
3.0
 10
0.0486111118354731
 20
5.126388965278035
 30
0.0
 10
0.0444444451067183
 20
5.119444520730111
 30
0.0
 10
0.0458333340163032
 20
5.109722298363016
 30
0.0
 10
0.052777778564228
 20
5.105555631634261
 30
0.0
 10
0.0597222231121527
 20
5.101388964905506
 30
0.0
 10
0.0652777787504925
 20
5.106944520543846
 30
0.0
 10
0.0652777787504925
 20
5.118055631820525
 30
0.0
 10
0.0652777787504925
 20
5.14166674328347
 30
0.0
 10
0.0611111120217376
 20
5.14444452110264
 30
0.0
 10
0.0486111118354731
 20
5.126388965278035
 30
0.0
  0
HATCH
  5
150
330
79
100
AcDbEntity
  8
Layer 1
 62
    18
420
        0
440
 33554687
100
AcDbHatch
 10
0.0
 20
0.0
 30
0.0
210
0.0
220
0.0
230
1.0
  2
SOLID
 70
     1
 71
     1
 91
        1
 92
        1
 93
        1
 72
     4
 94
        3
 73
     0
 74
     0
 95
       14
 96
       10
 40
0.0
 40
0.0
 40
0.0
 40
0.0
 40
1.0
 40
1.0
 40
1.0
 40
2.0
 40
2.0
 40
2.0
 40
3.0
 40
3.0
 40
3.0
 40
3.0
 10
0.0486111118354731
 20
5.126388965278035
 10
0.0444444451067183
 20
5.119444520730111
 10
0.0458333340163032
 20
5.109722298363016
 10
0.052777778564228
 20
5.105555631634261
 10
0.0597222231121527
 20
5.101388964905506
 10
0.0652777787504925
 20
5.106944520543846
 10
0.0652777787504925
 20
5.118055631820525
 10
0.0652777787504925
 20
5.14166674328347
 10
0.0611111120217376
 20
5.14444452110264
 10
0.0486111118354731
 20
5.126388965278035
 97
        0
 97
        1
330
14F
 75
     2
 76
     1
 98
        1
 10
0.0
 20
0.0
450
        0
451
        0
460
0.0
461
0.0
452
        0
462
0.0
453
        0
470

  0
SPLINE
  5
151
330
79
100
AcDbEntity
  8
Layer 1
100
AcDbSpline
210
0.0
220
0.0
230
1.0
 70
     9
 71
     3
 72
    14
 73
    10
 74
     0
 42
0.0000000001
 43
0.0000000001
 40
0.0
 40
0.0
 40
0.0
 40
0.0
 40
1.0
 40
1.0
 40
1.0
 40
2.0
 40
2.0
 40
2.0
 40
3.0
 40
3.0
 40
3.0
 40
3.0
 10
0.5555555638339785
 20
4.827777849717272
 30
0.0
 10
0.5555555638339785
 20
4.825000071898102
 30
0.0
 10
0.5666666751106579
 20
4.813888960621422
 30
0.0
 10
0.5805555642065075
 20
4.804166738254328
 30
0.0
 10
0.6013888978502817
 20
4.786111182429723
 30
0.0
 10
0.6027777867598667
 20
4.787500071339309
 30
0.0
 10
0.5847222309352623
 20
4.809722293892668
 30
0.0
 10
0.5666666751106579
 20
4.831944516446027
 30
0.0
 10
0.5555555638339785
 20
4.838888960993951
 30
0.0
 10
0.5555555638339785
 20
4.827777849717272
 30
0.0
  0
HATCH
  5
152
330
79
100
AcDbEntity
  8
Layer 1
 62
    18
420
        0
440
 33554687
100
AcDbHatch
 10
0.0
 20
0.0
 30
0.0
210
0.0
220
0.0
230
1.0
  2
SOLID
 70
     1
 71
     1
 91
        1
 92
        1
 93
        1
 72
     4
 94
        3
 73
     0
 74
     0
 95
       14
 96
       10
 40
0.0
 40
0.0
 40
0.0
 40
0.0
 40
1.0
 40
1.0
 40
1.0
 40
2.0
 40
2.0
 40
2.0
 40
3.0
 40
3.0
 40
3.0
 40
3.0
 10
0.5555555638339785
 20
4.827777849717272
 10
0.5555555638339785
 20
4.825000071898102
 10
0.5666666751106579
 20
4.813888960621422
 10
0.5805555642065075
 20
4.804166738254328
 10
0.6013888978502817
 20
4.786111182429723
 10
0.6027777867598667
 20
4.787500071339309
 10
0.5847222309352623
 20
4.809722293892668
 10
0.5666666751106579
 20
4.831944516446027
 10
0.5555555638339785
 20
4.838888960993951
 10
0.5555555638339785
 20
4.827777849717272
 97
        0
 97
        1
330
151
 75
     2
 76
     1
 98
        1
 10
0.0
 20
0.0
450
        0
451
        0
460
0.0
461
0.0
452
        0
462
0.0
453
        0
470

  0
SPLINE
  5
153
330
79
100
AcDbEntity
  8
Layer 1
100
AcDbSpline
210
0.0
220
0.0
230
1.0
 70
     9
 71
     3
 72
    14
 73
    10
 74
     0
 42
0.0000000001
 43
0.0000000001
 40
0.0
 40
0.0
 40
0.0
 40
0.0
 40
1.0
 40
1.0
 40
1.0
 40
2.0
 40
2.0
 40
2.0
 40
3.0
 40
3.0
 40
3.0
 40
3.0
 10
0.7027777882499828
 20
4.648611180380814
 30
0.0
 10
0.7069444549787375
 20
4.634722291284965
 30
0.0
 10
0.7152777884362473
 20
4.62777784673704
 30
0.0
 10
0.719444455165002
 20
4.631944513465795
 30
0.0
 10
0.7236111218937569
 20
4.636111180194549
 30
0.0
 10
0.719444455165002
 20
4.647222291471229
 30
0.0
 10
0.7097222327979075
 20
4.656944513838324
 30
0.0
 10
0.695833343702058
 20
4.669444514024588
 30
0.0
 10
0.694444454792473
 20
4.668055625115003
 30
0.0
 10
0.7027777882499828
 20
4.648611180380814
 30
0.0
  0
HATCH
  5
154
330
79
100
AcDbEntity
  8
Layer 1
 62
    18
420
        0
440
 33554687
100
AcDbHatch
 10
0.0
 20
0.0
 30
0.0
210
0.0
220
0.0
230
1.0
  2
SOLID
 70
     1
 71
     1
 91
        1
 92
        1
 93
        1
 72
     4
 94
        3
 73
     0
 74
     0
 95
       14
 96
       10
 40
0.0
 40
0.0
 40
0.0
 40
0.0
 40
1.0
 40
1.0
 40
1.0
 40
2.0
 40
2.0
 40
2.0
 40
3.0
 40
3.0
 40
3.0
 40
3.0
 10
0.7027777882499828
 20
4.648611180380814
 10
0.7069444549787375
 20
4.634722291284965
 10
0.7152777884362473
 20
4.62777784673704
 10
0.719444455165002
 20
4.631944513465795
 10
0.7236111218937569
 20
4.636111180194549
 10
0.719444455165002
 20
4.647222291471229
 10
0.7097222327979075
 20
4.656944513838324
 10
0.695833343702058
 20
4.669444514024588
 10
0.694444454792473
 20
4.668055625115003
 10
0.7027777882499828
 20
4.648611180380814
 97
        0
 97
        1
330
153
 75
     2
 76
     1
 98
        1
 10
0.0
 20
0.0
450
        0
451
        0
460
0.0
461
0.0
452
        0
462
0.0
453
        0
470

  0
SPLINE
  5
155
330
79
100
AcDbEntity
  8
Layer 1
100
AcDbSpline
210
0.0
220
0.0
230
1.0
 70
     9
 71
     3
 72
    14
 73
    10
 74
     0
 42
0.0000000001
 43
0.0000000001
 40
0.0
 40
0.0
 40
0.0
 40
0.0
 40
1.0
 40
1.0
 40
1.0
 40
2.0
 40
2.0
 40
2.0
 40
3.0
 40
3.0
 40
3.0
 40
3.0
 10
0.6111111202173763
 20
4.500000067055225
 30
0.0
 10
0.5986111200311118
 20
4.491666733597715
 30
0.0
 10
0.5972222311215269
 20
4.486111177959375
 30
0.0
 10
0.6069444534886214
 20
4.486111177959375
 30
0.0
 10
0.6152777869461312
 20
4.486111177959375
 30
0.0
 10
0.6277777871323957
 20
4.493055622507299
 30
0.0
 10
0.6319444538611504
 20
4.500000067055225
 30
0.0
 10
0.6430555651378301
 20
4.516666733970244
 30
0.0
 10
0.6375000094994903
 20
4.516666733970244
 30
0.0
 10
0.6111111202173763
 20
4.500000067055225
 30
0.0
  0
HATCH
  5
156
330
79
100
AcDbEntity
  8
Layer 1
 62
    18
420
        0
440
 33554687
100
AcDbHatch
 10
0.0
 20
0.0
 30
0.0
210
0.0
220
0.0
230
1.0
  2
SOLID
 70
     1
 71
     1
 91
        1
 92
        1
 93
        1
 72
     4
 94
        3
 73
     0
 74
     0
 95
       14
 96
       10
 40
0.0
 40
0.0
 40
0.0
 40
0.0
 40
1.0
 40
1.0
 40
1.0
 40
2.0
 40
2.0
 40
2.0
 40
3.0
 40
3.0
 40
3.0
 40
3.0
 10
0.6111111202173763
 20
4.500000067055225
 10
0.5986111200311118
 20
4.491666733597715
 10
0.5972222311215269
 20
4.486111177959375
 10
0.6069444534886214
 20
4.486111177959375
 10
0.6152777869461312
 20
4.486111177959375
 10
0.6277777871323957
 20
4.493055622507299
 10
0.6319444538611504
 20
4.500000067055225
 10
0.6430555651378301
 20
4.516666733970244
 10
0.6375000094994903
 20
4.516666733970244
 10
0.6111111202173763
 20
4.500000067055225
 97
        0
 97
        1
330
155
 75
     2
 76
     1
 98
        1
 10
0.0
 20
0.0
450
        0
451
        0
460
0.0
461
0.0
452
        0
462
0.0
453
        0
470

  0
SPLINE
  5
157
330
79
100
AcDbEntity
  8
Layer 1
100
AcDbSpline
210
0.0
220
0.0
230
1.0
 70
     9
 71
     3
 72
    14
 73
    10
 74
     0
 42
0.0000000001
 43
0.0000000001
 40
0.0
 40
0.0
 40
0.0
 40
0.0
 40
1.0
 40
1.0
 40
1.0
 40
2.0
 40
2.0
 40
2.0
 40
3.0
 40
3.0
 40
3.0
 40
3.0
 10
0.154166668963929
 20
4.130555617105629
 30
0.0
 10
0.154166668963929
 20
4.115277839100195
 30
0.0
 10
0.1583333356926838
 20
4.111111172371439
 30
0.0
 10
0.1625000024214387
 20
4.122222283648119
 30
0.0
 10
0.1666666691501935
 20
4.131944506015214
 30
0.0
 10
0.1652777802406086
 20
4.144444506201478
 30
0.0
 10
0.1611111135118537
 20
4.148611172930233
 30
0.0
 10
0.1569444467830989
 20
4.154166728568573
 30
0.0
 10
0.152777780054344
 20
4.145833395111063
 30
0.0
 10
0.154166668963929
 20
4.130555617105629
 30
0.0
  0
HATCH
  5
158
330
79
100
AcDbEntity
  8
Layer 1
 62
    18
420
        0
440
 33554687
100
AcDbHatch
 10
0.0
 20
0.0
 30
0.0
210
0.0
220
0.0
230
1.0
  2
SOLID
 70
     1
 71
     1
 91
        1
 92
        1
 93
        1
 72
     4
 94
        3
 73
     0
 74
     0
 95
       14
 96
       10
 40
0.0
 40
0.0
 40
0.0
 40
0.0
 40
1.0
 40
1.0
 40
1.0
 40
2.0
 40
2.0
 40
2.0
 40
3.0
 40
3.0
 40
3.0
 40
3.0
 10
0.154166668963929
 20
4.130555617105629
 10
0.154166668963929
 20
4.115277839100195
 10
0.1583333356926838
 20
4.111111172371439
 10
0.1625000024214387
 20
4.122222283648119
 10
0.1666666691501935
 20
4.131944506015214
 10
0.1652777802406086
 20
4.144444506201478
 10
0.1611111135118537
 20
4.148611172930233
 10
0.1569444467830989
 20
4.154166728568573
 10
0.152777780054344
 20
4.145833395111063
 10
0.154166668963929
 20
4.130555617105629
 97
        0
 97
        1
330
157
 75
     2
 76
     1
 98
        1
 10
0.0
 20
0.0
450
        0
451
        0
460
0.0
461
0.0
452
        0
462
0.0
453
        0
470

  0
SPLINE
  5
159
330
79
100
AcDbEntity
  8
Layer 1
100
AcDbSpline
210
0.0
220
0.0
230
1.0
 70
     9
 71
     3
 72
    65
 73
    61
 74
     0
 42
0.0000000001
 43
0.0000000001
 40
0.0
 40
0.0
 40
0.0
 40
0.0
 40
1.0
 40
1.0
 40
1.0
 40
2.0
 40
2.0
 40
2.0
 40
3.0
 40
3.0
 40
3.0
 40
4.0
 40
4.0
 40
4.0
 40
5.0
 40
5.0
 40
5.0
 40
6.0
 40
6.0
 40
6.0
 40
7.0
 40
7.0
 40
7.0
 40
8.0
 40
8.0
 40
8.0
 40
9.0
 40
9.0
 40
9.0
 40
10.0
 40
10.0
 40
10.0
 40
11.0
 40
11.0
 40
11.0
 40
12.0
 40
12.0
 40
12.0
 40
13.0
 40
13.0
 40
13.0
 40
14.0
 40
14.0
 40
14.0
 40
15.0
 40
15.0
 40
15.0
 40
16.0
 40
16.0
 40
16.0
 40
17.0
 40
17.0
 40
17.0
 40
18.0
 40
18.0
 40
18.0
 40
19.0
 40
19.0
 40
19.0
 40
20.0
 40
20.0
 40
20.0
 40
20.0
 10
2.80277781954242
 20
1.736111136981182
 30
0.0
 10
2.80277781954242
 20
1.66805558041152
 30
0.0
 10
2.797222263904081
 20
1.611111135118537
 30
0.0
 10
2.790277819356156
 20
1.611111135118537
 30
0.0
 10
2.783333374808231
 20
1.611111135118537
 30
0.0
 10
2.781944485898646
 20
1.579166690198083
 30
0.0
 10
2.786111152627401
 20
1.537500022910535
 30
0.0
 10
2.794444486084911
 20
1.468055577431288
 30
0.0
 10
2.786111152627401
 20
1.3930555763137
 30
0.0
 10
2.747222263159023
 20
1.169444461870524
 30
0.0
 10
2.736111151882343
 20
1.102777794210447
 30
0.0
 10
2.729166707334418
 20
1.086111127295427
 30
0.0
 10
2.715277818238569
 20
1.097222238572107
 30
0.0
 10
2.702777818052304
 20
1.108333349848786
 30
0.0
 10
2.69861115132355
 20
1.102777794210447
 30
0.0
 10
2.70138892914272
 20
1.076388904928333
 30
0.0
 10
2.704166706961889
 20
1.056944460194144
 30
0.0
 10
2.700000040233135
 20
1.038888904369539
 30
0.0
 10
2.694444484594795
 20
1.034722237640784
 30
0.0
 10
2.677777817679775
 20
1.02500001527369
 30
0.0
 10
2.651388928397662
 20
1.076388904928333
 30
0.0
 10
2.658333372945586
 20
1.100000016391277
 30
0.0
 10
2.662500039674341
 20
1.109722238758371
 30
0.0
 10
2.668055595312681
 20
1.15416668386509
 30
0.0
 10
2.672222262041436
 20
1.198611128971808
 30
0.0
 10
2.676388928770191
 20
1.243055574078526
 30
0.0
 10
2.6847222622277
 20
1.28611113027566
 30
0.0
 10
2.688888928956455
 20
1.294444463733169
 30
0.0
 10
2.694444484594795
 20
1.302777797190679
 30
0.0
 10
2.69861115132355
 20
1.329166686472793
 30
0.0
 10
2.697222262413965
 20
1.352777797935737
 30
0.0
 10
2.69583337350438
 20
1.383333353946606
 30
0.0
 10
2.700000040233135
 20
1.388888909584945
 30
0.0
 10
2.708333373690644
 20
1.375000020489096
 30
0.0
 10
2.716666707148154
 20
1.361111131393247
 30
0.0
 10
2.718055596057739
 20
1.372222242669926
 30
0.0
 10
2.712500040419399
 20
1.40694446540955
 30
0.0
 10
2.706944484781059
 20
1.441666688149173
 30
0.0
 10
2.709722262600229
 20
1.458333355064193
 30
0.0
 10
2.720833373876909
 20
1.458333355064193
 30
0.0
 10
2.731944485153588
 20
1.458333355064193
 30
0.0
 10
2.734722262972758
 20
1.469444466340872
 30
0.0
 10
2.729166707334418
 20
1.484722244346307
 30
0.0
 10
2.725000040605664
 20
1.498611133442156
 30
0.0
 10
2.729166707334418
 20
1.54166668963929
 30
0.0
 10
2.737500040791928
 20
1.577777801288498
 30
0.0
 10
2.745833374249438
 20
1.615277801847292
 30
0.0
 10
2.754166707706947
 20
1.655555580225255
 30
0.0
 10
2.755555596616532
 20
1.666666691501935
 30
0.0
 10
2.756944485526117
 20
1.677777802778614
 30
0.0
 10
2.763888930074042
 20
1.705555580970313
 30
0.0
 10
2.770833374621967
 20
1.727777803523672
 30
0.0
 10
2.780555596989061
 20
1.763888915172881
 30
0.0
 10
2.783333374808231
 20
1.7805555820879
 30
0.0
 10
2.790277819356156
 20
1.844444471928808
 30
0.0
 10
2.790277819356156
 20
1.852777805386318
 30
0.0
 10
2.794444486084911
 20
1.861111138843827
 30
0.0
 10
2.795833374994496
 20
1.861111138843827
 30
0.0
 10
2.798611152813666
 20
1.861111138843827
 30
0.0
 10
2.801388930632836
 20
1.805555582460429
 30
0.0
 10
2.80277781954242
 20
1.736111136981182
 30
0.0
  0
SPLINE
  5
15A
330
79
100
AcDbEntity
  8
Layer 1
100
AcDbSpline
210
0.0
220
0.0
230
1.0
 70
    11
 71
     3
 72
    59
 73
    55
 74
     0
 42
0.0000000001
 43
0.0000000001
 40
0.0
 40
0.0
 40
0.0
 40
0.0
 40
1.0
 40
1.0
 40
1.0
 40
2.0
 40
2.0
 40
2.0
 40
3.0
 40
3.0
 40
3.0
 40
4.0
 40
4.0
 40
4.0
 40
5.0
 40
5.0
 40
5.0
 40
6.0
 40
6.0
 40
6.0
 40
7.0
 40
7.0
 40
7.0
 40
8.0
 40
8.0
 40
8.0
 40
9.0
 40
9.0
 40
9.0
 40
10.0
 40
10.0
 40
10.0
 40
11.0
 40
11.0
 40
11.0
 40
12.0
 40
12.0
 40
12.0
 40
13.0
 40
13.0
 40
13.0
 40
14.0
 40
14.0
 40
14.0
 40
15.0
 40
15.0
 40
15.0
 40
16.0
 40
16.0
 40
16.0
 40
17.0
 40
17.0
 40
17.0
 40
18.0
 40
18.0
 40
18.0
 40
18.0
 10
2.083333364377419
 20
3.866666724284489
 30
0.0
 10
2.083333364377419
 20
3.85555561300781
 30
0.0
 10
2.088888920015758
 20
3.8472222795503
 30
0.0
 10
2.095833364563683
 20
3.8472222795503
 30
0.0
 10
2.104166698021193
 20
3.8472222795503
 30
0.0
 10
2.120833364936212
 20
3.829166723725696
 30
0.0
 10
2.133333365122477
 20
3.806944501172337
 30
0.0
 10
2.147222254218326
 20
3.783333389709393
 30
0.0
 10
2.162500032223761
 20
3.768055611703958
 30
0.0
 10
2.169444476771685
 20
3.772222278432713
 30
0.0
 10
2.175000032410025
 20
3.776388945161468
 30
0.0
 10
2.180555588048365
 20
3.769444500613543
 30
0.0
 10
2.180555588048365
 20
3.758333389336864
 30
0.0
 10
2.180555588048365
 20
3.745833389150599
 30
0.0
 10
2.18750003259629
 20
3.736111166783504
 30
0.0
 10
2.194444477144214
 20
3.736111166783504
 30
0.0
 10
2.204166699511309
 20
3.736111166783504
 30
0.0
 10
2.205555588420894
 20
3.71250005532056
 30
0.0
 10
2.198611143872969
 20
3.670833388033012
 30
0.0
 10
2.193055588234629
 20
3.633333387474218
 30
0.0
 10
2.188888921505875
 20
3.58055560890999
 30
0.0
 10
2.19027781041546
 20
3.552777830718291
 30
0.0
 10
2.19027781041546
 20
3.520833385797838
 30
0.0
 10
2.18472225477712
 20
3.498611163244479
 30
0.0
 10
2.172222254590855
 20
3.494444496515724
 30
0.0
 10
2.161111143314176
 20
3.490277829786969
 30
0.0
 10
2.152777809856666
 20
3.493055607606139
 30
0.0
 10
2.152777809856666
 20
3.500000052154064
 30
0.0
 10
2.152777809856666
 20
3.508333385611573
 30
0.0
 10
2.161111143314176
 20
3.513888941249913
 30
0.0
 10
2.17083336568127
 20
3.513888941249913
 30
0.0
 10
2.18194447695795
 20
3.513888941249913
 30
0.0
 10
2.18194447695795
 20
3.518055607978668
 30
0.0
 10
2.1680555878621
 20
3.526388941436177
 30
0.0
 10
2.156944476585421
 20
3.534722274893687
 30
0.0
 10
2.152777809856666
 20
3.548611163989537
 30
0.0
 10
2.158333365495006
 20
3.563888941994971
 30
0.0
 10
2.1680555878621
 20
3.5888889423675
 30
0.0
 10
2.145833365308741
 20
3.70972227750139
 30
0.0
 10
2.123611142755382
 20
3.754166722608109
 30
0.0
 10
2.115277809297873
 20
3.768055611703958
 30
0.0
 10
2.113888920388288
 20
3.784722278618978
 30
0.0
 10
2.118055587117042
 20
3.791666723166902
 30
0.0
 10
2.123611142755382
 20
3.800000056624412
 30
0.0
 10
2.118055587117042
 20
3.809722278991507
 30
0.0
 10
2.105555586930778
 20
3.813888945720261
 30
0.0
 10
2.094444475654098
 20
3.818055612449016
 30
0.0
 10
2.079166697648664
 20
3.840277835002375
 30
0.0
 10
2.070833364191154
 20
3.862500057555735
 30
0.0
 10
2.062500030733644
 20
3.887500057928264
 30
0.0
 10
2.062500030733644
 20
3.900000058114528
 30
0.0
 10
2.069444475281569
 20
3.895833391385773
 30
0.0
 10
2.077777808739079
 20
3.890277835747433
 30
0.0
 10
2.083333364377419
 20
3.877777835561169
 30
0.0
 10
2.083333364377419
 20
3.866666724284489
 30
0.0
  0
SPLINE
  5
15B
330
79
100
AcDbEntity
  8
Layer 1
100
AcDbSpline
210
0.0
220
0.0
230
1.0
 70
     9
 71
     3
 72
    38
 73
    34
 74
     0
 42
0.0000000001
 43
0.0000000001
 40
0.0
 40
0.0
 40
0.0
 40
0.0
 40
1.0
 40
1.0
 40
1.0
 40
2.0
 40
2.0
 40
2.0
 40
3.0
 40
3.0
 40
3.0
 40
4.0
 40
4.0
 40
4.0
 40
5.0
 40
5.0
 40
5.0
 40
6.0
 40
6.0
 40
6.0
 40
7.0
 40
7.0
 40
7.0
 40
8.0
 40
8.0
 40
8.0
 40
9.0
 40
9.0
 40
9.0
 40
10.0
 40
10.0
 40
10.0
 40
11.0
 40
11.0
 40
11.0
 40
11.0
 10
3.165277824944091
 20
4.175000062212347
 30
0.0
 10
3.163888936034506
 20
4.134722283834384
 30
0.0
 10
3.166666713853676
 20
4.09444450545642
 30
0.0
 10
3.172222269492016
 20
4.08611117199891
 30
0.0
 10
3.179166714039941
 20
4.073611171812646
 30
0.0
 10
3.170833380582431
 20
4.069444505083891
 30
0.0
 10
3.140277824571562
 20
4.072222282903061
 30
0.0
 10
3.118055602018203
 20
4.073611171812646
 30
0.0
 10
3.101388935103184
 20
4.079166727450986
 30
0.0
 10
3.105555601831939
 20
4.084722283089326
 30
0.0
 10
3.108333379651109
 20
4.090277838727666
 30
0.0
 10
3.100000046193599
 20
4.098611172185175
 30
0.0
 10
3.084722268188165
 20
4.104166727823515
 30
0.0
 10
3.06944449018273
 20
4.108333394552269
 30
0.0
 10
3.037500045262277
 20
4.136111172743969
 30
0.0
 10
3.012500044889748
 20
4.163888950935668
 30
0.0
 10
2.987500044517219
 20
4.191666729127367
 30
0.0
 10
2.961111155235105
 20
4.213888951680726
 30
0.0
 10
2.95416671068718
 20
4.211111173861556
 30
0.0
 10
2.947222266139255
 20
4.209722284951971
 30
0.0
 10
2.94583337722967
 20
4.213888951680726
 30
0.0
 10
2.95138893286801
 20
4.222222285138236
 30
0.0
 10
2.955555599596765
 20
4.22916672968616
 30
0.0
 10
2.997222266884313
 20
4.236111174234085
 30
0.0
 10
3.043055600900616
 20
4.236111174234085
 30
0.0
 10
3.090277823826504
 20
4.236111174234085
 30
0.0
 10
3.123611157656543
 20
4.241666729872425
 30
0.0
 10
3.119444490927788
 20
4.248611174420349
 30
0.0
 10
3.113888935289448
 20
4.255555618968275
 30
0.0
 10
3.123611157656543
 20
4.258333396787444
 30
0.0
 10
3.140277824571562
 20
4.254166730058689
 30
0.0
 10
3.165277824944091
 20
4.247222285510765
 30
0.0
 10
3.168055602763261
 20
4.23750006314367
 30
0.0
 10
3.165277824944091
 20
4.175000062212347
 30
0.0
  0
SPLINE
  5
15C
330
79
100
AcDbEntity
  8
Layer 1
100
AcDbSpline
210
0.0
220
0.0
230
1.0
 70
     9
 71
     3
 72
   779
 73
   775
 74
     0
 42
0.0000000001
 43
0.0000000001
 40
0.0
 40
0.0
 40
0.0
 40
0.0
 40
1.0
 40
1.0
 40
1.0
 40
2.0
 40
2.0
 40
2.0
 40
3.0
 40
3.0
 40
3.0
 40
4.0
 40
4.0
 40
4.0
 40
5.0
 40
5.0
 40
5.0
 40
6.0
 40
6.0
 40
6.0
 40
7.0
 40
7.0
 40
7.0
 40
8.0
 40
8.0
 40
8.0
 40
9.0
 40
9.0
 40
9.0
 40
10.0
 40
10.0
 40
10.0
 40
11.0
 40
11.0
 40
11.0
 40
12.0
 40
12.0
 40
12.0
 40
13.0
 40
13.0
 40
13.0
 40
14.0
 40
14.0
 40
14.0
 40
15.0
 40
15.0
 40
15.0
 40
16.0
 40
16.0
 40
16.0
 40
17.0
 40
17.0
 40
17.0
 40
18.0
 40
18.0
 40
18.0
 40
19.0
 40
19.0
 40
19.0
 40
20.0
 40
20.0
 40
20.0
 40
21.0
 40
21.0
 40
21.0
 40
22.0
 40
22.0
 40
22.0
 40
23.0
 40
23.0
 40
23.0
 40
24.0
 40
24.0
 40
24.0
 40
25.0
 40
25.0
 40
25.0
 40
26.0
 40
26.0
 40
26.0
 40
27.0
 40
27.0
 40
27.0
 40
28.0
 40
28.0
 40
28.0
 40
29.0
 40
29.0
 40
29.0
 40
30.0
 40
30.0
 40
30.0
 40
31.0
 40
31.0
 40
31.0
 40
32.0
 40
32.0
 40
32.0
 40
33.0
 40
33.0
 40
33.0
 40
34.0
 40
34.0
 40
34.0
 40
35.0
 40
35.0
 40
35.0
 40
36.0
 40
36.0
 40
36.0
 40
37.0
 40
37.0
 40
37.0
 40
38.0
 40
38.0
 40
38.0
 40
39.0
 40
39.0
 40
39.0
 40
40.0
 40
40.0
 40
40.0
 40
41.0
 40
41.0
 40
41.0
 40
42.0
 40
42.0
 40
42.0
 40
43.0
 40
43.0
 40
43.0
 40
44.0
 40
44.0
 40
44.0
 40
45.0
 40
45.0
 40
45.0
 40
46.0
 40
46.0
 40
46.0
 40
47.0
 40
47.0
 40
47.0
 40
48.0
 40
48.0
 40
48.0
 40
49.0
 40
49.0
 40
49.0
 40
50.0
 40
50.0
 40
50.0
 40
51.0
 40
51.0
 40
51.0
 40
52.0
 40
52.0
 40
52.0
 40
53.0
 40
53.0
 40
53.0
 40
54.0
 40
54.0
 40
54.0
 40
55.0
 40
55.0
 40
55.0
 40
56.0
 40
56.0
 40
56.0
 40
57.0
 40
57.0
 40
57.0
 40
58.0
 40
58.0
 40
58.0
 40
59.0
 40
59.0
 40
59.0
 40
60.0
 40
60.0
 40
60.0
 40
61.0
 40
61.0
 40
61.0
 40
62.0
 40
62.0
 40
62.0
 40
63.0
 40
63.0
 40
63.0
 40
64.0
 40
64.0
 40
64.0
 40
65.0
 40
65.0
 40
65.0
 40
66.0
 40
66.0
 40
66.0
 40
67.0
 40
67.0
 40
67.0
 40
68.0
 40
68.0
 40
68.0
 40
69.0
 40
69.0
 40
69.0
 40
70.0
 40
70.0
 40
70.0
 40
71.0
 40
71.0
 40
71.0
 40
72.0
 40
72.0
 40
72.0
 40
73.0
 40
73.0
 40
73.0
 40
74.0
 40
74.0
 40
74.0
 40
75.0
 40
75.0
 40
75.0
 40
76.0
 40
76.0
 40
76.0
 40
77.0
 40
77.0
 40
77.0
 40
78.0
 40
78.0
 40
78.0
 40
79.0
 40
79.0
 40
79.0
 40
80.0
 40
80.0
 40
80.0
 40
81.0
 40
81.0
 40
81.0
 40
82.0
 40
82.0
 40
82.0
 40
83.0
 40
83.0
 40
83.0
 40
84.0
 40
84.0
 40
84.0
 40
85.0
 40
85.0
 40
85.0
 40
86.0
 40
86.0
 40
86.0
 40
87.0
 40
87.0
 40
87.0
 40
88.0
 40
88.0
 40
88.0
 40
89.0
 40
89.0
 40
89.0
 40
90.0
 40
90.0
 40
90.0
 40
91.0
 40
91.0
 40
91.0
 40
92.0
 40
92.0
 40
92.0
 40
93.0
 40
93.0
 40
93.0
 40
94.0
 40
94.0
 40
94.0
 40
95.0
 40
95.0
 40
95.0
 40
96.0
 40
96.0
 40
96.0
 40
97.0
 40
97.0
 40
97.0
 40
98.0
 40
98.0
 40
98.0
 40
99.0
 40
99.0
 40
99.0
 40
100.0
 40
100.0
 40
100.0
 40
101.0
 40
101.0
 40
101.0
 40
102.0
 40
102.0
 40
102.0
 40
103.0
 40
103.0
 40
103.0
 40
104.0
 40
104.0
 40
104.0
 40
105.0
 40
105.0
 40
105.0
 40
106.0
 40
106.0
 40
106.0
 40
107.0
 40
107.0
 40
107.0
 40
108.0
 40
108.0
 40
108.0
 40
109.0
 40
109.0
 40
109.0
 40
110.0
 40
110.0
 40
110.0
 40
111.0
 40
111.0
 40
111.0
 40
112.0
 40
112.0
 40
112.0
 40
113.0
 40
113.0
 40
113.0
 40
114.0
 40
114.0
 40
114.0
 40
115.0
 40
115.0
 40
115.0
 40
116.0
 40
116.0
 40
116.0
 40
117.0
 40
117.0
 40
117.0
 40
118.0
 40
118.0
 40
118.0
 40
119.0
 40
119.0
 40
119.0
 40
120.0
 40
120.0
 40
120.0
 40
121.0
 40
121.0
 40
121.0
 40
122.0
 40
122.0
 40
122.0
 40
123.0
 40
123.0
 40
123.0
 40
124.0
 40
124.0
 40
124.0
 40
125.0
 40
125.0
 40
125.0
 40
126.0
 40
126.0
 40
126.0
 40
127.0
 40
127.0
 40
127.0
 40
128.0
 40
128.0
 40
128.0
 40
129.0
 40
129.0
 40
129.0
 40
130.0
 40
130.0
 40
130.0
 40
131.0
 40
131.0
 40
131.0
 40
132.0
 40
132.0
 40
132.0
 40
133.0
 40
133.0
 40
133.0
 40
134.0
 40
134.0
 40
134.0
 40
135.0
 40
135.0
 40
135.0
 40
136.0
 40
136.0
 40
136.0
 40
137.0
 40
137.0
 40
137.0
 40
138.0
 40
138.0
 40
138.0
 40
139.0
 40
139.0
 40
139.0
 40
140.0
 40
140.0
 40
140.0
 40
141.0
 40
141.0
 40
141.0
 40
142.0
 40
142.0
 40
142.0
 40
143.0
 40
143.0
 40
143.0
 40
144.0
 40
144.0
 40
144.0
 40
145.0
 40
145.0
 40
145.0
 40
146.0
 40
146.0
 40
146.0
 40
147.0
 40
147.0
 40
147.0
 40
148.0
 40
148.0
 40
148.0
 40
149.0
 40
149.0
 40
149.0
 40
150.0
 40
150.0
 40
150.0
 40
151.0
 40
151.0
 40
151.0
 40
152.0
 40
152.0
 40
152.0
 40
153.0
 40
153.0
 40
153.0
 40
154.0
 40
154.0
 40
154.0
 40
155.0
 40
155.0
 40
155.0
 40
156.0
 40
156.0
 40
156.0
 40
157.0
 40
157.0
 40
157.0
 40
158.0
 40
158.0
 40
158.0
 40
159.0
 40
159.0
 40
159.0
 40
160.0
 40
160.0
 40
160.0
 40
161.0
 40
161.0
 40
161.0
 40
162.0
 40
162.0
 40
162.0
 40
163.0
 40
163.0
 40
163.0
 40
164.0
 40
164.0
 40
164.0
 40
165.0
 40
165.0
 40
165.0
 40
166.0
 40
166.0
 40
166.0
 40
167.0
 40
167.0
 40
167.0
 40
168.0
 40
168.0
 40
168.0
 40
169.0
 40
169.0
 40
169.0
 40
170.0
 40
170.0
 40
170.0
 40
171.0
 40
171.0
 40
171.0
 40
172.0
 40
172.0
 40
172.0
 40
173.0
 40
173.0
 40
173.0
 40
174.0
 40
174.0
 40
174.0
 40
175.0
 40
175.0
 40
175.0
 40
176.0
 40
176.0
 40
176.0
 40
177.0
 40
177.0
 40
177.0
 40
178.0
 40
178.0
 40
178.0
 40
179.0
 40
179.0
 40
179.0
 40
180.0
 40
180.0
 40
180.0
 40
181.0
 40
181.0
 40
181.0
 40
182.0
 40
182.0
 40
182.0
 40
183.0
 40
183.0
 40
183.0
 40
184.0
 40
184.0
 40
184.0
 40
185.0
 40
185.0
 40
185.0
 40
186.0
 40
186.0
 40
186.0
 40
187.0
 40
187.0
 40
187.0
 40
188.0
 40
188.0
 40
188.0
 40
189.0
 40
189.0
 40
189.0
 40
190.0
 40
190.0
 40
190.0
 40
191.0
 40
191.0
 40
191.0
 40
192.0
 40
192.0
 40
192.0
 40
193.0
 40
193.0
 40
193.0
 40
194.0
 40
194.0
 40
194.0
 40
195.0
 40
195.0
 40
195.0
 40
196.0
 40
196.0
 40
196.0
 40
197.0
 40
197.0
 40
197.0
 40
198.0
 40
198.0
 40
198.0
 40
199.0
 40
199.0
 40
199.0
 40
200.0
 40
200.0
 40
200.0
 40
201.0
 40
201.0
 40
201.0
 40
202.0
 40
202.0
 40
202.0
 40
203.0
 40
203.0
 40
203.0
 40
204.0
 40
204.0
 40
204.0
 40
205.0
 40
205.0
 40
205.0
 40
206.0
 40
206.0
 40
206.0
 40
207.0
 40
207.0
 40
207.0
 40
208.0
 40
208.0
 40
208.0
 40
209.0
 40
209.0
 40
209.0
 40
210.0
 40
210.0
 40
210.0
 40
211.0
 40
211.0
 40
211.0
 40
212.0
 40
212.0
 40
212.0
 40
213.0
 40
213.0
 40
213.0
 40
214.0
 40
214.0
 40
214.0
 40
215.0
 40
215.0
 40
215.0
 40
216.0
 40
216.0
 40
216.0
 40
217.0
 40
217.0
 40
217.0
 40
218.0
 40
218.0
 40
218.0
 40
219.0
 40
219.0
 40
219.0
 40
220.0
 40
220.0
 40
220.0
 40
221.0
 40
221.0
 40
221.0
 40
222.0
 40
222.0
 40
222.0
 40
223.0
 40
223.0
 40
223.0
 40
224.0
 40
224.0
 40
224.0
 40
225.0
 40
225.0
 40
225.0
 40
226.0
 40
226.0
 40
226.0
 40
227.0
 40
227.0
 40
227.0
 40
228.0
 40
228.0
 40
228.0
 40
229.0
 40
229.0
 40
229.0
 40
230.0
 40
230.0
 40
230.0
 40
231.0
 40
231.0
 40
231.0
 40
232.0
 40
232.0
 40
232.0
 40
233.0
 40
233.0
 40
233.0
 40
234.0
 40
234.0
 40
234.0
 40
235.0
 40
235.0
 40
235.0
 40
236.0
 40
236.0
 40
236.0
 40
237.0
 40
237.0
 40
237.0
 40
238.0
 40
238.0
 40
238.0
 40
239.0
 40
239.0
 40
239.0
 40
240.0
 40
240.0
 40
240.0
 40
241.0
 40
241.0
 40
241.0
 40
242.0
 40
242.0
 40
242.0
 40
243.0
 40
243.0
 40
243.0
 40
244.0
 40
244.0
 40
244.0
 40
245.0
 40
245.0
 40
245.0
 40
246.0
 40
246.0
 40
246.0
 40
247.0
 40
247.0
 40
247.0
 40
248.0
 40
248.0
 40
248.0
 40
249.0
 40
249.0
 40
249.0
 40
250.0
 40
250.0
 40
250.0
 40
251.0
 40
251.0
 40
251.0
 40
252.0
 40
252.0
 40
252.0
 40
253.0
 40
253.0
 40
253.0
 40
254.0
 40
254.0
 40
254.0
 40
255.0
 40
255.0
 40
255.0
 40
256.0
 40
256.0
 40
256.0
 40
257.0
 40
257.0
 40
257.0
 40
258.0
 40
258.0
 40
258.0
 40
258.0
 10
1.688888914055294
 20
5.215277855491472
 30
0.0
 10
1.684722247326539
 20
5.184722299480603
 30
0.0
 10
1.67083335823069
 20
5.119444520730111
 30
0.0
 10
1.65972224695401
 20
5.069444519985053
 30
0.0
 10
1.64861113567733
 20
5.019444519239995
 30
0.0
 10
1.629166690943141
 20
4.923611184478633
 30
0.0
 10
1.618055579666462
 20
4.854166738999386
 30
0.0
 10
1.605555579480197
 20
4.786111182429723
 30
0.0
 10
1.579166690198083
 20
4.668055625115003
 30
0.0
 10
1.559722245463894
 20
4.593055623997416
 30
0.0
 10
1.520833355995515
 20
4.441666732852657
 30
0.0
 10
1.5222222449051
 20
4.433333399395147
 30
0.0
 10
1.604166690570612
 20
4.409722287932203
 30
0.0
 10
1.604166690570612
 20
4.409722287932203
 30
0.0
 10
1.6513889134965
 20
4.395833398836353
 30
0.0
 10
1.6513889134965
 20
4.395833398836353
 30
0.0
 10
1.6513889134965
 20
4.395833398836353
 30
0.0
 10
1.616666690756877
 20
4.294444508436653
 30
0.0
 10
1.616666690756877
 20
4.294444508436653
 30
0.0
 10
1.580555579107668
 20
4.184722284579442
 30
0.0
 10
1.552777800915969
 20
4.126388950376874
 30
0.0
 10
1.372222242669926
 20
3.777777834071053
 30
0.0
 10
1.230555573892262
 20
3.504166718882818
 30
0.0
 10
1.225000018253922
 20
3.491666718696554
 30
0.0
 10
1.262500018812716
 20
3.479166718510289
 30
0.0
 10
1.287500019185245
 20
3.472222273962365
 30
0.0
 10
1.287500019185245
 20
3.46527782941444
 30
0.0
 10
1.240277796259356
 20
3.351388938828474
 30
0.0
 10
1.213888906977242
 20
3.284722271168397
 30
0.0
 10
1.175000017508864
 20
3.19583338095496
 30
0.0
 10
1.15416668386509
 20
3.154166713667412
 30
0.0
 10
1.055555571284559
 20
2.955555599596765
 30
0.0
 10
1.033333348731199
 20
2.758333374435702
 30
0.0
 10
1.095833349662522
 20
2.640277817120982
 30
0.0
 10
1.14861112822675
 20
2.540277815630866
 30
0.0
 10
1.291666685913999
 20
2.42083336940656
 30
0.0
 10
1.708333358789483
 20
2.134722254032062
 30
0.0
 10
1.972222251610623
 20
1.951388917966849
 30
0.0
 10
1.938888917780584
 20
1.961111140333943
 30
0.0
 10
2.013888918898171
 20
2.051388919456965
 30
0.0
 10
2.091666697834928
 20
2.144444476399156
 30
0.0
 10
2.218055588607158
 20
2.375000035390257
 30
0.0
 10
2.191666699325044
 20
2.375000035390257
 30
0.0
 10
2.18472225477712
 20
2.375000035390257
 30
0.0
 10
2.161111143314176
 20
2.337500034831464
 30
0.0
 10
2.140277809670402
 20
2.29166670081516
 30
0.0
 10
2.118055587117042
 20
2.245833366798857
 30
0.0
 10
2.095833364563683
 20
2.213888921878404
 30
0.0
 10
2.091666697834928
 20
2.219444477516743
 30
0.0
 10
2.086111142196588
 20
2.225000033155083
 30
0.0
 10
2.081944475467834
 20
2.222222255335913
 30
0.0
 10
2.083333364377419
 20
2.215277810787989
 30
0.0
 10
2.088888920015758
 20
2.188888921505875
 30
0.0
 10
2.083333364377419
 20
2.17361114350044
 30
0.0
 10
2.072222253100739
 20
2.188888921505875
 30
0.0
 10
2.065277808552814
 20
2.200000032782554
 30
0.0
 10
2.056944475095304
 20
2.198611143872969
 30
0.0
 10
2.04166669708987
 20
2.183333365867535
 30
0.0
 10
2.023611141265266
 20
2.163888921133346
 30
0.0
 10
2.025000030174851
 20
2.162500032223761
 30
0.0
 10
2.045833363818625
 20
2.17083336568127
 30
0.0
 10
2.075000030919909
 20
2.18194447695795
 30
0.0
 10
2.076388919829494
 20
2.162500032223761
 30
0.0
 10
2.05000003054738
 20
2.140277809670402
 30
0.0
 10
2.034722252541945
 20
2.127777809484137
 30
0.0
 10
2.029166696903605
 20
2.127777809484137
 30
0.0
 10
2.022222252355681
 20
2.141666698579986
 30
0.0
 10
2.018055585626926
 20
2.151388920947081
 30
0.0
 10
2.016666696717341
 20
2.147222254218326
 30
0.0
 10
2.020833363446096
 20
2.131944476212892
 30
0.0
 10
2.026388919084436
 20
2.102777809111608
 30
0.0
 10
2.012500029988586
 20
2.079166697648664
 30
0.0
 10
1.962500029243528
 20
2.03611114145153
 30
0.0
 10
1.933333362142244
 20
2.011111141079001
 30
0.0
 10
1.931944473232659
 20
2.011111141079001
 30
0.0
 10
1.895833361583451
 20
2.04722225272821
 30
0.0
 10
1.876388916849261
 20
2.066666697462399
 30
0.0
 10
1.854166694295902
 20
2.083333364377419
 30
0.0
 10
1.845833360838393
 20
2.083333364377419
 30
0.0
 10
1.837500027380883
 20
2.083333364377419
 30
0.0
 10
1.836111138471298
 20
2.090277808925343
 30
0.0
 10
1.841666694109638
 20
2.100000031292438
 30
0.0
 10
1.847222249747978
 20
2.109722253659533
 30
0.0
 10
1.845833360838393
 20
2.111111142569118
 30
0.0
 10
1.836111138471298
 20
2.105555586930778
 30
0.0
 10
1.816666693737109
 20
2.093055586744513
 30
0.0
 10
1.759722248444126
 20
2.122222253845797
 30
0.0
 10
1.770833359720806
 20
2.138888920760817
 30
0.0
 10
1.775000026449561
 20
2.145833365308741
 30
0.0
 10
1.770833359720806
 20
2.155555587675836
 30
0.0
 10
1.762500026263296
 20
2.161111143314176
 30
0.0
 10
1.751388914986616
 20
2.166666698952515
 30
0.0
 10
1.750000026077032
 20
2.165277810042931
 30
0.0
 10
1.755555581715371
 20
2.155555587675836
 30
0.0
 10
1.761111137353711
 20
2.145833365308741
 30
0.0
 10
1.761111137353711
 20
2.138888920760817
 30
0.0
 10
1.756944470624956
 20
2.138888920760817
 30
0.0
 10
1.740277803709937
 20
2.138888920760817
 30
0.0
 10
1.652777802406085
 20
2.204166699511309
 30
0.0
 10
1.65972224695401
 20
2.211111144059234
 30
0.0
 10
1.663888913682765
 20
2.215277810787989
 30
0.0
 10
1.655555580225255
 20
2.226388922064668
 30
0.0
 10
1.643055580038991
 20
2.237500033341348
 30
0.0
 10
1.620833357485631
 20
2.255555589165952
 30
0.0
 10
1.619444468576046
 20
2.254166700256367
 30
0.0
 10
1.637500024400651
 20
2.233333366612593
 30
0.0
 10
1.666666691501935
 20
2.195833366053799
 30
0.0
 10
1.64583335785816
 20
2.204166699511309
 30
0.0
 10
1.575000023469328
 20
2.256944478075537
 30
0.0
 10
1.540277800729705
 20
2.283333367357651
 30
0.0
 10
1.516666689266761
 20
2.30555558991101
 30
0.0
 10
1.523611133814685
 20
2.30555558991101
 30
0.0
 10
1.53055557836261
 20
2.30555558991101
 30
0.0
 10
1.54444446745846
 20
2.2972222564535
 30
0.0
 10
1.555555578735139
 20
2.288888922995991
 30
0.0
 10
1.572222245650158
 20
2.273611144990556
 30
0.0
 10
1.572222245650158
 20
2.275000033900141
 30
0.0
 10
1.556944467644724
 20
2.295833367543915
 30
0.0
 10
1.545833356368044
 20
2.30833336773018
 30
0.0
 10
1.53055557836261
 20
2.318055590097274
 30
0.0
 10
1.5222222449051
 20
2.316666701187689
 30
0.0
 10
1.497222244532571
 20
2.312500034458935
 30
0.0
 10
1.430555576872494
 20
2.350000035017728
 30
0.0
 10
1.438888910330003
 20
2.363888924113578
 30
0.0
 10
1.443055577058759
 20
2.370833368661502
 30
0.0
 10
1.441666688149173
 20
2.375000035390257
 30
0.0
 10
1.434722243601249
 20
2.373611146480672
 30
0.0
 10
1.408333354319135
 20
2.369444479751917
 30
0.0
 10
1.397222243042455
 20
2.376388924299842
 30
0.0
 10
1.413888909957474
 20
2.387500035576522
 30
0.0
 10
1.429166687962909
 20
2.397222257943616
 30
0.0
 10
1.427777799053324
 20
2.400000035762786
 30
0.0
 10
1.40972224322872
 20
2.406944480310711
 30
0.0
 10
1.39583335413287
 20
2.413888924858636
 30
0.0
 10
1.39027779849453
 20
2.411111147039466
 30
0.0
 10
1.397222243042455
 20
2.401388924672371
 30
0.0
 10
1.402777798680795
 20
2.391666702305276
 30
0.0
 10
1.400000020861625
 20
2.387500035576522
 30
0.0
 10
1.39027779849453
 20
2.390277813395691
 30
0.0
 10
1.380555576127436
 20
2.394444480124446
 30
0.0
 10
1.373611131579511
 20
2.401388924672371
 30
0.0
 10
1.375000020489096
 20
2.408333369220296
 30
0.0
 10
1.377777798308266
 20
2.42083336940656
 30
0.0
 10
1.337500019930303
 20
2.448611147598259
 30
0.0
 10
1.329166686472793
 20
2.441666703050334
 30
0.0
 10
1.318055575196113
 20
2.43194448068324
 30
0.0
 10
1.209722240248487
 20
2.531944482173356
 30
0.0
 10
1.216666684796412
 20
2.544444482359621
 30
0.0
 10
1.222222240434752
 20
2.554166704726715
 30
0.0
 10
1.219444462615582
 20
2.5555555936363
 30
0.0
 10
1.211111129158072
 20
2.550000037997961
 30
0.0
 10
1.197222240062223
 20
2.541666704540451
 30
0.0
 10
1.119444461125466
 20
2.623611150205963
 30
0.0
 10
1.126388905673391
 20
2.638888928211397
 30
0.0
 10
1.127777794582976
 20
2.643055594940152
 30
0.0
 10
1.120833350035051
 20
2.661111150764756
 30
0.0
 10
1.111111127667956
 20
2.680555595498945
 30
0.0
 10
1.091666682933767
 20
2.718055596057739
 30
0.0
 10
1.077777793837918
 20
2.936111154862576
 30
0.0
 10
1.095833349662522
 20
2.923611154676311
 30
0.0
 10
1.102777794210447
 20
2.920833376857141
 30
0.0
 10
1.108333349848786
 20
2.930555599224236
 30
0.0
 10
1.108333349848786
 20
2.94861115504884
 30
0.0
 10
1.108333349848786
 20
2.965277821963859
 30
0.0
 10
1.126388905673391
 20
3.023611156166427
 30
0.0
 10
1.150000017136335
 20
3.076388934730655
 30
0.0
 10
1.172222239689694
 20
3.130555602204468
 30
0.0
 10
1.205555573519733
 20
3.20972227005081
 30
0.0
 10
1.223611129344337
 20
3.252777826247943
 30
0.0
 10
1.258333352083961
 20
3.334722271913455
 30
0.0
 10
1.279166685727735
 20
3.348611161009305
 30
0.0
 10
1.330555575382378
 20
3.320833382817605
 30
0.0
 10
1.343055575568642
 20
3.312500049360096
 30
0.0
 10
1.373611131579511
 20
3.298611160264246
 30
0.0
 10
1.39583335413287
 20
3.287500048987567
 30
0.0
 10
1.597222246022687
 20
3.19583338095496
 30
0.0
 10
1.825000027194619
 20
3.031944489623937
 30
0.0
 10
1.809722249189184
 20
2.991666711245973
 30
0.0
 10
1.805555582460429
 20
2.980555599969294
 30
0.0
 10
1.795833360093335
 20
2.976388933240539
 30
0.0
 10
1.787500026635825
 20
2.981944488878879
 30
0.0
 10
1.779166693178315
 20
2.987500044517219
 30
0.0
 10
1.776388915359145
 20
2.981944488878879
 30
0.0
 10
1.781944470997485
 20
2.968055599783029
 30
0.0
 10
1.78611113772624
 20
2.95416671068718
 30
0.0
 10
1.784722248816655
 20
2.944444488320085
 30
0.0
 10
1.77777780426873
 20
2.944444488320085
 30
0.0
 10
1.770833359720806
 20
2.944444488320085
 30
0.0
 10
1.761111137353711
 20
2.929166710314651
 30
0.0
 10
1.755555581715371
 20
2.909722265580461
 30
0.0
 10
1.751388914986616
 20
2.890277820846272
 30
0.0
 10
1.743055581529107
 20
2.877777820660007
 30
0.0
 10
1.737500025890767
 20
2.880555598479178
 30
0.0
 10
1.733333359162012
 20
2.883333376298347
 30
0.0
 10
1.729166692433257
 20
2.868055598292913
 30
0.0
 10
1.729166692433257
 20
2.845833375739554
 30
0.0
 10
1.729166692433257
 20
2.82222226427661
 30
0.0
 10
1.736111136981182
 20
2.80555559736159
 30
0.0
 10
1.747222248257862
 20
2.80555559736159
 30
0.0
 10
1.755555581715371
 20
2.80555559736159
 30
0.0
 10
1.763888915172881
 20
2.798611152813666
 30
0.0
 10
1.763888915172881
 20
2.791666708265741
 30
0.0
 10
1.763888915172881
 20
2.783333374808231
 30
0.0
 10
1.772222248630391
 20
2.779166708079476
 30
0.0
 10
1.781944470997485
 20
2.780555596989061
 30
0.0
 10
1.790277804454995
 20
2.783333374808231
 30
0.0
 10
1.79722224900292
 20
2.777777819169891
 30
0.0
 10
1.795833360093335
 20
2.768055596802797
 30
0.0
 10
1.79444447118375
 20
2.759722263345287
 30
0.0
 10
1.802777804641259
 20
2.744444485339853
 30
0.0
 10
1.816666693737109
 20
2.733333374063173
 30
0.0
 10
1.837500027380883
 20
2.716666707148154
 30
0.0
 10
1.838888916290468
 20
2.718055596057739
 30
0.0
 10
1.820833360465864
 20
2.740277818611098
 30
0.0
 10
1.795833360093335
 20
2.772222263531552
 30
0.0
 10
1.812500027008354
 20
2.770833374621967
 30
0.0
 10
1.862500027753412
 20
2.734722262972758
 30
0.0
 10
1.884722250306771
 20
2.719444484967324
 30
0.0
 10
1.898611139402621
 20
2.700000040233135
 30
0.0
 10
1.894444472673866
 20
2.691666706775625
 30
0.0
 10
1.888888917035526
 20
2.683333373318115
 30
0.0
 10
1.890277805945111
 20
2.680555595498945
 30
0.0
 10
1.898611139402621
 20
2.6847222622277
 30
0.0
 10
1.905555583950546
 20
2.688888928956455
 30
0.0
 10
1.941666695599754
 20
2.666666706403096
 30
0.0
 10
1.976388918339378
 20
2.634722261482642
 30
0.0
 10
2.031944474722775
 20
2.581944482918414
 30
0.0
 10
2.037500030361115
 20
2.573611149460905
 30
0.0
 10
2.016666696717341
 20
2.55833337145547
 30
0.0
 10
1.995833363073567
 20
2.544444482359621
 30
0.0
 10
1.995833363073567
 20
2.543055593450036
 30
0.0
 10
2.018055585626926
 20
2.551388926907546
 30
0.0
 10
2.03611114145153
 20
2.556944482545885
 30
0.0
 10
2.055555586185719
 20
2.547222260178791
 30
0.0
 10
2.080555586558249
 20
2.519444481987092
 30
0.0
 10
2.101388920202023
 20
2.497222259433732
 30
0.0
 10
2.116666698207457
 20
2.475000036880373
 30
0.0
 10
2.113888920388288
 20
2.468055592332448
 30
0.0
 10
2.112500031478703
 20
2.461111147784524
 30
0.0
 10
2.118055587117042
 20
2.461111147784524
 30
0.0
 10
2.126388920574552
 20
2.466666703422863
 30
0.0
 10
2.138888920760817
 20
2.473611147970788
 30
0.0
 10
2.140277809670402
 20
2.465277814513278
 30
0.0
 10
2.133333365122477
 20
2.43750003632158
 30
0.0
 10
2.125000031664967
 20
2.404166702491541
 30
0.0
 10
2.126388920574552
 20
2.400000035762786
 30
0.0
 10
2.143055587489571
 20
2.41527781376822
 30
0.0
 10
2.159722254404591
 20
2.427777813954485
 30
0.0
 10
2.165277810042931
 20
2.427777813954485
 30
0.0
 10
2.17083336568127
 20
2.413888924858636
 30
0.0
 10
2.17638892131961
 20
2.398611146853201
 30
0.0
 10
2.17916669913878
 20
2.398611146853201
 30
0.0
 10
2.17916669913878
 20
2.413888924858636
 30
0.0
 10
2.183333365867535
 20
2.477777814699543
 30
0.0
 10
1.837500027380883
 20
2.81944448645744
 30
0.0
 10
1.769444470811221
 20
2.81944448645744
 30
0.0
 10
1.734722248071597
 20
2.81944448645744
 30
0.0
 10
1.741666692619522
 20
2.836111153372459
 30
0.0
 10
1.843055583019223
 20
3.006944489251408
 30
0.0
 10
1.852777805386318
 20
3.022222267256842
 30
0.0
 10
1.868055583391752
 20
3.048611156538956
 30
0.0
 10
1.876388916849261
 20
3.065277823453975
 30
0.0
 10
1.888888917035526
 20
3.08888893491692
 30
0.0
 10
1.90138891722179
 20
3.094444490555259
 30
0.0
 10
1.92916669541349
 20
3.08888893491692
 30
0.0
 10
1.961111140333943
 20
3.081944490368995
 30
0.0
 10
1.972222251610623
 20
3.091666712736089
 30
0.0
 10
2.022222252355681
 20
3.169444491672846
 30
0.0
 10
2.05277780836655
 20
3.218055603508319
 30
0.0
 10
2.091666697834928
 20
3.281944493349227
 30
0.0
 10
2.106944475840363
 20
3.312500049360096
 30
0.0
 10
2.122222253845797
 20
3.343055605370965
 30
0.0
 10
2.152777809856666
 20
3.402777828483117
 30
0.0
 10
2.175000032410025
 20
3.444444495770666
 30
0.0
 10
2.205555588420894
 20
3.504166718882818
 30
0.0
 10
2.215277810787989
 20
3.544444497260782
 30
0.0
 10
2.219444477516743
 20
3.633333387474218
 30
0.0
 10
2.225000033155083
 20
3.745833389150599
 30
0.0
 10
2.225000033155083
 20
3.745833389150599
 30
0.0
 10
2.177777810229195
 20
3.793055612076487
 30
0.0
 10
2.134722254032062
 20
3.836111168273621
 30
0.0
 10
2.080555586558249
 20
3.912500058300793
 30
0.0
 10
2.043055585999455
 20
3.97916672596087
 30
0.0
 10
2.043055585999455
 20
3.97916672596087
 30
0.0
 10
2.029166696903605
 20
4.006944504152569
 30
0.0
 10
2.029166696903605
 20
4.006944504152569
 30
0.0
 10
2.029166696903605
 20
4.006944504152569
 30
0.0
 10
2.027777807994021
 20
3.97916672596087
 30
0.0
 10
2.027777807994021
 20
3.97916672596087
 30
0.0
 10
2.027777807994021
 20
3.944444503221246
 30
0.0
 10
2.056944475095304
 20
3.85000005736947
 30
0.0
 10
2.102777809111608
 20
3.743055611331429
 30
0.0
 10
2.154166698766251
 20
3.620833387287954
 30
0.0
 10
2.154166698766251
 20
3.46250005159527
 30
0.0
 10
2.101388920202023
 20
3.358333383376399
 30
0.0
 10
2.080555586558249
 20
3.318055604998435
 30
0.0
 10
2.055555586185719
 20
3.276388937710887
 30
0.0
 10
2.045833363818625
 20
3.266666715343792
 30
0.0
 10
2.037500030361115
 20
3.258333381886283
 30
0.0
 10
2.025000030174851
 20
3.237500048242509
 30
0.0
 10
2.020833363446096
 20
3.220833381327489
 30
0.0
 10
2.012500029988586
 20
3.197222269864545
 30
0.0
 10
2.008333363259831
 20
3.19583338095496
 30
0.0
 10
1.990277807435227
 20
3.211111158960395
 30
0.0
 10
1.970833362701038
 20
3.226388936965829
 30
0.0
 10
1.969444473791453
 20
3.226388936965829
 30
0.0
 10
1.981944473977717
 20
3.2013889365933
 30
0.0
 10
1.994444474163982
 20
3.179166714039941
 30
0.0
 10
1.991666696344812
 20
3.165277824944091
 30
0.0
 10
1.965277807062698
 20
3.133333380023638
 30
0.0
 10
1.938888917780584
 20
3.100000046193599
 30
0.0
 10
1.931944473232659
 20
3.097222268374429
 30
0.0
 10
1.922222250865565
 20
3.115277824199033
 30
0.0
 10
1.90694447286013
 20
3.141666713481147
 30
0.0
 10
1.875000027939677
 20
3.122222268746958
 30
0.0
 10
1.848611138657563
 20
3.0722222680019
 30
0.0
 10
1.834722249561713
 20
3.045833378719786
 30
0.0
 10
1.827777805013788
 20
3.043055600900616
 30
0.0
 10
1.802777804641259
 20
3.056944489996466
 30
0.0
 10
1.78611113772624
 20
3.065277823453975
 30
0.0
 10
1.758333359534541
 20
3.087500046007335
 30
0.0
 10
1.740277803709937
 20
3.105555601831939
 30
0.0
 10
1.722222247885333
 20
3.123611157656543
 30
0.0
 10
1.698611136422389
 20
3.138888935661977
 30
0.0
 10
1.687500025145709
 20
3.138888935661977
 30
0.0
 10
1.676388913869029
 20
3.138888935661977
 30
0.0
 10
1.666666691501935
 20
3.144444491300317
 30
0.0
 10
1.666666691501935
 20
3.152777824757827
 30
0.0
 10
1.666666691501935
 20
3.159722269305752
 30
0.0
 10
1.643055580038991
 20
3.176388936220771
 30
0.0
 10
1.615277801847292
 20
3.187500047497451
 30
0.0
 10
1.586111134746008
 20
3.200000047683715
 30
0.0
 10
1.556944467644724
 20
3.216666714598734
 30
0.0
 10
1.548611134187214
 20
3.226388936965829
 30
0.0
 10
1.54166668963929
 20
3.236111159332924
 30
0.0
 10
1.500000022351741
 20
3.258333381886283
 30
0.0
 10
1.458333355064193
 20
3.277777826620472
 30
0.0
 10
1.416666687776644
 20
3.297222271354661
 30
0.0
 10
1.377777798308266
 20
3.318055604998435
 30
0.0
 10
1.373611131579511
 20
3.323611160636775
 30
0.0
 10
1.366666687031586
 20
3.33333338300387
 30
0.0
 10
1.338888908839887
 20
3.34166671646138
 30
0.0
 10
1.302777797190679
 20
3.345833383190135
 30
0.0
 10
1.297222241552339
 20
3.34722227209972
 30
0.0
 10
1.293055574823584
 20
3.372222272472249
 30
0.0
 10
1.295833352642754
 20
3.402777828483117
 30
0.0
 10
1.298611130461924
 20
3.450000051409006
 30
0.0
 10
1.302777797190679
 20
3.45694449595693
 30
0.0
 10
1.326388908653623
 20
3.45138894031859
 30
0.0
 10
1.341666686659057
 20
3.447222273589836
 30
0.0
 10
1.345833353387812
 20
3.448611162499421
 30
0.0
 10
1.336111131020718
 20
3.452777829228175
 30
0.0
 10
1.327777797563208
 20
3.45694449595693
 30
0.0
 10
1.323611130834453
 20
3.46805560723361
 30
0.0
 10
1.327777797563208
 20
3.475000051781535
 30
0.0
 10
1.333333353201548
 20
3.484722274148629
 30
0.0
 10
1.330555575382378
 20
3.486111163058214
 30
0.0
 10
1.322222241924868
 20
3.480555607419874
 30
0.0
 10
1.312500019557774
 20
3.475000051781535
 30
0.0
 10
1.305555575009849
 20
3.477777829600704
 30
0.0
 10
1.305555575009849
 20
3.486111163058214
 30
0.0
 10
1.305555575009849
 20
3.494444496515724
 30
0.0
 10
1.300000019371509
 20
3.498611163244479
 30
0.0
 10
1.293055574823584
 20
3.493055607606139
 30
0.0
 10
1.28611113027566
 20
3.488888940877384
 30
0.0
 10
1.276388907908565
 20
3.491666718696554
 30
0.0
 10
1.270833352270225
 20
3.500000052154064
 30
0.0
 10
1.26666668554147
 20
3.506944496701988
 30
0.0
 10
1.26944446336064
 20
3.513888941249913
 30
0.0
 10
1.27777779681815
 20
3.513888941249913
 30
0.0
 10
1.28611113027566
 20
3.513888941249913
 30
0.0
 10
1.290277797004414
 20
3.519444496888253
 30
0.0
 10
1.28611113027566
 20
3.526388941436177
 30
0.0
 10
1.281944463546905
 20
3.533333385984102
 30
0.0
 10
1.287500019185245
 20
3.545833386170367
 30
0.0
 10
1.300000019371509
 20
3.555555608537461
 30
0.0
 10
1.311111130648189
 20
3.565277830904556
 30
0.0
 10
1.318055575196113
 20
3.581944497819575
 30
0.0
 10
1.313888908467358
 20
3.59166672018667
 30
0.0
 10
1.309722241738604
 20
3.602777831463349
 30
0.0
 10
1.322222241924868
 20
3.629166720745463
 30
0.0
 10
1.341666686659057
 20
3.652777832208407
 30
0.0
 10
1.361111131393247
 20
3.675000054761767
 30
0.0
 10
1.372222242669926
 20
3.70138894404388
 30
0.0
 10
1.366666687031586
 20
3.70972227750139
 30
0.0
 10
1.361111131393247
 20
3.72083338877807
 30
0.0
 10
1.362500020302832
 20
3.722222277687655
 30
0.0
 10
1.372222242669926
 20
3.716666722049315
 30
0.0
 10
1.381944465037021
 20
3.711111166410975
 30
0.0
 10
1.388888909584945
 20
3.71527783313973
 30
0.0
 10
1.388888909584945
 20
3.729166722235579
 30
0.0
 10
1.388888909584945
 20
3.743055611331429
 30
0.0
 10
1.39583335413287
 20
3.747222278060184
 30
0.0
 10
1.40694446540955
 20
3.741666722421844
 30
0.0
 10
1.416666687776644
 20
3.734722277873919
 30
0.0
 10
1.415277798867059
 20
3.741666722421844
 30
0.0
 10
1.402777798680795
 20
3.756944500427279
 30
0.0
 10
1.383333353946606
 20
3.780555611890223
 30
0.0
 10
1.384722242856191
 20
3.781944500799808
 30
0.0
 10
1.40694446540955
 20
3.773611167342298
 30
0.0
 10
1.420833354505399
 20
3.768055611703958
 30
0.0
 10
1.429166687962909
 20
3.769444500613543
 30
0.0
 10
1.423611132324569
 20
3.776388945161468
 30
0.0
 10
1.413888909957474
 20
3.793055612076487
 30
0.0
 10
1.456944466154608
 20
3.902777835933698
 30
0.0
 10
1.472222244160042
 20
3.902777835933698
 30
0.0
 10
1.479166688707967
 20
3.902777835933698
 30
0.0
 10
1.491666688894231
 20
3.925000058487057
 30
0.0
 10
1.501388911261326
 20
3.950000058859586
 30
0.0
 10
1.511111133628421
 20
3.9763889481417
 30
0.0
 10
1.52500002272427
 20
3.994444503966304
 30
0.0
 10
1.531944467272195
 20
3.990277837237549
 30
0.0
 10
1.540277800729705
 20
3.98472228159921
 30
0.0
 10
1.543055578548875
 20
3.994444503966304
 30
0.0
 10
1.53888891182012
 20
4.011111170881323
 30
0.0
 10
1.53333335618178
 20
4.030555615615513
 30
0.0
 10
1.53611113400095
 20
4.038888949073022
 30
0.0
 10
1.54444446745846
 20
4.033333393434682
 30
0.0
 10
1.552777800915969
 20
4.027777837796343
 30
0.0
 10
1.555555578735139
 20
4.031944504525098
 30
0.0
 10
1.552777800915969
 20
4.043055615801778
 30
0.0
 10
1.548611134187214
 20
4.054166727078457
 30
0.0
 10
1.556944467644724
 20
4.079166727450986
 30
0.0
 10
1.572222245650158
 20
4.10000006109476
 30
0.0
 10
1.587500023655593
 20
4.122222283648119
 30
0.0
 10
1.594444468203517
 20
4.145833395111063
 30
0.0
 10
1.588888912565178
 20
4.154166728568573
 30
0.0
 10
1.583333356926838
 20
4.163888950935668
 30
0.0
 10
1.584722245836423
 20
4.166666728754838
 30
0.0
 10
1.593055579293933
 20
4.162500062026083
 30
0.0
 10
1.609722246208952
 20
4.151388950749403
 30
0.0
 10
1.643055580038991
 20
4.23194450750533
 30
0.0
 10
1.630555579852726
 20
4.251388952239519
 30
0.0
 10
1.626388913123971
 20
4.258333396787444
 30
0.0
 10
1.629166690943141
 20
4.263888952425784
 30
0.0
 10
1.637500024400651
 20
4.263888952425784
 30
0.0
 10
1.64583335785816
 20
4.263888952425784
 30
0.0
 10
1.64861113567733
 20
4.273611174792878
 30
0.0
 10
1.643055580038991
 20
4.286111174979143
 30
0.0
 10
1.636111135491066
 20
4.302777841894163
 30
0.0
 10
1.641666691129406
 20
4.306944508622917
 30
0.0
 10
1.661111135863595
 20
4.301388952984577
 30
0.0
 10
1.972222251610623
 20
4.208333396042386
 30
0.0
 10
2.394444480124446
 20
4.172222284393177
 30
0.0
 10
2.725000040605664
 20
4.209722284951971
 30
0.0
 10
2.81944448645744
 20
4.219444507319066
 30
0.0
 10
2.900000043213367
 20
4.22638895186699
 30
0.0
 10
2.906944487761291
 20
4.225000062957406
 30
0.0
 10
2.912500043399631
 20
4.22361117404782
 30
0.0
 10
2.916666710128386
 20
4.22916672968616
 30
0.0
 10
2.916666710128386
 20
4.23750006314367
 30
0.0
 10
2.916666710128386
 20
4.245833396601179
 30
0.0
 10
2.905555598851707
 20
4.248611174420349
 30
0.0
 10
2.893055598665442
 20
4.244444507691595
 30
0.0
 10
2.755555596616532
 20
4.205555618223216
 30
0.0
 10
2.086111142196588
 20
4.209722284951971
 30
0.0
 10
1.977777807248963
 20
4.250000063329935
 30
0.0
 10
1.958333362514773
 20
4.258333396787444
 30
0.0
 10
1.92916669541349
 20
4.262500063516199
 30
0.0
 10
1.91250002849847
 20
4.261111174606614
 30
0.0
 10
1.873611139030092
 20
4.259722285697029
 30
0.0
 10
1.691666691874464
 20
4.304166730803747
 30
0.0
 10
1.67361113604986
 20
4.322222286628352
 30
0.0
 10
1.66527780259235
 20
4.330555620085862
 30
0.0
 10
1.666666691501935
 20
4.338888953543371
 30
0.0
 10
1.679166691688199
 20
4.345833398091295
 30
0.0
 10
1.694444469693634
 20
4.355555620458391
 30
0.0
 10
1.694444469693634
 20
4.35833339827756
 30
0.0
 10
1.679166691688199
 20
4.365277842825485
 30
0.0
 10
1.638888913310236
 20
4.38055562083092
 30
0.0
 10
1.718055581156578
 20
4.373611176282994
 30
0.0
 10
1.798611137912505
 20
4.354166731548805
 30
0.0
 10
1.844444471928808
 20
4.343055620272126
 30
0.0
 10
1.900000028312206
 20
4.334722286814616
 30
0.0
 10
1.92083336195598
 20
4.333333397905031
 30
0.0
 10
1.943055584509339
 20
4.333333397905031
 30
0.0
 10
1.956944473605188
 20
4.327777842266692
 30
0.0
 10
1.952777806876434
 20
4.320833397718766
 30
0.0
 10
1.948611140147679
 20
4.313888953170842
 30
0.0
 10
1.958333362514773
 20
4.308333397532502
 30
0.0
 10
1.976388918339378
 20
4.309722286442087
 30
0.0
 10
1.993055585254397
 20
4.309722286442087
 30
0.0
 10
2.04722225272821
 20
4.304166730803747
 30
0.0
 10
2.097222253473268
 20
4.298611175165407
 30
0.0
 10
2.147222254218326
 20
4.291666730617483
 30
0.0
 10
2.284722256267236
 20
4.287500063888728
 30
0.0
 10
2.402777813581956
 20
4.288888952798313
 30
0.0
 10
2.656944484036001
 20
4.291666730617483
 30
0.0
 10
2.69583337350438
 20
4.294444508436653
 30
0.0
 10
2.718055596057739
 20
4.309722286442087
 30
0.0
 10
2.727777818424833
 20
4.316666730990012
 30
0.0
 10
2.82222226427661
 20
4.322222286628352
 30
0.0
 10
2.926388932495481
 20
4.323611175537936
 30
0.0
 10
3.079166712549825
 20
4.326388953357106
 30
0.0
 10
3.119444490927788
 20
4.322222286628352
 30
0.0
 10
3.136111157842808
 20
4.305555619713333
 30
0.0
 10
3.155555602576997
 20
4.287500063888728
 30
0.0
 10
3.152777824757827
 20
4.283333397159973
 30
0.0
 10
3.116666713108618
 20
4.276388952612048
 30
0.0
 10
3.094444490555259
 20
4.270833396973708
 30
0.0
 10
3.054166712177296
 20
4.266666730244954
 30
0.0
 10
3.026388933985597
 20
4.265277841335369
 30
0.0
 10
2.997222266884313
 20
4.263888952425784
 30
0.0
 10
2.966666710873444
 20
4.252777841149105
 30
0.0
 10
2.952777821777594
 20
4.23750006314367
 30
0.0
 10
2.929166710314651
 20
4.212500062771141
 30
0.0
 10
2.930555599224236
 20
4.208333396042386
 30
0.0
 10
2.95972226632552
 20
4.162500062026083
 30
0.0
 10
2.991666711245973
 20
4.115277839100195
 30
0.0
 10
3.076388934730655
 20
4.052777838168872
 30
0.0
 10
3.136111157842808
 20
4.034722282344268
 30
0.0
 10
3.161111158215337
 20
4.027777837796343
 30
0.0
 10
3.166666713853676
 20
4.015277837610079
 30
0.0
 10
3.166666713853676
 20
3.975000059232115
 30
0.0
 10
3.166666713853676
 20
3.947222281040416
 30
0.0
 10
3.161111158215337
 20
3.915277836119962
 30
0.0
 10
3.154166713667412
 20
3.905555613752868
 30
0.0
 10
3.148611158029072
 20
3.895833391385773
 30
0.0
 10
3.147222269119487
 20
3.862500057555735
 30
0.0
 10
3.152777824757827
 20
3.831944501544866
 30
0.0
 10
3.158333380396167
 20
3.802777834443581
 30
0.0
 10
3.159722269305752
 20
3.777777834071053
 30
0.0
 10
3.154166713667412
 20
3.777777834071053
 30
0.0
 10
3.150000046938657
 20
3.777777834071053
 30
0.0
 10
3.145833380209902
 20
3.754166722608109
 30
0.0
 10
3.145833380209902
 20
3.725000055506825
 30
0.0
 10
3.145833380209902
 20
3.697222277315126
 30
0.0
 10
3.141666713481147
 20
3.648611165479653
 30
0.0
 10
3.136111157842808
 20
3.618055609468784
 30
0.0
 10
3.131944491114053
 20
3.587500053457915
 30
0.0
 10
3.122222268746958
 20
3.525000052526593
 30
0.0
 10
3.118055602018203
 20
3.479166718510289
 30
0.0
 10
3.112500046379864
 20
3.433333384493986
 30
0.0
 10
3.102777824012769
 20
3.381944494839343
 30
0.0
 10
3.095833379464844
 20
3.366666716833909
 30
0.0
 10
3.090277823826504
 20
3.350000049918889
 30
0.0
 10
3.08888893491692
 20
3.33333338300387
 30
0.0
 10
3.093055601645674
 20
3.329166716275115
 30
0.0
 10
3.095833379464844
 20
3.32500004954636
 30
0.0
 10
3.090277823826504
 20
3.288888937897151
 30
0.0
 10
3.07777782364024
 20
3.247222270609603
 30
0.0
 10
3.06666671236356
 20
3.20694449223164
 30
0.0
 10
3.052777823267711
 20
3.140277824571562
 30
0.0
 10
3.047222267629371
 20
3.101388935103184
 30
0.0
 10
3.037500045262277
 20
3.020833378347257
 30
0.0
 10
3.037500045262277
 20
3.020833378347257
 30
0.0
 10
2.997222266884313
 20
3.043055600900616
 30
0.0
 10
2.976388933240539
 20
3.054166712177296
 30
0.0
 10
2.970833377602199
 20
3.054166712177296
 30
0.0
 10
2.977777822150124
 20
3.043055600900616
 30
0.0
 10
2.984722266698049
 20
3.033333378533522
 30
0.0
 10
2.973611155421369
 20
3.027777822895182
 30
0.0
 10
2.947222266139255
 20
3.027777822895182
 30
0.0
 10
2.909722265580461
 20
3.027777822895182
 30
0.0
 10
2.852777820287478
 20
2.986111155607634
 30
0.0
 10
2.868055598292913
 20
2.969444488692614
 30
0.0
 10
2.872222265021668
 20
2.965277821963859
 30
0.0
 10
2.868055598292913
 20
2.94583337722967
 30
0.0
 10
2.859722264835403
 20
2.925000043585896
 30
0.0
 10
2.847222264649139
 20
2.900000043213367
 30
0.0
 10
2.836111153372459
 20
2.890277820846272
 30
0.0
 10
2.820833375367025
 20
2.897222265394197
 30
0.0
 10
2.80833337518076
 20
2.901388932122952
 30
0.0
 10
2.758333374435702
 20
2.912500043399631
 30
0.0
 10
2.708333373690644
 20
2.920833376857141
 30
0.0
 10
2.658333372945586
 20
2.929166710314651
 30
0.0
 10
2.613888927838868
 20
2.9430555994105
 30
0.0
 10
2.608333372200528
 20
2.95138893286801
 30
0.0
 10
2.601388927652604
 20
2.95972226632552
 30
0.0
 10
2.597222260923849
 20
2.95972226632552
 30
0.0
 10
2.597222260923849
 20
2.94861115504884
 30
0.0
 10
2.597222260923849
 20
2.936111154862576
 30
0.0
 10
2.587500038556754
 20
2.934722265952991
 30
0.0
 10
2.56666670491298
 20
2.9430555994105
 30
0.0
 10
2.548611149088376
 20
2.950000043958425
 30
0.0
 10
2.488888925976223
 20
2.95972226632552
 30
0.0
 10
2.43472225850241
 20
2.965277821963859
 30
0.0
 10
2.379166702119012
 20
2.970833377602199
 30
0.0
 10
2.336111145921879
 20
2.980555599969294
 30
0.0
 10
2.340277812650633
 20
2.986111155607634
 30
0.0
 10
2.344444479379388
 20
2.993055600155558
 30
0.0
 10
2.334722257012294
 20
2.994444489065143
 30
0.0
 10
2.320833367916444
 20
2.990277822336388
 30
0.0
 10
2.290277811905575
 20
2.981944488878879
 30
0.0
 10
2.231944477703008
 20
3.009722267070578
 30
0.0
 10
2.243055588979687
 20
3.027777822895182
 30
0.0
 10
2.247222255708442
 20
3.034722267443107
 30
0.0
 10
2.244444477889272
 20
3.043055600900616
 30
0.0
 10
2.237500033341348
 20
3.047222267629371
 30
0.0
 10
2.218055588607158
 20
3.059722267815636
 30
0.0
 10
2.236111144431763
 20
3.111111157470279
 30
0.0
 10
2.262500033713877
 20
3.112500046379864
 30
0.0
 10
2.275000033900141
 20
3.112500046379864
 30
0.0
 10
2.265277811533046
 20
3.119444490927788
 30
0.0
 10
2.241666700070102
 20
3.126388935475713
 30
0.0
 10
2.193055588234629
 20
3.140277824571562
 30
0.0
 10
2.169444476771685
 20
3.179166714039941
 30
0.0
 10
2.197222254963384
 20
3.197222269864545
 30
0.0
 10
2.206944477330479
 20
3.202777825502885
 30
0.0
 10
2.208333366240064
 20
3.208333381141225
 30
0.0
 10
2.201388921692139
 20
3.208333381141225
 30
0.0
 10
2.193055588234629
 20
3.208333381141225
 30
0.0
 10
2.186111143686705
 20
3.220833381327489
 30
0.0
 10
2.18472225477712
 20
3.237500048242509
 30
0.0
 10
2.183333365867535
 20
3.258333381886283
 30
0.0
 10
2.18750003259629
 20
3.263888937524622
 30
0.0
 10
2.204166699511309
 20
3.258333381886283
 30
0.0
 10
2.222222255335913
 20
3.251388937338358
 30
0.0
 10
2.223611144245498
 20
3.252777826247943
 30
0.0
 10
2.208333366240064
 20
3.270833382072547
 30
0.0
 10
2.198611143872969
 20
3.283333382258812
 30
0.0
 10
2.194444477144214
 20
3.308333382631341
 30
0.0
 10
2.200000032782554
 20
3.33611116082304
 30
0.0
 10
2.218055588607158
 20
3.437500051222741
 30
0.0
 10
2.218055588607158
 20
3.441666717951496
 30
0.0
 10
2.200000032782554
 20
3.434722273403571
 30
0.0
 10
2.17916669913878
 20
3.426388939946061
 30
0.0
 10
2.162500032223761
 20
3.33333338300387
 30
0.0
 10
2.161111143314176
 20
3.208333381141225
 30
0.0
 10
2.159722254404591
 20
3.127777824385298
 30
0.0
 10
2.162500032223761
 20
3.118055602018203
 30
0.0
 10
2.18750003259629
 20
3.113888935289448
 30
0.0
 10
2.211111144059234
 20
3.111111157470279
 30
0.0
 10
2.215277810787989
 20
3.101388935103184
 30
0.0
 10
2.211111144059234
 20
3.044444489810201
 30
0.0
 10
2.209722255149649
 20
3.008333378160993
 30
0.0
 10
2.201388921692139
 20
2.941666710500915
 30
0.0
 10
2.195833366053799
 20
2.895833376484612
 30
0.0
 10
2.17916669913878
 20
2.788888930446571
 30
0.0
 10
2.17916669913878
 20
2.473611147970788
 30
0.0
 10
2.194444477144214
 20
2.43750003632158
 30
0.0
 10
2.204166699511309
 20
2.413888924858636
 30
0.0
 10
2.206944477330479
 20
2.41527781376822
 30
0.0
 10
2.208333366240064
 20
2.451388925417429
 30
0.0
 10
2.211111144059234
 20
2.475000036880373
 30
0.0
 10
2.211111144059234
 20
2.498611148343317
 30
0.0
 10
2.209722255149649
 20
2.505555592891242
 30
0.0
 10
2.205555588420894
 20
2.522222259806262
 30
0.0
 10
2.205555588420894
 20
2.616666705658038
 30
0.0
 10
2.206944477330479
 20
2.775000041350722
 30
0.0
 10
2.208333366240064
 20
2.855555598106649
 30
0.0
 10
2.212500032968819
 20
2.887500043027102
 30
0.0
 10
2.223611144245498
 20
2.880555598479178
 30
0.0
 10
2.234722255522178
 20
2.875000042840838
 30
0.0
 10
2.234722255522178
 20
2.880555598479178
 30
0.0
 10
2.223611144245498
 20
2.901388932122952
 30
0.0
 10
2.213888921878404
 20
2.919444487947556
 30
0.0
 10
2.212500032968819
 20
2.930555599224236
 30
0.0
 10
2.220833366426328
 20
2.930555599224236
 30
0.0
 10
2.229166699883838
 20
2.930555599224236
 30
0.0
 10
2.231944477703008
 20
2.94027782159133
 30
0.0
 10
2.227777810974253
 20
2.95138893286801
 30
0.0
 10
2.216666699697573
 20
2.979166711059709
 30
0.0
 10
2.261111144804292
 20
2.977777822150124
 30
0.0
 10
2.42361114722573
 20
2.950000043958425
 30
0.0
 10
2.493055592704978
 20
2.937500043772161
 30
0.0
 10
2.580555594008829
 20
2.922222265766726
 30
0.0
 10
2.618055594567623
 20
2.916666710128386
 30
0.0
 10
2.863888931564158
 20
2.875000042840838
 30
0.0
 10
2.893055598665442
 20
2.866666709383328
 30
0.0
 10
2.850000042468309
 20
2.851388931377894
 30
0.0
 10
2.841666709010799
 20
2.847222264649139
 30
0.0
 10
2.836111153372459
 20
2.838888931191629
 30
0.0
 10
2.841666709010799
 20
2.831944486643704
 30
0.0
 10
2.845833375739554
 20
2.82500004209578
 30
0.0
 10
2.843055597920384
 20
2.81944448645744
 30
0.0
 10
2.836111153372459
 20
2.81944448645744
 30
0.0
 10
2.827777819914949
 20
2.81944448645744
 30
0.0
 10
2.82222226427661
 20
2.81111115299993
 30
0.0
 10
2.823611153186195
 20
2.80277781954242
 30
0.0
 10
2.823611153186195
 20
2.793055597175326
 30
0.0
 10
2.82222226427661
 20
2.772222263531552
 30
0.0
 10
2.820833375367025
 20
2.756944485526117
 30
0.0
 10
2.81666670863827
 20
2.733333374063173
 30
0.0
 10
2.815277819728685
 20
2.733333374063173
 30
0.0
 10
2.806944486271175
 20
2.763888930074042
 30
0.0
 10
2.800000041723251
 20
2.787500041536986
 30
0.0
 10
2.795833374994496
 20
2.770833374621967
 30
0.0
 10
2.795833374994496
 20
2.711111151509814
 30
0.0
 10
2.794444486084911
 20
2.663888928583926
 30
0.0
 10
2.787500041536986
 20
2.616666705658038
 30
0.0
 10
2.779166708079476
 20
2.605555594381358
 30
0.0
 10
2.768055596802797
 20
2.593055594195094
 30
0.0
 10
2.763888930074042
 20
2.465277814513278
 30
0.0
 10
2.765277818983627
 20
2.200000032782554
 30
0.0
 10
2.765277818983627
 20
2.200000032782554
 30
0.0
 10
2.766666707893212
 20
1.812500027008354
 30
0.0
 10
2.766666707893212
 20
1.812500027008354
 30
0.0
 10
2.766666707893212
 20
1.812500027008354
 30
0.0
 10
2.718055596057739
 20
1.583333356926838
 30
0.0
 10
2.718055596057739
 20
1.583333356926838
 30
0.0
 10
2.691666706775625
 20
1.456944466154608
 30
0.0
 10
2.658333372945586
 20
1.294444463733169
 30
0.0
 10
2.645833372759322
 20
1.220833351525167
 30
0.0
 10
2.623611150205963
 20
1.094444460752937
 30
0.0
 10
2.623611150205963
 20
1.083333349476257
 30
0.0
 10
2.645833372759322
 20
1.036111126550369
 30
0.0
 10
2.675000039860606
 20
0.976388903438217
 30
0.0
 10
2.6847222622277
 20
0.9750000145286321
 30
0.0
 10
2.719444484967324
 20
1.02500001527369
 30
0.0
 10
2.779166708079476
 20
1.108333349848786
 30
0.0
 10
2.812500041909515
 20
1.305555575009849
 30
0.0
 10
2.827777819914949
 20
1.683333358416954
 30
0.0
 10
2.836111153372459
 20
1.886111139216356
 30
0.0
 10
2.834722264462874
 20
1.90138891722179
 30
0.0
 10
2.81111115299993
 20
1.916666695227225
 30
0.0
 10
2.786111152627401
 20
1.931944473232659
 30
0.0
 10
2.784722263717816
 20
1.951388917966849
 30
0.0
 10
2.793055597175326
 20
2.275000033900141
 30
0.0
 10
2.793055597175326
 20
2.275000033900141
 30
0.0
 10
2.800000041723251
 20
2.618055594567623
 30
0.0
 10
2.800000041723251
 20
2.618055594567623
 30
0.0
 10
2.800000041723251
 20
2.618055594567623
 30
0.0
 10
2.852777820287478
 20
2.791666708265741
 30
0.0
 10
2.852777820287478
 20
2.791666708265741
 30
0.0
 10
2.881944487388762
 20
2.887500043027102
 30
0.0
 10
2.908333376670876
 20
2.975000044330954
 30
0.0
 10
2.912500043399631
 20
2.986111155607634
 30
0.0
 10
2.916666710128386
 20
3.002777822522653
 30
0.0
 10
2.937500043772161
 20
3.008333378160993
 30
0.0
 10
2.990277822336388
 20
3.006944489251408
 30
0.0
 10
2.990277822336388
 20
3.006944489251408
 30
0.0
 10
3.061111156725221
 20
3.006944489251408
 30
0.0
 10
3.061111156725221
 20
3.006944489251408
 30
0.0
 10
3.061111156725221
 20
3.006944489251408
 30
0.0
 10
3.093055601645674
 20
3.166666713853676
 30
0.0
 10
3.093055601645674
 20
3.166666713853676
 30
0.0
 10
3.179166714039941
 20
3.59166672018667
 30
0.0
 10
3.218055603508319
 20
4.075000060722231
 30
0.0
 10
3.181944491859111
 20
4.266666730244954
 30
0.0
 10
3.181944491859111
 20
4.266666730244954
 30
0.0
 10
3.163888936034506
 20
4.35833339827756
 30
0.0
 10
3.163888936034506
 20
4.35833339827756
 30
0.0
 10
3.163888936034506
 20
4.35833339827756
 30
0.0
 10
3.000000044703483
 20
4.352777842639221
 30
0.0
 10
3.000000044703483
 20
4.352777842639221
 30
0.0
 10
2.909722265580461
 20
4.350000064820051
 30
0.0
 10
2.755555596616532
 20
4.337500064633786
 30
0.0
 10
2.656944484036001
 20
4.326388953357106
 30
0.0
 10
2.43472225850241
 20
4.300000064074993
 30
0.0
 10
2.309722256639765
 20
4.300000064074993
 30
0.0
 10
2.116666698207457
 20
4.326388953357106
 30
0.0
 10
1.776388915359145
 20
4.370833398463824
 30
0.0
 10
1.547222245277629
 20
4.437500066123902
 30
0.0
 10
1.562500023283064
 20
4.48472228904979
 30
0.0
 10
1.575000023469328
 20
4.529166734156508
 30
0.0
 10
1.600000023841857
 20
4.633333402375379
 30
0.0
 10
1.609722246208952
 20
4.687500069849193
 30
0.0
 10
1.615277801847292
 20
4.719444514769646
 30
0.0
 10
1.625000024214386
 20
4.752777848599685
 30
0.0
 10
1.631944468762311
 20
4.763888959876364
 30
0.0
 10
1.638888913310236
 20
4.775000071153044
 30
0.0
 10
1.643055580038991
 20
4.802777849344743
 30
0.0
 10
1.641666691129406
 20
4.826388960807687
 30
0.0
 10
1.638888913310236
 20
4.852777850089801
 30
0.0
 10
1.641666691129406
 20
4.862500072456896
 30
0.0
 10
1.650000024586915
 20
4.850000072270631
 30
0.0
 10
1.65694446913484
 20
4.838888960993951
 30
0.0
 10
1.66250002477318
 20
4.87500007264316
 30
0.0
 10
1.663888913682765
 20
4.940277851393653
 30
0.0
 10
1.663888913682765
 20
5.00416674123456
 30
0.0
 10
1.67083335823069
 20
5.050000075250864
 30
0.0
 10
1.679166691688199
 20
5.052777853070034
 30
0.0
 10
1.687500025145709
 20
5.055555630889203
 30
0.0
 10
1.691666691874464
 20
5.062500075437128
 30
0.0
 10
1.687500025145709
 20
5.069444519985053
 30
0.0
 10
1.683333358416954
 20
5.076388964532977
 30
0.0
 10
1.687500025145709
 20
5.112500076182186
 30
0.0
 10
1.695833358603219
 20
5.151388965650564
 30
0.0
 10
1.704166692060728
 20
5.190277855118943
 30
0.0
 10
1.708333358789483
 20
5.233333411316076
 30
0.0
 10
1.704166692060728
 20
5.24583341150234
 30
0.0
 10
1.701388914241558
 20
5.25972230059819
 30
0.0
 10
1.694444469693634
 20
5.24583341150234
 30
0.0
 10
1.688888914055294
 20
5.215277855491472
 30
0.0
  0
HATCH
  5
15D
330
79
100
AcDbEntity
  8
Layer 1
 62
    18
420
        0
440
 33554687
100
AcDbHatch
 10
0.0
 20
0.0
 30
0.0
210
0.0
220
0.0
230
1.0
  2
SOLID
 70
     1
 71
     1
 91
        4
 92
        1
 93
        1
 72
     4
 94
        3
 73
     0
 74
     0
 95
       65
 96
       61
 40
0.0
 40
0.0
 40
0.0
 40
0.0
 40
1.0
 40
1.0
 40
1.0
 40
2.0
 40
2.0
 40
2.0
 40
3.0
 40
3.0
 40
3.0
 40
4.0
 40
4.0
 40
4.0
 40
5.0
 40
5.0
 40
5.0
 40
6.0
 40
6.0
 40
6.0
 40
7.0
 40
7.0
 40
7.0
 40
8.0
 40
8.0
 40
8.0
 40
9.0
 40
9.0
 40
9.0
 40
10.0
 40
10.0
 40
10.0
 40
11.0
 40
11.0
 40
11.0
 40
12.0
 40
12.0
 40
12.0
 40
13.0
 40
13.0
 40
13.0
 40
14.0
 40
14.0
 40
14.0
 40
15.0
 40
15.0
 40
15.0
 40
16.0
 40
16.0
 40
16.0
 40
17.0
 40
17.0
 40
17.0
 40
18.0
 40
18.0
 40
18.0
 40
19.0
 40
19.0
 40
19.0
 40
20.0
 40
20.0
 40
20.0
 40
20.0
 10
2.80277781954242
 20
1.736111136981182
 10
2.80277781954242
 20
1.66805558041152
 10
2.797222263904081
 20
1.611111135118537
 10
2.790277819356156
 20
1.611111135118537
 10
2.783333374808231
 20
1.611111135118537
 10
2.781944485898646
 20
1.579166690198083
 10
2.786111152627401
 20
1.537500022910535
 10
2.794444486084911
 20
1.468055577431288
 10
2.786111152627401
 20
1.3930555763137
 10
2.747222263159023
 20
1.169444461870524
 10
2.736111151882343
 20
1.102777794210447
 10
2.729166707334418
 20
1.086111127295427
 10
2.715277818238569
 20
1.097222238572107
 10
2.702777818052304
 20
1.108333349848786
 10
2.69861115132355
 20
1.102777794210447
 10
2.70138892914272
 20
1.076388904928333
 10
2.704166706961889
 20
1.056944460194144
 10
2.700000040233135
 20
1.038888904369539
 10
2.694444484594795
 20
1.034722237640784
 10
2.677777817679775
 20
1.02500001527369
 10
2.651388928397662
 20
1.076388904928333
 10
2.658333372945586
 20
1.100000016391277
 10
2.662500039674341
 20
1.109722238758371
 10
2.668055595312681
 20
1.15416668386509
 10
2.672222262041436
 20
1.198611128971808
 10
2.676388928770191
 20
1.243055574078526
 10
2.6847222622277
 20
1.28611113027566
 10
2.688888928956455
 20
1.294444463733169
 10
2.694444484594795
 20
1.302777797190679
 10
2.69861115132355
 20
1.329166686472793
 10
2.697222262413965
 20
1.352777797935737
 10
2.69583337350438
 20
1.383333353946606
 10
2.700000040233135
 20
1.388888909584945
 10
2.708333373690644
 20
1.375000020489096
 10
2.716666707148154
 20
1.361111131393247
 10
2.718055596057739
 20
1.372222242669926
 10
2.712500040419399
 20
1.40694446540955
 10
2.706944484781059
 20
1.441666688149173
 10
2.709722262600229
 20
1.458333355064193
 10
2.720833373876909
 20
1.458333355064193
 10
2.731944485153588
 20
1.458333355064193
 10
2.734722262972758
 20
1.469444466340872
 10
2.729166707334418
 20
1.484722244346307
 10
2.725000040605664
 20
1.498611133442156
 10
2.729166707334418
 20
1.54166668963929
 10
2.737500040791928
 20
1.577777801288498
 10
2.745833374249438
 20
1.615277801847292
 10
2.754166707706947
 20
1.655555580225255
 10
2.755555596616532
 20
1.666666691501935
 10
2.756944485526117
 20
1.677777802778614
 10
2.763888930074042
 20
1.705555580970313
 10
2.770833374621967
 20
1.727777803523672
 10
2.780555596989061
 20
1.763888915172881
 10
2.783333374808231
 20
1.7805555820879
 10
2.790277819356156
 20
1.844444471928808
 10
2.790277819356156
 20
1.852777805386318
 10
2.794444486084911
 20
1.861111138843827
 10
2.795833374994496
 20
1.861111138843827
 10
2.798611152813666
 20
1.861111138843827
 10
2.801388930632836
 20
1.805555582460429
 10
2.80277781954242
 20
1.736111136981182
 97
        0
 97
        1
330
159
 92
        1
 93
        1
 72
     4
 94
        3
 73
     0
 74
     0
 95
       59
 96
       55
 40
0.0
 40
0.0
 40
0.0
 40
0.0
 40
1.0
 40
1.0
 40
1.0
 40
2.0
 40
2.0
 40
2.0
 40
3.0
 40
3.0
 40
3.0
 40
4.0
 40
4.0
 40
4.0
 40
5.0
 40
5.0
 40
5.0
 40
6.0
 40
6.0
 40
6.0
 40
7.0
 40
7.0
 40
7.0
 40
8.0
 40
8.0
 40
8.0
 40
9.0
 40
9.0
 40
9.0
 40
10.0
 40
10.0
 40
10.0
 40
11.0
 40
11.0
 40
11.0
 40
12.0
 40
12.0
 40
12.0
 40
13.0
 40
13.0
 40
13.0
 40
14.0
 40
14.0
 40
14.0
 40
15.0
 40
15.0
 40
15.0
 40
16.0
 40
16.0
 40
16.0
 40
17.0
 40
17.0
 40
17.0
 40
18.0
 40
18.0
 40
18.0
 40
18.0
 10
2.083333364377419
 20
3.866666724284489
 10
2.083333364377419
 20
3.85555561300781
 10
2.088888920015758
 20
3.8472222795503
 10
2.095833364563683
 20
3.8472222795503
 10
2.104166698021193
 20
3.8472222795503
 10
2.120833364936212
 20
3.829166723725696
 10
2.133333365122477
 20
3.806944501172337
 10
2.147222254218326
 20
3.783333389709393
 10
2.162500032223761
 20
3.768055611703958
 10
2.169444476771685
 20
3.772222278432713
 10
2.175000032410025
 20
3.776388945161468
 10
2.180555588048365
 20
3.769444500613543
 10
2.180555588048365
 20
3.758333389336864
 10
2.180555588048365
 20
3.745833389150599
 10
2.18750003259629
 20
3.736111166783504
 10
2.194444477144214
 20
3.736111166783504
 10
2.204166699511309
 20
3.736111166783504
 10
2.205555588420894
 20
3.71250005532056
 10
2.198611143872969
 20
3.670833388033012
 10
2.193055588234629
 20
3.633333387474218
 10
2.188888921505875
 20
3.58055560890999
 10
2.19027781041546
 20
3.552777830718291
 10
2.19027781041546
 20
3.520833385797838
 10
2.18472225477712
 20
3.498611163244479
 10
2.172222254590855
 20
3.494444496515724
 10
2.161111143314176
 20
3.490277829786969
 10
2.152777809856666
 20
3.493055607606139
 10
2.152777809856666
 20
3.500000052154064
 10
2.152777809856666
 20
3.508333385611573
 10
2.161111143314176
 20
3.513888941249913
 10
2.17083336568127
 20
3.513888941249913
 10
2.18194447695795
 20
3.513888941249913
 10
2.18194447695795
 20
3.518055607978668
 10
2.1680555878621
 20
3.526388941436177
 10
2.156944476585421
 20
3.534722274893687
 10
2.152777809856666
 20
3.548611163989537
 10
2.158333365495006
 20
3.563888941994971
 10
2.1680555878621
 20
3.5888889423675
 10
2.145833365308741
 20
3.70972227750139
 10
2.123611142755382
 20
3.754166722608109
 10
2.115277809297873
 20
3.768055611703958
 10
2.113888920388288
 20
3.784722278618978
 10
2.118055587117042
 20
3.791666723166902
 10
2.123611142755382
 20
3.800000056624412
 10
2.118055587117042
 20
3.809722278991507
 10
2.105555586930778
 20
3.813888945720261
 10
2.094444475654098
 20
3.818055612449016
 10
2.079166697648664
 20
3.840277835002375
 10
2.070833364191154
 20
3.862500057555735
 10
2.062500030733644
 20
3.887500057928264
 10
2.062500030733644
 20
3.900000058114528
 10
2.069444475281569
 20
3.895833391385773
 10
2.077777808739079
 20
3.890277835747433
 10
2.083333364377419
 20
3.877777835561169
 10
2.083333364377419
 20
3.866666724284489
 97
        0
 97
        1
330
15A
 92
        1
 93
        1
 72
     4
 94
        3
 73
     0
 74
     0
 95
       38
 96
       34
 40
0.0
 40
0.0
 40
0.0
 40
0.0
 40
1.0
 40
1.0
 40
1.0
 40
2.0
 40
2.0
 40
2.0
 40
3.0
 40
3.0
 40
3.0
 40
4.0
 40
4.0
 40
4.0
 40
5.0
 40
5.0
 40
5.0
 40
6.0
 40
6.0
 40
6.0
 40
7.0
 40
7.0
 40
7.0
 40
8.0
 40
8.0
 40
8.0
 40
9.0
 40
9.0
 40
9.0
 40
10.0
 40
10.0
 40
10.0
 40
11.0
 40
11.0
 40
11.0
 40
11.0
 10
3.165277824944091
 20
4.175000062212347
 10
3.163888936034506
 20
4.134722283834384
 10
3.166666713853676
 20
4.09444450545642
 10
3.172222269492016
 20
4.08611117199891
 10
3.179166714039941
 20
4.073611171812646
 10
3.170833380582431
 20
4.069444505083891
 10
3.140277824571562
 20
4.072222282903061
 10
3.118055602018203
 20
4.073611171812646
 10
3.101388935103184
 20
4.079166727450986
 10
3.105555601831939
 20
4.084722283089326
 10
3.108333379651109
 20
4.090277838727666
 10
3.100000046193599
 20
4.098611172185175
 10
3.084722268188165
 20
4.104166727823515
 10
3.06944449018273
 20
4.108333394552269
 10
3.037500045262277
 20
4.136111172743969
 10
3.012500044889748
 20
4.163888950935668
 10
2.987500044517219
 20
4.191666729127367
 10
2.961111155235105
 20
4.213888951680726
 10
2.95416671068718
 20
4.211111173861556
 10
2.947222266139255
 20
4.209722284951971
 10
2.94583337722967
 20
4.213888951680726
 10
2.95138893286801
 20
4.222222285138236
 10
2.955555599596765
 20
4.22916672968616
 10
2.997222266884313
 20
4.236111174234085
 10
3.043055600900616
 20
4.236111174234085
 10
3.090277823826504
 20
4.236111174234085
 10
3.123611157656543
 20
4.241666729872425
 10
3.119444490927788
 20
4.248611174420349
 10
3.113888935289448
 20
4.255555618968275
 10
3.123611157656543
 20
4.258333396787444
 10
3.140277824571562
 20
4.254166730058689
 10
3.165277824944091
 20
4.247222285510765
 10
3.168055602763261
 20
4.23750006314367
 10
3.165277824944091
 20
4.175000062212347
 97
        0
 97
        1
330
15B
 92
        1
 93
        1
 72
     4
 94
        3
 73
     0
 74
     0
 95
      779
 96
      775
 40
0.0
 40
0.0
 40
0.0
 40
0.0
 40
1.0
 40
1.0
 40
1.0
 40
2.0
 40
2.0
 40
2.0
 40
3.0
 40
3.0
 40
3.0
 40
4.0
 40
4.0
 40
4.0
 40
5.0
 40
5.0
 40
5.0
 40
6.0
 40
6.0
 40
6.0
 40
7.0
 40
7.0
 40
7.0
 40
8.0
 40
8.0
 40
8.0
 40
9.0
 40
9.0
 40
9.0
 40
10.0
 40
10.0
 40
10.0
 40
11.0
 40
11.0
 40
11.0
 40
12.0
 40
12.0
 40
12.0
 40
13.0
 40
13.0
 40
13.0
 40
14.0
 40
14.0
 40
14.0
 40
15.0
 40
15.0
 40
15.0
 40
16.0
 40
16.0
 40
16.0
 40
17.0
 40
17.0
 40
17.0
 40
18.0
 40
18.0
 40
18.0
 40
19.0
 40
19.0
 40
19.0
 40
20.0
 40
20.0
 40
20.0
 40
21.0
 40
21.0
 40
21.0
 40
22.0
 40
22.0
 40
22.0
 40
23.0
 40
23.0
 40
23.0
 40
24.0
 40
24.0
 40
24.0
 40
25.0
 40
25.0
 40
25.0
 40
26.0
 40
26.0
 40
26.0
 40
27.0
 40
27.0
 40
27.0
 40
28.0
 40
28.0
 40
28.0
 40
29.0
 40
29.0
 40
29.0
 40
30.0
 40
30.0
 40
30.0
 40
31.0
 40
31.0
 40
31.0
 40
32.0
 40
32.0
 40
32.0
 40
33.0
 40
33.0
 40
33.0
 40
34.0
 40
34.0
 40
34.0
 40
35.0
 40
35.0
 40
35.0
 40
36.0
 40
36.0
 40
36.0
 40
37.0
 40
37.0
 40
37.0
 40
38.0
 40
38.0
 40
38.0
 40
39.0
 40
39.0
 40
39.0
 40
40.0
 40
40.0
 40
40.0
 40
41.0
 40
41.0
 40
41.0
 40
42.0
 40
42.0
 40
42.0
 40
43.0
 40
43.0
 40
43.0
 40
44.0
 40
44.0
 40
44.0
 40
45.0
 40
45.0
 40
45.0
 40
46.0
 40
46.0
 40
46.0
 40
47.0
 40
47.0
 40
47.0
 40
48.0
 40
48.0
 40
48.0
 40
49.0
 40
49.0
 40
49.0
 40
50.0
 40
50.0
 40
50.0
 40
51.0
 40
51.0
 40
51.0
 40
52.0
 40
52.0
 40
52.0
 40
53.0
 40
53.0
 40
53.0
 40
54.0
 40
54.0
 40
54.0
 40
55.0
 40
55.0
 40
55.0
 40
56.0
 40
56.0
 40
56.0
 40
57.0
 40
57.0
 40
57.0
 40
58.0
 40
58.0
 40
58.0
 40
59.0
 40
59.0
 40
59.0
 40
60.0
 40
60.0
 40
60.0
 40
61.0
 40
61.0
 40
61.0
 40
62.0
 40
62.0
 40
62.0
 40
63.0
 40
63.0
 40
63.0
 40
64.0
 40
64.0
 40
64.0
 40
65.0
 40
65.0
 40
65.0
 40
66.0
 40
66.0
 40
66.0
 40
67.0
 40
67.0
 40
67.0
 40
68.0
 40
68.0
 40
68.0
 40
69.0
 40
69.0
 40
69.0
 40
70.0
 40
70.0
 40
70.0
 40
71.0
 40
71.0
 40
71.0
 40
72.0
 40
72.0
 40
72.0
 40
73.0
 40
73.0
 40
73.0
 40
74.0
 40
74.0
 40
74.0
 40
75.0
 40
75.0
 40
75.0
 40
76.0
 40
76.0
 40
76.0
 40
77.0
 40
77.0
 40
77.0
 40
78.0
 40
78.0
 40
78.0
 40
79.0
 40
79.0
 40
79.0
 40
80.0
 40
80.0
 40
80.0
 40
81.0
 40
81.0
 40
81.0
 40
82.0
 40
82.0
 40
82.0
 40
83.0
 40
83.0
 40
83.0
 40
84.0
 40
84.0
 40
84.0
 40
85.0
 40
85.0
 40
85.0
 40
86.0
 40
86.0
 40
86.0
 40
87.0
 40
87.0
 40
87.0
 40
88.0
 40
88.0
 40
88.0
 40
89.0
 40
89.0
 40
89.0
 40
90.0
 40
90.0
 40
90.0
 40
91.0
 40
91.0
 40
91.0
 40
92.0
 40
92.0
 40
92.0
 40
93.0
 40
93.0
 40
93.0
 40
94.0
 40
94.0
 40
94.0
 40
95.0
 40
95.0
 40
95.0
 40
96.0
 40
96.0
 40
96.0
 40
97.0
 40
97.0
 40
97.0
 40
98.0
 40
98.0
 40
98.0
 40
99.0
 40
99.0
 40
99.0
 40
100.0
 40
100.0
 40
100.0
 40
101.0
 40
101.0
 40
101.0
 40
102.0
 40
102.0
 40
102.0
 40
103.0
 40
103.0
 40
103.0
 40
104.0
 40
104.0
 40
104.0
 40
105.0
 40
105.0
 40
105.0
 40
106.0
 40
106.0
 40
106.0
 40
107.0
 40
107.0
 40
107.0
 40
108.0
 40
108.0
 40
108.0
 40
109.0
 40
109.0
 40
109.0
 40
110.0
 40
110.0
 40
110.0
 40
111.0
 40
111.0
 40
111.0
 40
112.0
 40
112.0
 40
112.0
 40
113.0
 40
113.0
 40
113.0
 40
114.0
 40
114.0
 40
114.0
 40
115.0
 40
115.0
 40
115.0
 40
116.0
 40
116.0
 40
116.0
 40
117.0
 40
117.0
 40
117.0
 40
118.0
 40
118.0
 40
118.0
 40
119.0
 40
119.0
 40
119.0
 40
120.0
 40
120.0
 40
120.0
 40
121.0
 40
121.0
 40
121.0
 40
122.0
 40
122.0
 40
122.0
 40
123.0
 40
123.0
 40
123.0
 40
124.0
 40
124.0
 40
124.0
 40
125.0
 40
125.0
 40
125.0
 40
126.0
 40
126.0
 40
126.0
 40
127.0
 40
127.0
 40
127.0
 40
128.0
 40
128.0
 40
128.0
 40
129.0
 40
129.0
 40
129.0
 40
130.0
 40
130.0
 40
130.0
 40
131.0
 40
131.0
 40
131.0
 40
132.0
 40
132.0
 40
132.0
 40
133.0
 40
133.0
 40
133.0
 40
134.0
 40
134.0
 40
134.0
 40
135.0
 40
135.0
 40
135.0
 40
136.0
 40
136.0
 40
136.0
 40
137.0
 40
137.0
 40
137.0
 40
138.0
 40
138.0
 40
138.0
 40
139.0
 40
139.0
 40
139.0
 40
140.0
 40
140.0
 40
140.0
 40
141.0
 40
141.0
 40
141.0
 40
142.0
 40
142.0
 40
142.0
 40
143.0
 40
143.0
 40
143.0
 40
144.0
 40
144.0
 40
144.0
 40
145.0
 40
145.0
 40
145.0
 40
146.0
 40
146.0
 40
146.0
 40
147.0
 40
147.0
 40
147.0
 40
148.0
 40
148.0
 40
148.0
 40
149.0
 40
149.0
 40
149.0
 40
150.0
 40
150.0
 40
150.0
 40
151.0
 40
151.0
 40
151.0
 40
152.0
 40
152.0
 40
152.0
 40
153.0
 40
153.0
 40
153.0
 40
154.0
 40
154.0
 40
154.0
 40
155.0
 40
155.0
 40
155.0
 40
156.0
 40
156.0
 40
156.0
 40
157.0
 40
157.0
 40
157.0
 40
158.0
 40
158.0
 40
158.0
 40
159.0
 40
159.0
 40
159.0
 40
160.0
 40
160.0
 40
160.0
 40
161.0
 40
161.0
 40
161.0
 40
162.0
 40
162.0
 40
162.0
 40
163.0
 40
163.0
 40
163.0
 40
164.0
 40
164.0
 40
164.0
 40
165.0
 40
165.0
 40
165.0
 40
166.0
 40
166.0
 40
166.0
 40
167.0
 40
167.0
 40
167.0
 40
168.0
 40
168.0
 40
168.0
 40
169.0
 40
169.0
 40
169.0
 40
170.0
 40
170.0
 40
170.0
 40
171.0
 40
171.0
 40
171.0
 40
172.0
 40
172.0
 40
172.0
 40
173.0
 40
173.0
 40
173.0
 40
174.0
 40
174.0
 40
174.0
 40
175.0
 40
175.0
 40
175.0
 40
176.0
 40
176.0
 40
176.0
 40
177.0
 40
177.0
 40
177.0
 40
178.0
 40
178.0
 40
178.0
 40
179.0
 40
179.0
 40
179.0
 40
180.0
 40
180.0
 40
180.0
 40
181.0
 40
181.0
 40
181.0
 40
182.0
 40
182.0
 40
182.0
 40
183.0
 40
183.0
 40
183.0
 40
184.0
 40
184.0
 40
184.0
 40
185.0
 40
185.0
 40
185.0
 40
186.0
 40
186.0
 40
186.0
 40
187.0
 40
187.0
 40
187.0
 40
188.0
 40
188.0
 40
188.0
 40
189.0
 40
189.0
 40
189.0
 40
190.0
 40
190.0
 40
190.0
 40
191.0
 40
191.0
 40
191.0
 40
192.0
 40
192.0
 40
192.0
 40
193.0
 40
193.0
 40
193.0
 40
194.0
 40
194.0
 40
194.0
 40
195.0
 40
195.0
 40
195.0
 40
196.0
 40
196.0
 40
196.0
 40
197.0
 40
197.0
 40
197.0
 40
198.0
 40
198.0
 40
198.0
 40
199.0
 40
199.0
 40
199.0
 40
200.0
 40
200.0
 40
200.0
 40
201.0
 40
201.0
 40
201.0
 40
202.0
 40
202.0
 40
202.0
 40
203.0
 40
203.0
 40
203.0
 40
204.0
 40
204.0
 40
204.0
 40
205.0
 40
205.0
 40
205.0
 40
206.0
 40
206.0
 40
206.0
 40
207.0
 40
207.0
 40
207.0
 40
208.0
 40
208.0
 40
208.0
 40
209.0
 40
209.0
 40
209.0
 40
210.0
 40
210.0
 40
210.0
 40
211.0
 40
211.0
 40
211.0
 40
212.0
 40
212.0
 40
212.0
 40
213.0
 40
213.0
 40
213.0
 40
214.0
 40
214.0
 40
214.0
 40
215.0
 40
215.0
 40
215.0
 40
216.0
 40
216.0
 40
216.0
 40
217.0
 40
217.0
 40
217.0
 40
218.0
 40
218.0
 40
218.0
 40
219.0
 40
219.0
 40
219.0
 40
220.0
 40
220.0
 40
220.0
 40
221.0
 40
221.0
 40
221.0
 40
222.0
 40
222.0
 40
222.0
 40
223.0
 40
223.0
 40
223.0
 40
224.0
 40
224.0
 40
224.0
 40
225.0
 40
225.0
 40
225.0
 40
226.0
 40
226.0
 40
226.0
 40
227.0
 40
227.0
 40
227.0
 40
228.0
 40
228.0
 40
228.0
 40
229.0
 40
229.0
 40
229.0
 40
230.0
 40
230.0
 40
230.0
 40
231.0
 40
231.0
 40
231.0
 40
232.0
 40
232.0
 40
232.0
 40
233.0
 40
233.0
 40
233.0
 40
234.0
 40
234.0
 40
234.0
 40
235.0
 40
235.0
 40
235.0
 40
236.0
 40
236.0
 40
236.0
 40
237.0
 40
237.0
 40
237.0
 40
238.0
 40
238.0
 40
238.0
 40
239.0
 40
239.0
 40
239.0
 40
240.0
 40
240.0
 40
240.0
 40
241.0
 40
241.0
 40
241.0
 40
242.0
 40
242.0
 40
242.0
 40
243.0
 40
243.0
 40
243.0
 40
244.0
 40
244.0
 40
244.0
 40
245.0
 40
245.0
 40
245.0
 40
246.0
 40
246.0
 40
246.0
 40
247.0
 40
247.0
 40
247.0
 40
248.0
 40
248.0
 40
248.0
 40
249.0
 40
249.0
 40
249.0
 40
250.0
 40
250.0
 40
250.0
 40
251.0
 40
251.0
 40
251.0
 40
252.0
 40
252.0
 40
252.0
 40
253.0
 40
253.0
 40
253.0
 40
254.0
 40
254.0
 40
254.0
 40
255.0
 40
255.0
 40
255.0
 40
256.0
 40
256.0
 40
256.0
 40
257.0
 40
257.0
 40
257.0
 40
258.0
 40
258.0
 40
258.0
 40
258.0
 10
1.688888914055294
 20
5.215277855491472
 10
1.684722247326539
 20
5.184722299480603
 10
1.67083335823069
 20
5.119444520730111
 10
1.65972224695401
 20
5.069444519985053
 10
1.64861113567733
 20
5.019444519239995
 10
1.629166690943141
 20
4.923611184478633
 10
1.618055579666462
 20
4.854166738999386
 10
1.605555579480197
 20
4.786111182429723
 10
1.579166690198083
 20
4.668055625115003
 10
1.559722245463894
 20
4.593055623997416
 10
1.520833355995515
 20
4.441666732852657
 10
1.5222222449051
 20
4.433333399395147
 10
1.604166690570612
 20
4.409722287932203
 10
1.604166690570612
 20
4.409722287932203
 10
1.6513889134965
 20
4.395833398836353
 10
1.6513889134965
 20
4.395833398836353
 10
1.6513889134965
 20
4.395833398836353
 10
1.616666690756877
 20
4.294444508436653
 10
1.616666690756877
 20
4.294444508436653
 10
1.580555579107668
 20
4.184722284579442
 10
1.552777800915969
 20
4.126388950376874
 10
1.372222242669926
 20
3.777777834071053
 10
1.230555573892262
 20
3.504166718882818
 10
1.225000018253922
 20
3.491666718696554
 10
1.262500018812716
 20
3.479166718510289
 10
1.287500019185245
 20
3.472222273962365
 10
1.287500019185245
 20
3.46527782941444
 10
1.240277796259356
 20
3.351388938828474
 10
1.213888906977242
 20
3.284722271168397
 10
1.175000017508864
 20
3.19583338095496
 10
1.15416668386509
 20
3.154166713667412
 10
1.055555571284559
 20
2.955555599596765
 10
1.033333348731199
 20
2.758333374435702
 10
1.095833349662522
 20
2.640277817120982
 10
1.14861112822675
 20
2.540277815630866
 10
1.291666685913999
 20
2.42083336940656
 10
1.708333358789483
 20
2.134722254032062
 10
1.972222251610623
 20
1.951388917966849
 10
1.938888917780584
 20
1.961111140333943
 10
2.013888918898171
 20
2.051388919456965
 10
2.091666697834928
 20
2.144444476399156
 10
2.218055588607158
 20
2.375000035390257
 10
2.191666699325044
 20
2.375000035390257
 10
2.18472225477712
 20
2.375000035390257
 10
2.161111143314176
 20
2.337500034831464
 10
2.140277809670402
 20
2.29166670081516
 10
2.118055587117042
 20
2.245833366798857
 10
2.095833364563683
 20
2.213888921878404
 10
2.091666697834928
 20
2.219444477516743
 10
2.086111142196588
 20
2.225000033155083
 10
2.081944475467834
 20
2.222222255335913
 10
2.083333364377419
 20
2.215277810787989
 10
2.088888920015758
 20
2.188888921505875
 10
2.083333364377419
 20
2.17361114350044
 10
2.072222253100739
 20
2.188888921505875
 10
2.065277808552814
 20
2.200000032782554
 10
2.056944475095304
 20
2.198611143872969
 10
2.04166669708987
 20
2.183333365867535
 10
2.023611141265266
 20
2.163888921133346
 10
2.025000030174851
 20
2.162500032223761
 10
2.045833363818625
 20
2.17083336568127
 10
2.075000030919909
 20
2.18194447695795
 10
2.076388919829494
 20
2.162500032223761
 10
2.05000003054738
 20
2.140277809670402
 10
2.034722252541945
 20
2.127777809484137
 10
2.029166696903605
 20
2.127777809484137
 10
2.022222252355681
 20
2.141666698579986
 10
2.018055585626926
 20
2.151388920947081
 10
2.016666696717341
 20
2.147222254218326
 10
2.020833363446096
 20
2.131944476212892
 10
2.026388919084436
 20
2.102777809111608
 10
2.012500029988586
 20
2.079166697648664
 10
1.962500029243528
 20
2.03611114145153
 10
1.933333362142244
 20
2.011111141079001
 10
1.931944473232659
 20
2.011111141079001
 10
1.895833361583451
 20
2.04722225272821
 10
1.876388916849261
 20
2.066666697462399
 10
1.854166694295902
 20
2.083333364377419
 10
1.845833360838393
 20
2.083333364377419
 10
1.837500027380883
 20
2.083333364377419
 10
1.836111138471298
 20
2.090277808925343
 10
1.841666694109638
 20
2.100000031292438
 10
1.847222249747978
 20
2.109722253659533
 10
1.845833360838393
 20
2.111111142569118
 10
1.836111138471298
 20
2.105555586930778
 10
1.816666693737109
 20
2.093055586744513
 10
1.759722248444126
 20
2.122222253845797
 10
1.770833359720806
 20
2.138888920760817
 10
1.775000026449561
 20
2.145833365308741
 10
1.770833359720806
 20
2.155555587675836
 10
1.762500026263296
 20
2.161111143314176
 10
1.751388914986616
 20
2.166666698952515
 10
1.750000026077032
 20
2.165277810042931
 10
1.755555581715371
 20
2.155555587675836
 10
1.761111137353711
 20
2.145833365308741
 10
1.761111137353711
 20
2.138888920760817
 10
1.756944470624956
 20
2.138888920760817
 10
1.740277803709937
 20
2.138888920760817
 10
1.652777802406085
 20
2.204166699511309
 10
1.65972224695401
 20
2.211111144059234
 10
1.663888913682765
 20
2.215277810787989
 10
1.655555580225255
 20
2.226388922064668
 10
1.643055580038991
 20
2.237500033341348
 10
1.620833357485631
 20
2.255555589165952
 10
1.619444468576046
 20
2.254166700256367
 10
1.637500024400651
 20
2.233333366612593
 10
1.666666691501935
 20
2.195833366053799
 10
1.64583335785816
 20
2.204166699511309
 10
1.575000023469328
 20
2.256944478075537
 10
1.540277800729705
 20
2.283333367357651
 10
1.516666689266761
 20
2.30555558991101
 10
1.523611133814685
 20
2.30555558991101
 10
1.53055557836261
 20
2.30555558991101
 10
1.54444446745846
 20
2.2972222564535
 10
1.555555578735139
 20
2.288888922995991
 10
1.572222245650158
 20
2.273611144990556
 10
1.572222245650158
 20
2.275000033900141
 10
1.556944467644724
 20
2.295833367543915
 10
1.545833356368044
 20
2.30833336773018
 10
1.53055557836261
 20
2.318055590097274
 10
1.5222222449051
 20
2.316666701187689
 10
1.497222244532571
 20
2.312500034458935
 10
1.430555576872494
 20
2.350000035017728
 10
1.438888910330003
 20
2.363888924113578
 10
1.443055577058759
 20
2.370833368661502
 10
1.441666688149173
 20
2.375000035390257
 10
1.434722243601249
 20
2.373611146480672
 10
1.408333354319135
 20
2.369444479751917
 10
1.397222243042455
 20
2.376388924299842
 10
1.413888909957474
 20
2.387500035576522
 10
1.429166687962909
 20
2.397222257943616
 10
1.427777799053324
 20
2.400000035762786
 10
1.40972224322872
 20
2.406944480310711
 10
1.39583335413287
 20
2.413888924858636
 10
1.39027779849453
 20
2.411111147039466
 10
1.397222243042455
 20
2.401388924672371
 10
1.402777798680795
 20
2.391666702305276
 10
1.400000020861625
 20
2.387500035576522
 10
1.39027779849453
 20
2.390277813395691
 10
1.380555576127436
 20
2.394444480124446
 10
1.373611131579511
 20
2.401388924672371
 10
1.375000020489096
 20
2.408333369220296
 10
1.377777798308266
 20
2.42083336940656
 10
1.337500019930303
 20
2.448611147598259
 10
1.329166686472793
 20
2.441666703050334
 10
1.318055575196113
 20
2.43194448068324
 10
1.209722240248487
 20
2.531944482173356
 10
1.216666684796412
 20
2.544444482359621
 10
1.222222240434752
 20
2.554166704726715
 10
1.219444462615582
 20
2.5555555936363
 10
1.211111129158072
 20
2.550000037997961
 10
1.197222240062223
 20
2.541666704540451
 10
1.119444461125466
 20
2.623611150205963
 10
1.126388905673391
 20
2.638888928211397
 10
1.127777794582976
 20
2.643055594940152
 10
1.120833350035051
 20
2.661111150764756
 10
1.111111127667956
 20
2.680555595498945
 10
1.091666682933767
 20
2.718055596057739
 10
1.077777793837918
 20
2.936111154862576
 10
1.095833349662522
 20
2.923611154676311
 10
1.102777794210447
 20
2.920833376857141
 10
1.108333349848786
 20
2.930555599224236
 10
1.108333349848786
 20
2.94861115504884
 10
1.108333349848786
 20
2.965277821963859
 10
1.126388905673391
 20
3.023611156166427
 10
1.150000017136335
 20
3.076388934730655
 10
1.172222239689694
 20
3.130555602204468
 10
1.205555573519733
 20
3.20972227005081
 10
1.223611129344337
 20
3.252777826247943
 10
1.258333352083961
 20
3.334722271913455
 10
1.279166685727735
 20
3.348611161009305
 10
1.330555575382378
 20
3.320833382817605
 10
1.343055575568642
 20
3.312500049360096
 10
1.373611131579511
 20
3.298611160264246
 10
1.39583335413287
 20
3.287500048987567
 10
1.597222246022687
 20
3.19583338095496
 10
1.825000027194619
 20
3.031944489623937
 10
1.809722249189184
 20
2.991666711245973
 10
1.805555582460429
 20
2.980555599969294
 10
1.795833360093335
 20
2.976388933240539
 10
1.787500026635825
 20
2.981944488878879
 10
1.779166693178315
 20
2.987500044517219
 10
1.776388915359145
 20
2.981944488878879
 10
1.781944470997485
 20
2.968055599783029
 10
1.78611113772624
 20
2.95416671068718
 10
1.784722248816655
 20
2.944444488320085
 10
1.77777780426873
 20
2.944444488320085
 10
1.770833359720806
 20
2.944444488320085
 10
1.761111137353711
 20
2.929166710314651
 10
1.755555581715371
 20
2.909722265580461
 10
1.751388914986616
 20
2.890277820846272
 10
1.743055581529107
 20
2.877777820660007
 10
1.737500025890767
 20
2.880555598479178
 10
1.733333359162012
 20
2.883333376298347
 10
1.729166692433257
 20
2.868055598292913
 10
1.729166692433257
 20
2.845833375739554
 10
1.729166692433257
 20
2.82222226427661
 10
1.736111136981182
 20
2.80555559736159
 10
1.747222248257862
 20
2.80555559736159
 10
1.755555581715371
 20
2.80555559736159
 10
1.763888915172881
 20
2.798611152813666
 10
1.763888915172881
 20
2.791666708265741
 10
1.763888915172881
 20
2.783333374808231
 10
1.772222248630391
 20
2.779166708079476
 10
1.781944470997485
 20
2.780555596989061
 10
1.790277804454995
 20
2.783333374808231
 10
1.79722224900292
 20
2.777777819169891
 10
1.795833360093335
 20
2.768055596802797
 10
1.79444447118375
 20
2.759722263345287
 10
1.802777804641259
 20
2.744444485339853
 10
1.816666693737109
 20
2.733333374063173
 10
1.837500027380883
 20
2.716666707148154
 10
1.838888916290468
 20
2.718055596057739
 10
1.820833360465864
 20
2.740277818611098
 10
1.795833360093335
 20
2.772222263531552
 10
1.812500027008354
 20
2.770833374621967
 10
1.862500027753412
 20
2.734722262972758
 10
1.884722250306771
 20
2.719444484967324
 10
1.898611139402621
 20
2.700000040233135
 10
1.894444472673866
 20
2.691666706775625
 10
1.888888917035526
 20
2.683333373318115
 10
1.890277805945111
 20
2.680555595498945
 10
1.898611139402621
 20
2.6847222622277
 10
1.905555583950546
 20
2.688888928956455
 10
1.941666695599754
 20
2.666666706403096
 10
1.976388918339378
 20
2.634722261482642
 10
2.031944474722775
 20
2.581944482918414
 10
2.037500030361115
 20
2.573611149460905
 10
2.016666696717341
 20
2.55833337145547
 10
1.995833363073567
 20
2.544444482359621
 10
1.995833363073567
 20
2.543055593450036
 10
2.018055585626926
 20
2.551388926907546
 10
2.03611114145153
 20
2.556944482545885
 10
2.055555586185719
 20
2.547222260178791
 10
2.080555586558249
 20
2.519444481987092
 10
2.101388920202023
 20
2.497222259433732
 10
2.116666698207457
 20
2.475000036880373
 10
2.113888920388288
 20
2.468055592332448
 10
2.112500031478703
 20
2.461111147784524
 10
2.118055587117042
 20
2.461111147784524
 10
2.126388920574552
 20
2.466666703422863
 10
2.138888920760817
 20
2.473611147970788
 10
2.140277809670402
 20
2.465277814513278
 10
2.133333365122477
 20
2.43750003632158
 10
2.125000031664967
 20
2.404166702491541
 10
2.126388920574552
 20
2.400000035762786
 10
2.143055587489571
 20
2.41527781376822
 10
2.159722254404591
 20
2.427777813954485
 10
2.165277810042931
 20
2.427777813954485
 10
2.17083336568127
 20
2.413888924858636
 10
2.17638892131961
 20
2.398611146853201
 10
2.17916669913878
 20
2.398611146853201
 10
2.17916669913878
 20
2.413888924858636
 10
2.183333365867535
 20
2.477777814699543
 10
1.837500027380883
 20
2.81944448645744
 10
1.769444470811221
 20
2.81944448645744
 10
1.734722248071597
 20
2.81944448645744
 10
1.741666692619522
 20
2.836111153372459
 10
1.843055583019223
 20
3.006944489251408
 10
1.852777805386318
 20
3.022222267256842
 10
1.868055583391752
 20
3.048611156538956
 10
1.876388916849261
 20
3.065277823453975
 10
1.888888917035526
 20
3.08888893491692
 10
1.90138891722179
 20
3.094444490555259
 10
1.92916669541349
 20
3.08888893491692
 10
1.961111140333943
 20
3.081944490368995
 10
1.972222251610623
 20
3.091666712736089
 10
2.022222252355681
 20
3.169444491672846
 10
2.05277780836655
 20
3.218055603508319
 10
2.091666697834928
 20
3.281944493349227
 10
2.106944475840363
 20
3.312500049360096
 10
2.122222253845797
 20
3.343055605370965
 10
2.152777809856666
 20
3.402777828483117
 10
2.175000032410025
 20
3.444444495770666
 10
2.205555588420894
 20
3.504166718882818
 10
2.215277810787989
 20
3.544444497260782
 10
2.219444477516743
 20
3.633333387474218
 10
2.225000033155083
 20
3.745833389150599
 10
2.225000033155083
 20
3.745833389150599
 10
2.177777810229195
 20
3.793055612076487
 10
2.134722254032062
 20
3.836111168273621
 10
2.080555586558249
 20
3.912500058300793
 10
2.043055585999455
 20
3.97916672596087
 10
2.043055585999455
 20
3.97916672596087
 10
2.029166696903605
 20
4.006944504152569
 10
2.029166696903605
 20
4.006944504152569
 10
2.029166696903605
 20
4.006944504152569
 10
2.027777807994021
 20
3.97916672596087
 10
2.027777807994021
 20
3.97916672596087
 10
2.027777807994021
 20
3.944444503221246
 10
2.056944475095304
 20
3.85000005736947
 10
2.102777809111608
 20
3.743055611331429
 10
2.154166698766251
 20
3.620833387287954
 10
2.154166698766251
 20
3.46250005159527
 10
2.101388920202023
 20
3.358333383376399
 10
2.080555586558249
 20
3.318055604998435
 10
2.055555586185719
 20
3.276388937710887
 10
2.045833363818625
 20
3.266666715343792
 10
2.037500030361115
 20
3.258333381886283
 10
2.025000030174851
 20
3.237500048242509
 10
2.020833363446096
 20
3.220833381327489
 10
2.012500029988586
 20
3.197222269864545
 10
2.008333363259831
 20
3.19583338095496
 10
1.990277807435227
 20
3.211111158960395
 10
1.970833362701038
 20
3.226388936965829
 10
1.969444473791453
 20
3.226388936965829
 10
1.981944473977717
 20
3.2013889365933
 10
1.994444474163982
 20
3.179166714039941
 10
1.991666696344812
 20
3.165277824944091
 10
1.965277807062698
 20
3.133333380023638
 10
1.938888917780584
 20
3.100000046193599
 10
1.931944473232659
 20
3.097222268374429
 10
1.922222250865565
 20
3.115277824199033
 10
1.90694447286013
 20
3.141666713481147
 10
1.875000027939677
 20
3.122222268746958
 10
1.848611138657563
 20
3.0722222680019
 10
1.834722249561713
 20
3.045833378719786
 10
1.827777805013788
 20
3.043055600900616
 10
1.802777804641259
 20
3.056944489996466
 10
1.78611113772624
 20
3.065277823453975
 10
1.758333359534541
 20
3.087500046007335
 10
1.740277803709937
 20
3.105555601831939
 10
1.722222247885333
 20
3.123611157656543
 10
1.698611136422389
 20
3.138888935661977
 10
1.687500025145709
 20
3.138888935661977
 10
1.676388913869029
 20
3.138888935661977
 10
1.666666691501935
 20
3.144444491300317
 10
1.666666691501935
 20
3.152777824757827
 10
1.666666691501935
 20
3.159722269305752
 10
1.643055580038991
 20
3.176388936220771
 10
1.615277801847292
 20
3.187500047497451
 10
1.586111134746008
 20
3.200000047683715
 10
1.556944467644724
 20
3.216666714598734
 10
1.548611134187214
 20
3.226388936965829
 10
1.54166668963929
 20
3.236111159332924
 10
1.500000022351741
 20
3.258333381886283
 10
1.458333355064193
 20
3.277777826620472
 10
1.416666687776644
 20
3.297222271354661
 10
1.377777798308266
 20
3.318055604998435
 10
1.373611131579511
 20
3.323611160636775
 10
1.366666687031586
 20
3.33333338300387
 10
1.338888908839887
 20
3.34166671646138
 10
1.302777797190679
 20
3.345833383190135
 10
1.297222241552339
 20
3.34722227209972
 10
1.293055574823584
 20
3.372222272472249
 10
1.295833352642754
 20
3.402777828483117
 10
1.298611130461924
 20
3.450000051409006
 10
1.302777797190679
 20
3.45694449595693
 10
1.326388908653623
 20
3.45138894031859
 10
1.341666686659057
 20
3.447222273589836
 10
1.345833353387812
 20
3.448611162499421
 10
1.336111131020718
 20
3.452777829228175
 10
1.327777797563208
 20
3.45694449595693
 10
1.323611130834453
 20
3.46805560723361
 10
1.327777797563208
 20
3.475000051781535
 10
1.333333353201548
 20
3.484722274148629
 10
1.330555575382378
 20
3.486111163058214
 10
1.322222241924868
 20
3.480555607419874
 10
1.312500019557774
 20
3.475000051781535
 10
1.305555575009849
 20
3.477777829600704
 10
1.305555575009849
 20
3.486111163058214
 10
1.305555575009849
 20
3.494444496515724
 10
1.300000019371509
 20
3.498611163244479
 10
1.293055574823584
 20
3.493055607606139
 10
1.28611113027566
 20
3.488888940877384
 10
1.276388907908565
 20
3.491666718696554
 10
1.270833352270225
 20
3.500000052154064
 10
1.26666668554147
 20
3.506944496701988
 10
1.26944446336064
 20
3.513888941249913
 10
1.27777779681815
 20
3.513888941249913
 10
1.28611113027566
 20
3.513888941249913
 10
1.290277797004414
 20
3.519444496888253
 10
1.28611113027566
 20
3.526388941436177
 10
1.281944463546905
 20
3.533333385984102
 10
1.287500019185245
 20
3.545833386170367
 10
1.300000019371509
 20
3.555555608537461
 10
1.311111130648189
 20
3.565277830904556
 10
1.318055575196113
 20
3.581944497819575
 10
1.313888908467358
 20
3.59166672018667
 10
1.309722241738604
 20
3.602777831463349
 10
1.322222241924868
 20
3.629166720745463
 10
1.341666686659057
 20
3.652777832208407
 10
1.361111131393247
 20
3.675000054761767
 10
1.372222242669926
 20
3.70138894404388
 10
1.366666687031586
 20
3.70972227750139
 10
1.361111131393247
 20
3.72083338877807
 10
1.362500020302832
 20
3.722222277687655
 10
1.372222242669926
 20
3.716666722049315
 10
1.381944465037021
 20
3.711111166410975
 10
1.388888909584945
 20
3.71527783313973
 10
1.388888909584945
 20
3.729166722235579
 10
1.388888909584945
 20
3.743055611331429
 10
1.39583335413287
 20
3.747222278060184
 10
1.40694446540955
 20
3.741666722421844
 10
1.416666687776644
 20
3.734722277873919
 10
1.415277798867059
 20
3.741666722421844
 10
1.402777798680795
 20
3.756944500427279
 10
1.383333353946606
 20
3.780555611890223
 10
1.384722242856191
 20
3.781944500799808
 10
1.40694446540955
 20
3.773611167342298
 10
1.420833354505399
 20
3.768055611703958
 10
1.429166687962909
 20
3.769444500613543
 10
1.423611132324569
 20
3.776388945161468
 10
1.413888909957474
 20
3.793055612076487
 10
1.456944466154608
 20
3.902777835933698
 10
1.472222244160042
 20
3.902777835933698
 10
1.479166688707967
 20
3.902777835933698
 10
1.491666688894231
 20
3.925000058487057
 10
1.501388911261326
 20
3.950000058859586
 10
1.511111133628421
 20
3.9763889481417
 10
1.52500002272427
 20
3.994444503966304
 10
1.531944467272195
 20
3.990277837237549
 10
1.540277800729705
 20
3.98472228159921
 10
1.543055578548875
 20
3.994444503966304
 10
1.53888891182012
 20
4.011111170881323
 10
1.53333335618178
 20
4.030555615615513
 10
1.53611113400095
 20
4.038888949073022
 10
1.54444446745846
 20
4.033333393434682
 10
1.552777800915969
 20
4.027777837796343
 10
1.555555578735139
 20
4.031944504525098
 10
1.552777800915969
 20
4.043055615801778
 10
1.548611134187214
 20
4.054166727078457
 10
1.556944467644724
 20
4.079166727450986
 10
1.572222245650158
 20
4.10000006109476
 10
1.587500023655593
 20
4.122222283648119
 10
1.594444468203517
 20
4.145833395111063
 10
1.588888912565178
 20
4.154166728568573
 10
1.583333356926838
 20
4.163888950935668
 10
1.584722245836423
 20
4.166666728754838
 10
1.593055579293933
 20
4.162500062026083
 10
1.609722246208952
 20
4.151388950749403
 10
1.643055580038991
 20
4.23194450750533
 10
1.630555579852726
 20
4.251388952239519
 10
1.626388913123971
 20
4.258333396787444
 10
1.629166690943141
 20
4.263888952425784
 10
1.637500024400651
 20
4.263888952425784
 10
1.64583335785816
 20
4.263888952425784
 10
1.64861113567733
 20
4.273611174792878
 10
1.643055580038991
 20
4.286111174979143
 10
1.636111135491066
 20
4.302777841894163
 10
1.641666691129406
 20
4.306944508622917
 10
1.661111135863595
 20
4.301388952984577
 10
1.972222251610623
 20
4.208333396042386
 10
2.394444480124446
 20
4.172222284393177
 10
2.725000040605664
 20
4.209722284951971
 10
2.81944448645744
 20
4.219444507319066
 10
2.900000043213367
 20
4.22638895186699
 10
2.906944487761291
 20
4.225000062957406
 10
2.912500043399631
 20
4.22361117404782
 10
2.916666710128386
 20
4.22916672968616
 10
2.916666710128386
 20
4.23750006314367
 10
2.916666710128386
 20
4.245833396601179
 10
2.905555598851707
 20
4.248611174420349
 10
2.893055598665442
 20
4.244444507691595
 10
2.755555596616532
 20
4.205555618223216
 10
2.086111142196588
 20
4.209722284951971
 10
1.977777807248963
 20
4.250000063329935
 10
1.958333362514773
 20
4.258333396787444
 10
1.92916669541349
 20
4.262500063516199
 10
1.91250002849847
 20
4.261111174606614
 10
1.873611139030092
 20
4.259722285697029
 10
1.691666691874464
 20
4.304166730803747
 10
1.67361113604986
 20
4.322222286628352
 10
1.66527780259235
 20
4.330555620085862
 10
1.666666691501935
 20
4.338888953543371
 10
1.679166691688199
 20
4.345833398091295
 10
1.694444469693634
 20
4.355555620458391
 10
1.694444469693634
 20
4.35833339827756
 10
1.679166691688199
 20
4.365277842825485
 10
1.638888913310236
 20
4.38055562083092
 10
1.718055581156578
 20
4.373611176282994
 10
1.798611137912505
 20
4.354166731548805
 10
1.844444471928808
 20
4.343055620272126
 10
1.900000028312206
 20
4.334722286814616
 10
1.92083336195598
 20
4.333333397905031
 10
1.943055584509339
 20
4.333333397905031
 10
1.956944473605188
 20
4.327777842266692
 10
1.952777806876434
 20
4.320833397718766
 10
1.948611140147679
 20
4.313888953170842
 10
1.958333362514773
 20
4.308333397532502
 10
1.976388918339378
 20
4.309722286442087
 10
1.993055585254397
 20
4.309722286442087
 10
2.04722225272821
 20
4.304166730803747
 10
2.097222253473268
 20
4.298611175165407
 10
2.147222254218326
 20
4.291666730617483
 10
2.284722256267236
 20
4.287500063888728
 10
2.402777813581956
 20
4.288888952798313
 10
2.656944484036001
 20
4.291666730617483
 10
2.69583337350438
 20
4.294444508436653
 10
2.718055596057739
 20
4.309722286442087
 10
2.727777818424833
 20
4.316666730990012
 10
2.82222226427661
 20
4.322222286628352
 10
2.926388932495481
 20
4.323611175537936
 10
3.079166712549825
 20
4.326388953357106
 10
3.119444490927788
 20
4.322222286628352
 10
3.136111157842808
 20
4.305555619713333
 10
3.155555602576997
 20
4.287500063888728
 10
3.152777824757827
 20
4.283333397159973
 10
3.116666713108618
 20
4.276388952612048
 10
3.094444490555259
 20
4.270833396973708
 10
3.054166712177296
 20
4.266666730244954
 10
3.026388933985597
 20
4.265277841335369
 10
2.997222266884313
 20
4.263888952425784
 10
2.966666710873444
 20
4.252777841149105
 10
2.952777821777594
 20
4.23750006314367
 10
2.929166710314651
 20
4.212500062771141
 10
2.930555599224236
 20
4.208333396042386
 10
2.95972226632552
 20
4.162500062026083
 10
2.991666711245973
 20
4.115277839100195
 10
3.076388934730655
 20
4.052777838168872
 10
3.136111157842808
 20
4.034722282344268
 10
3.161111158215337
 20
4.027777837796343
 10
3.166666713853676
 20
4.015277837610079
 10
3.166666713853676
 20
3.975000059232115
 10
3.166666713853676
 20
3.947222281040416
 10
3.161111158215337
 20
3.915277836119962
 10
3.154166713667412
 20
3.905555613752868
 10
3.148611158029072
 20
3.895833391385773
 10
3.147222269119487
 20
3.862500057555735
 10
3.152777824757827
 20
3.831944501544866
 10
3.158333380396167
 20
3.802777834443581
 10
3.159722269305752
 20
3.777777834071053
 10
3.154166713667412
 20
3.777777834071053
 10
3.150000046938657
 20
3.777777834071053
 10
3.145833380209902
 20
3.754166722608109
 10
3.145833380209902
 20
3.725000055506825
 10
3.145833380209902
 20
3.697222277315126
 10
3.141666713481147
 20
3.648611165479653
 10
3.136111157842808
 20
3.618055609468784
 10
3.131944491114053
 20
3.587500053457915
 10
3.122222268746958
 20
3.525000052526593
 10
3.118055602018203
 20
3.479166718510289
 10
3.112500046379864
 20
3.433333384493986
 10
3.102777824012769
 20
3.381944494839343
 10
3.095833379464844
 20
3.366666716833909
 10
3.090277823826504
 20
3.350000049918889
 10
3.08888893491692
 20
3.33333338300387
 10
3.093055601645674
 20
3.329166716275115
 10
3.095833379464844
 20
3.32500004954636
 10
3.090277823826504
 20
3.288888937897151
 10
3.07777782364024
 20
3.247222270609603
 10
3.06666671236356
 20
3.20694449223164
 10
3.052777823267711
 20
3.140277824571562
 10
3.047222267629371
 20
3.101388935103184
 10
3.037500045262277
 20
3.020833378347257
 10
3.037500045262277
 20
3.020833378347257
 10
2.997222266884313
 20
3.043055600900616
 10
2.976388933240539
 20
3.054166712177296
 10
2.970833377602199
 20
3.054166712177296
 10
2.977777822150124
 20
3.043055600900616
 10
2.984722266698049
 20
3.033333378533522
 10
2.973611155421369
 20
3.027777822895182
 10
2.947222266139255
 20
3.027777822895182
 10
2.909722265580461
 20
3.027777822895182
 10
2.852777820287478
 20
2.986111155607634
 10
2.868055598292913
 20
2.969444488692614
 10
2.872222265021668
 20
2.965277821963859
 10
2.868055598292913
 20
2.94583337722967
 10
2.859722264835403
 20
2.925000043585896
 10
2.847222264649139
 20
2.900000043213367
 10
2.836111153372459
 20
2.890277820846272
 10
2.820833375367025
 20
2.897222265394197
 10
2.80833337518076
 20
2.901388932122952
 10
2.758333374435702
 20
2.912500043399631
 10
2.708333373690644
 20
2.920833376857141
 10
2.658333372945586
 20
2.929166710314651
 10
2.613888927838868
 20
2.9430555994105
 10
2.608333372200528
 20
2.95138893286801
 10
2.601388927652604
 20
2.95972226632552
 10
2.597222260923849
 20
2.95972226632552
 10
2.597222260923849
 20
2.94861115504884
 10
2.597222260923849
 20
2.936111154862576
 10
2.587500038556754
 20
2.934722265952991
 10
2.56666670491298
 20
2.9430555994105
 10
2.548611149088376
 20
2.950000043958425
 10
2.488888925976223
 20
2.95972226632552
 10
2.43472225850241
 20
2.965277821963859
 10
2.379166702119012
 20
2.970833377602199
 10
2.336111145921879
 20
2.980555599969294
 10
2.340277812650633
 20
2.986111155607634
 10
2.344444479379388
 20
2.993055600155558
 10
2.334722257012294
 20
2.994444489065143
 10
2.320833367916444
 20
2.990277822336388
 10
2.290277811905575
 20
2.981944488878879
 10
2.231944477703008
 20
3.009722267070578
 10
2.243055588979687
 20
3.027777822895182
 10
2.247222255708442
 20
3.034722267443107
 10
2.244444477889272
 20
3.043055600900616
 10
2.237500033341348
 20
3.047222267629371
 10
2.218055588607158
 20
3.059722267815636
 10
2.236111144431763
 20
3.111111157470279
 10
2.262500033713877
 20
3.112500046379864
 10
2.275000033900141
 20
3.112500046379864
 10
2.265277811533046
 20
3.119444490927788
 10
2.241666700070102
 20
3.126388935475713
 10
2.193055588234629
 20
3.140277824571562
 10
2.169444476771685
 20
3.179166714039941
 10
2.197222254963384
 20
3.197222269864545
 10
2.206944477330479
 20
3.202777825502885
 10
2.208333366240064
 20
3.208333381141225
 10
2.201388921692139
 20
3.208333381141225
 10
2.193055588234629
 20
3.208333381141225
 10
2.186111143686705
 20
3.220833381327489
 10
2.18472225477712
 20
3.237500048242509
 10
2.183333365867535
 20
3.258333381886283
 10
2.18750003259629
 20
3.263888937524622
 10
2.204166699511309
 20
3.258333381886283
 10
2.222222255335913
 20
3.251388937338358
 10
2.223611144245498
 20
3.252777826247943
 10
2.208333366240064
 20
3.270833382072547
 10
2.198611143872969
 20
3.283333382258812
 10
2.194444477144214
 20
3.308333382631341
 10
2.200000032782554
 20
3.33611116082304
 10
2.218055588607158
 20
3.437500051222741
 10
2.218055588607158
 20
3.441666717951496
 10
2.200000032782554
 20
3.434722273403571
 10
2.17916669913878
 20
3.426388939946061
 10
2.162500032223761
 20
3.33333338300387
 10
2.161111143314176
 20
3.208333381141225
 10
2.159722254404591
 20
3.127777824385298
 10
2.162500032223761
 20
3.118055602018203
 10
2.18750003259629
 20
3.113888935289448
 10
2.211111144059234
 20
3.111111157470279
 10
2.215277810787989
 20
3.101388935103184
 10
2.211111144059234
 20
3.044444489810201
 10
2.209722255149649
 20
3.008333378160993
 10
2.201388921692139
 20
2.941666710500915
 10
2.195833366053799
 20
2.895833376484612
 10
2.17916669913878
 20
2.788888930446571
 10
2.17916669913878
 20
2.473611147970788
 10
2.194444477144214
 20
2.43750003632158
 10
2.204166699511309
 20
2.413888924858636
 10
2.206944477330479
 20
2.41527781376822
 10
2.208333366240064
 20
2.451388925417429
 10
2.211111144059234
 20
2.475000036880373
 10
2.211111144059234
 20
2.498611148343317
 10
2.209722255149649
 20
2.505555592891242
 10
2.205555588420894
 20
2.522222259806262
 10
2.205555588420894
 20
2.616666705658038
 10
2.206944477330479
 20
2.775000041350722
 10
2.208333366240064
 20
2.855555598106649
 10
2.212500032968819
 20
2.887500043027102
 10
2.223611144245498
 20
2.880555598479178
 10
2.234722255522178
 20
2.875000042840838
 10
2.234722255522178
 20
2.880555598479178
 10
2.223611144245498
 20
2.901388932122952
 10
2.213888921878404
 20
2.919444487947556
 10
2.212500032968819
 20
2.930555599224236
 10
2.220833366426328
 20
2.930555599224236
 10
2.229166699883838
 20
2.930555599224236
 10
2.231944477703008
 20
2.94027782159133
 10
2.227777810974253
 20
2.95138893286801
 10
2.216666699697573
 20
2.979166711059709
 10
2.261111144804292
 20
2.977777822150124
 10
2.42361114722573
 20
2.950000043958425
 10
2.493055592704978
 20
2.937500043772161
 10
2.580555594008829
 20
2.922222265766726
 10
2.618055594567623
 20
2.916666710128386
 10
2.863888931564158
 20
2.875000042840838
 10
2.893055598665442
 20
2.866666709383328
 10
2.850000042468309
 20
2.851388931377894
 10
2.841666709010799
 20
2.847222264649139
 10
2.836111153372459
 20
2.838888931191629
 10
2.841666709010799
 20
2.831944486643704
 10
2.845833375739554
 20
2.82500004209578
 10
2.843055597920384
 20
2.81944448645744
 10
2.836111153372459
 20
2.81944448645744
 10
2.827777819914949
 20
2.81944448645744
 10
2.82222226427661
 20
2.81111115299993
 10
2.823611153186195
 20
2.80277781954242
 10
2.823611153186195
 20
2.793055597175326
 10
2.82222226427661
 20
2.772222263531552
 10
2.820833375367025
 20
2.756944485526117
 10
2.81666670863827
 20
2.733333374063173
 10
2.815277819728685
 20
2.733333374063173
 10
2.806944486271175
 20
2.763888930074042
 10
2.800000041723251
 20
2.787500041536986
 10
2.795833374994496
 20
2.770833374621967
 10
2.795833374994496
 20
2.711111151509814
 10
2.794444486084911
 20
2.663888928583926
 10
2.787500041536986
 20
2.616666705658038
 10
2.779166708079476
 20
2.605555594381358
 10
2.768055596802797
 20
2.593055594195094
 10
2.763888930074042
 20
2.465277814513278
 10
2.765277818983627
 20
2.200000032782554
 10
2.765277818983627
 20
2.200000032782554
 10
2.766666707893212
 20
1.812500027008354
 10
2.766666707893212
 20
1.812500027008354
 10
2.766666707893212
 20
1.812500027008354
 10
2.718055596057739
 20
1.583333356926838
 10
2.718055596057739
 20
1.583333356926838
 10
2.691666706775625
 20
1.456944466154608
 10
2.658333372945586
 20
1.294444463733169
 10
2.645833372759322
 20
1.220833351525167
 10
2.623611150205963
 20
1.094444460752937
 10
2.623611150205963
 20
1.083333349476257
 10
2.645833372759322
 20
1.036111126550369
 10
2.675000039860606
 20
0.976388903438217
 10
2.6847222622277
 20
0.9750000145286321
 10
2.719444484967324
 20
1.02500001527369
 10
2.779166708079476
 20
1.108333349848786
 10
2.812500041909515
 20
1.305555575009849
 10
2.827777819914949
 20
1.683333358416954
 10
2.836111153372459
 20
1.886111139216356
 10
2.834722264462874
 20
1.90138891722179
 10
2.81111115299993
 20
1.916666695227225
 10
2.786111152627401
 20
1.931944473232659
 10
2.784722263717816
 20
1.951388917966849
 10
2.793055597175326
 20
2.275000033900141
 10
2.793055597175326
 20
2.275000033900141
 10
2.800000041723251
 20
2.618055594567623
 10
2.800000041723251
 20
2.618055594567623
 10
2.800000041723251
 20
2.618055594567623
 10
2.852777820287478
 20
2.791666708265741
 10
2.852777820287478
 20
2.791666708265741
 10
2.881944487388762
 20
2.887500043027102
 10
2.908333376670876
 20
2.975000044330954
 10
2.912500043399631
 20
2.986111155607634
 10
2.916666710128386
 20
3.002777822522653
 10
2.937500043772161
 20
3.008333378160993
 10
2.990277822336388
 20
3.006944489251408
 10
2.990277822336388
 20
3.006944489251408
 10
3.061111156725221
 20
3.006944489251408
 10
3.061111156725221
 20
3.006944489251408
 10
3.061111156725221
 20
3.006944489251408
 10
3.093055601645674
 20
3.166666713853676
 10
3.093055601645674
 20
3.166666713853676
 10
3.179166714039941
 20
3.59166672018667
 10
3.218055603508319
 20
4.075000060722231
 10
3.181944491859111
 20
4.266666730244954
 10
3.181944491859111
 20
4.266666730244954
 10
3.163888936034506
 20
4.35833339827756
 10
3.163888936034506
 20
4.35833339827756
 10
3.163888936034506
 20
4.35833339827756
 10
3.000000044703483
 20
4.352777842639221
 10
3.000000044703483
 20
4.352777842639221
 10
2.909722265580461
 20
4.350000064820051
 10
2.755555596616532
 20
4.337500064633786
 10
2.656944484036001
 20
4.326388953357106
 10
2.43472225850241
 20
4.300000064074993
 10
2.309722256639765
 20
4.300000064074993
 10
2.116666698207457
 20
4.326388953357106
 10
1.776388915359145
 20
4.370833398463824
 10
1.547222245277629
 20
4.437500066123902
 10
1.562500023283064
 20
4.48472228904979
 10
1.575000023469328
 20
4.529166734156508
 10
1.600000023841857
 20
4.633333402375379
 10
1.609722246208952
 20
4.687500069849193
 10
1.615277801847292
 20
4.719444514769646
 10
1.625000024214386
 20
4.752777848599685
 10
1.631944468762311
 20
4.763888959876364
 10
1.638888913310236
 20
4.775000071153044
 10
1.643055580038991
 20
4.802777849344743
 10
1.641666691129406
 20
4.826388960807687
 10
1.638888913310236
 20
4.852777850089801
 10
1.641666691129406
 20
4.862500072456896
 10
1.650000024586915
 20
4.850000072270631
 10
1.65694446913484
 20
4.838888960993951
 10
1.66250002477318
 20
4.87500007264316
 10
1.663888913682765
 20
4.940277851393653
 10
1.663888913682765
 20
5.00416674123456
 10
1.67083335823069
 20
5.050000075250864
 10
1.679166691688199
 20
5.052777853070034
 10
1.687500025145709
 20
5.055555630889203
 10
1.691666691874464
 20
5.062500075437128
 10
1.687500025145709
 20
5.069444519985053
 10
1.683333358416954
 20
5.076388964532977
 10
1.687500025145709
 20
5.112500076182186
 10
1.695833358603219
 20
5.151388965650564
 10
1.704166692060728
 20
5.190277855118943
 10
1.708333358789483
 20
5.233333411316076
 10
1.704166692060728
 20
5.24583341150234
 10
1.701388914241558
 20
5.25972230059819
 10
1.694444469693634
 20
5.24583341150234
 10
1.688888914055294
 20
5.215277855491472
 97
        0
 97
        1
330
15C
 75
     2
 76
     1
 98
        1
 10
0.0
 20
0.0
450
        0
451
        0
460
0.0
461
0.0
452
        0
462
0.0
453
        0
470

  0
SPLINE
  5
15E
330
79
100
AcDbEntity
  8
Layer 1
100
AcDbSpline
210
0.0
220
0.0
230
1.0
 70
     9
 71
     3
 72
    14
 73
    10
 74
     0
 42
0.0000000001
 43
0.0000000001
 40
0.0
 40
0.0
 40
0.0
 40
0.0
 40
1.0
 40
1.0
 40
1.0
 40
2.0
 40
2.0
 40
2.0
 40
3.0
 40
3.0
 40
3.0
 40
3.0
 10
4.644444513652059
 20
5.123611187458865
 30
0.0
 10
4.640277846923305
 20
5.115277854001356
 30
0.0
 10
4.641666735832889
 20
5.102777853815092
 30
0.0
 10
4.648611180380814
 20
5.095833409267166
 30
0.0
 10
4.655555624928738
 20
5.088888964719242
 30
0.0
 10
4.661111180567078
 20
5.094444520357582
 30
0.0
 10
4.661111180567078
 20
5.111111187272601
 30
0.0
 10
4.661111180567078
 20
5.143055632193054
 30
0.0
 10
4.658333402747908
 20
5.14444452110264
 30
0.0
 10
4.644444513652059
 20
5.123611187458865
 30
0.0
  0
HATCH
  5
15F
330
79
100
AcDbEntity
  8
Layer 1
 62
    18
420
        0
440
 33554687
100
AcDbHatch
 10
0.0
 20
0.0
 30
0.0
210
0.0
220
0.0
230
1.0
  2
SOLID
 70
     1
 71
     1
 91
        1
 92
        1
 93
        1
 72
     4
 94
        3
 73
     0
 74
     0
 95
       14
 96
       10
 40
0.0
 40
0.0
 40
0.0
 40
0.0
 40
1.0
 40
1.0
 40
1.0
 40
2.0
 40
2.0
 40
2.0
 40
3.0
 40
3.0
 40
3.0
 40
3.0
 10
4.644444513652059
 20
5.123611187458865
 10
4.640277846923305
 20
5.115277854001356
 10
4.641666735832889
 20
5.102777853815092
 10
4.648611180380814
 20
5.095833409267166
 10
4.655555624928738
 20
5.088888964719242
 10
4.661111180567078
 20
5.094444520357582
 10
4.661111180567078
 20
5.111111187272601
 10
4.661111180567078
 20
5.143055632193054
 10
4.658333402747908
 20
5.14444452110264
 10
4.644444513652059
 20
5.123611187458865
 97
        0
 97
        1
330
15E
 75
     2
 76
     1
 98
        1
 10
0.0
 20
0.0
450
        0
451
        0
460
0.0
461
0.0
452
        0
462
0.0
453
        0
470

  0
SPLINE
  5
160
330
79
100
AcDbEntity
  8
Layer 1
100
AcDbSpline
210
0.0
220
0.0
230
1.0
 70
     9
 71
     3
 72
    35
 73
    31
 74
     0
 42
0.0000000001
 43
0.0000000001
 40
0.0
 40
0.0
 40
0.0
 40
0.0
 40
1.0
 40
1.0
 40
1.0
 40
2.0
 40
2.0
 40
2.0
 40
3.0
 40
3.0
 40
3.0
 40
4.0
 40
4.0
 40
4.0
 40
5.0
 40
5.0
 40
5.0
 40
6.0
 40
6.0
 40
6.0
 40
7.0
 40
7.0
 40
7.0
 40
8.0
 40
8.0
 40
8.0
 40
9.0
 40
9.0
 40
9.0
 40
10.0
 40
10.0
 40
10.0
 40
10.0
 10
4.830555627536441
 20
5.080555631261732
 30
0.0
 10
4.827777849717272
 20
5.061111186527543
 30
0.0
 10
4.812500071711838
 20
5.047222297431694
 30
0.0
 10
4.787500071339309
 20
5.040277852883769
 30
0.0
 10
4.766666737695534
 20
5.034722297245429
 30
0.0
 10
4.736111181684665
 20
5.01527785251124
 30
0.0
 10
4.720833403679231
 20
4.997222296686635
 30
0.0
 10
4.700000070035457
 20
4.973611185223691
 30
0.0
 10
4.694444514397117
 20
4.972222296314106
 30
0.0
 10
4.700000070035457
 20
4.988888963229126
 30
0.0
 10
4.705555625673796
 20
5.0097222968729
 30
0.0
 10
4.702777847854627
 20
5.011111185782485
 30
0.0
 10
4.680555625301267
 20
4.997222296686635
 30
0.0
 10
4.645833402561644
 20
4.975000074133276
 30
0.0
 10
4.658333402747908
 20
4.958333407218256
 30
0.0
 10
4.708333403492966
 20
4.958333407218256
 30
0.0
 10
4.737500070594251
 20
4.958333407218256
 30
0.0
 10
4.74861118187093
 20
4.966666740675766
 30
0.0
 10
4.755555626418854
 20
4.991666741048295
 30
0.0
 10
4.761111182057194
 20
5.01527785251124
 30
0.0
 10
4.770833404424289
 20
5.023611185968749
 30
0.0
 10
4.788888960248893
 20
5.018055630330409
 30
0.0
 10
4.802777849344743
 20
5.01527785251124
 30
0.0
 10
4.820833405169347
 20
5.020833408149579
 30
0.0
 10
4.829166738626857
 20
5.030555630516674
 30
0.0
 10
4.848611183361046
 20
5.055555630889203
 30
0.0
 10
4.86111118354731
 20
5.111111187272601
 30
0.0
 10
4.847222294451461
 20
5.111111187272601
 30
0.0
 10
4.840277849903537
 20
5.111111187272601
 30
0.0
 10
4.833333405355611
 20
5.097222298176752
 30
0.0
 10
4.830555627536441
 20
5.080555631261732
 30
0.0
  0
HATCH
  5
161
330
79
100
AcDbEntity
  8
Layer 1
 62
    18
420
        0
440
 33554687
100
AcDbHatch
 10
0.0
 20
0.0
 30
0.0
210
0.0
220
0.0
230
1.0
  2
SOLID
 70
     1
 71
     1
 91
        1
 92
        1
 93
        1
 72
     4
 94
        3
 73
     0
 74
     0
 95
       35
 96
       31
 40
0.0
 40
0.0
 40
0.0
 40
0.0
 40
1.0
 40
1.0
 40
1.0
 40
2.0
 40
2.0
 40
2.0
 40
3.0
 40
3.0
 40
3.0
 40
4.0
 40
4.0
 40
4.0
 40
5.0
 40
5.0
 40
5.0
 40
6.0
 40
6.0
 40
6.0
 40
7.0
 40
7.0
 40
7.0
 40
8.0
 40
8.0
 40
8.0
 40
9.0
 40
9.0
 40
9.0
 40
10.0
 40
10.0
 40
10.0
 40
10.0
 10
4.830555627536441
 20
5.080555631261732
 10
4.827777849717272
 20
5.061111186527543
 10
4.812500071711838
 20
5.047222297431694
 10
4.787500071339309
 20
5.040277852883769
 10
4.766666737695534
 20
5.034722297245429
 10
4.736111181684665
 20
5.01527785251124
 10
4.720833403679231
 20
4.997222296686635
 10
4.700000070035457
 20
4.973611185223691
 10
4.694444514397117
 20
4.972222296314106
 10
4.700000070035457
 20
4.988888963229126
 10
4.705555625673796
 20
5.0097222968729
 10
4.702777847854627
 20
5.011111185782485
 10
4.680555625301267
 20
4.997222296686635
 10
4.645833402561644
 20
4.975000074133276
 10
4.658333402747908
 20
4.958333407218256
 10
4.708333403492966
 20
4.958333407218256
 10
4.737500070594251
 20
4.958333407218256
 10
4.74861118187093
 20
4.966666740675766
 10
4.755555626418854
 20
4.991666741048295
 10
4.761111182057194
 20
5.01527785251124
 10
4.770833404424289
 20
5.023611185968749
 10
4.788888960248893
 20
5.018055630330409
 10
4.802777849344743
 20
5.01527785251124
 10
4.820833405169347
 20
5.020833408149579
 10
4.829166738626857
 20
5.030555630516674
 10
4.848611183361046
 20
5.055555630889203
 10
4.86111118354731
 20
5.111111187272601
 10
4.847222294451461
 20
5.111111187272601
 10
4.840277849903537
 20
5.111111187272601
 10
4.833333405355611
 20
5.097222298176752
 10
4.830555627536441
 20
5.080555631261732
 97
        0
 97
        1
330
160
 75
     2
 76
     1
 98
        1
 10
0.0
 20
0.0
450
        0
451
        0
460
0.0
461
0.0
452
        0
462
0.0
453
        0
470

  0
SPLINE
  5
162
330
79
100
AcDbEntity
  8
Layer 1
100
AcDbSpline
210
0.0
220
0.0
230
1.0
 70
     9
 71
     3
 72
    53
 73
    49
 74
     0
 42
0.0000000001
 43
0.0000000001
 40
0.0
 40
0.0
 40
0.0
 40
0.0
 40
1.0
 40
1.0
 40
1.0
 40
2.0
 40
2.0
 40
2.0
 40
3.0
 40
3.0
 40
3.0
 40
4.0
 40
4.0
 40
4.0
 40
5.0
 40
5.0
 40
5.0
 40
6.0
 40
6.0
 40
6.0
 40
7.0
 40
7.0
 40
7.0
 40
8.0
 40
8.0
 40
8.0
 40
9.0
 40
9.0
 40
9.0
 40
10.0
 40
10.0
 40
10.0
 40
11.0
 40
11.0
 40
11.0
 40
12.0
 40
12.0
 40
12.0
 40
13.0
 40
13.0
 40
13.0
 40
14.0
 40
14.0
 40
14.0
 40
15.0
 40
15.0
 40
15.0
 40
16.0
 40
16.0
 40
16.0
 40
16.0
 10
1.625000024214386
 20
5.073611186713807
 30
0.0
 10
1.625000024214386
 20
5.066666742165883
 30
0.0
 10
1.609722246208952
 20
5.043055630702938
 30
0.0
 10
1.590277801474763
 20
5.022222297059165
 30
0.0
 10
1.570833356740573
 20
5.00138896341539
 30
0.0
 10
1.555555578735139
 20
4.988888963229126
 30
0.0
 10
1.555555578735139
 20
4.994444518867465
 30
0.0
 10
1.555555578735139
 20
5.000000074505805
 30
0.0
 10
1.54444446745846
 20
4.994444518867465
 30
0.0
 10
1.53055557836261
 20
4.981944518681201
 30
0.0
 10
1.494444466713401
 20
4.950000073760747
 30
0.0
 10
1.370833353760341
 20
4.934722295755313
 30
0.0
 10
1.236111129530601
 20
4.945833407031992
 30
0.0
 10
1.170833350780109
 20
4.951388962670332
 30
0.0
 10
1.051388904555804
 20
4.959722296127842
 30
0.0
 10
0.9694444588902923
 20
4.965277851766182
 30
0.0
 10
0.8875000132247805
 20
4.969444518494936
 30
0.0
 10
0.8083333453784385
 20
4.976388963042861
 30
0.0
 10
0.7958333451921741
 20
4.980555629771616
 30
0.0
 10
0.7750000115484
 20
4.987500074319541
 30
0.0
 10
0.773611122638815
 20
4.986111185409956
 30
0.0
 10
0.7916666784634192
 20
4.973611185223691
 30
0.0
 10
0.8083333453784385
 20
4.961111185037426
 30
0.0
 10
0.7930555673730043
 20
4.959722296127842
 30
0.0
 10
0.7291666775320966
 20
4.965277851766182
 30
0.0
 10
0.6833333435157935
 20
4.969444518494936
 30
0.0
 10
0.6305555649515656
 20
4.976388963042861
 30
0.0
 10
0.6111111202173763
 20
4.980555629771616
 30
0.0
 10
0.591666675483187
 20
4.984722296500371
 30
0.0
 10
0.5805555642065075
 20
4.983333407590786
 30
0.0
 10
0.5861111198448472
 20
4.977777851952446
 30
0.0
 10
0.591666675483187
 20
4.972222296314106
 30
0.0
 10
0.591666675483187
 20
4.961111185037426
 30
0.0
 10
0.5847222309352623
 20
4.952777851579917
 30
0.0
 10
0.5750000085681677
 20
4.941666740303237
 30
0.0
 10
0.6125000091269613
 20
4.937500073574483
 30
0.0
 10
0.7125000106170774
 20
4.937500073574483
 30
0.0
 10
0.7902777895538344
 20
4.937500073574483
 30
0.0
 10
0.9861111258053117
 20
4.931944517936143
 30
0.0
 10
1.147222239317165
 20
4.925000073388218
 30
0.0
 10
1.452777799425853
 20
4.912500073201954
 30
0.0
 10
1.515277800357176
 20
4.919444517749878
 30
0.0
 10
1.575000023469328
 20
4.970833407404521
 30
0.0
 10
1.605555579480197
 20
4.99861118559622
 30
0.0
 10
1.644444468948575
 20
5.069444519985053
 30
0.0
 10
1.633333357671896
 20
5.080555631261732
 30
0.0
 10
1.629166690943141
 20
5.084722297990487
 30
0.0
 10
1.625000024214386
 20
5.081944520171317
 30
0.0
 10
1.625000024214386
 20
5.073611186713807
 30
0.0
  0
HATCH
  5
163
330
79
100
AcDbEntity
  8
Layer 1
 62
    18
420
        0
440
 33554687
100
AcDbHatch
 10
0.0
 20
0.0
 30
0.0
210
0.0
220
0.0
230
1.0
  2
SOLID
 70
     1
 71
     1
 91
        1
 92
        1
 93
        1
 72
     4
 94
        3
 73
     0
 74
     0
 95
       53
 96
       49
 40
0.0
 40
0.0
 40
0.0
 40
0.0
 40
1.0
 40
1.0
 40
1.0
 40
2.0
 40
2.0
 40
2.0
 40
3.0
 40
3.0
 40
3.0
 40
4.0
 40
4.0
 40
4.0
 40
5.0
 40
5.0
 40
5.0
 40
6.0
 40
6.0
 40
6.0
 40
7.0
 40
7.0
 40
7.0
 40
8.0
 40
8.0
 40
8.0
 40
9.0
 40
9.0
 40
9.0
 40
10.0
 40
10.0
 40
10.0
 40
11.0
 40
11.0
 40
11.0
 40
12.0
 40
12.0
 40
12.0
 40
13.0
 40
13.0
 40
13.0
 40
14.0
 40
14.0
 40
14.0
 40
15.0
 40
15.0
 40
15.0
 40
16.0
 40
16.0
 40
16.0
 40
16.0
 10
1.625000024214386
 20
5.073611186713807
 10
1.625000024214386
 20
5.066666742165883
 10
1.609722246208952
 20
5.043055630702938
 10
1.590277801474763
 20
5.022222297059165
 10
1.570833356740573
 20
5.00138896341539
 10
1.555555578735139
 20
4.988888963229126
 10
1.555555578735139
 20
4.994444518867465
 10
1.555555578735139
 20
5.000000074505805
 10
1.54444446745846
 20
4.994444518867465
 10
1.53055557836261
 20
4.981944518681201
 10
1.494444466713401
 20
4.950000073760747
 10
1.370833353760341
 20
4.934722295755313
 10
1.236111129530601
 20
4.945833407031992
 10
1.170833350780109
 20
4.951388962670332
 10
1.051388904555804
 20
4.959722296127842
 10
0.9694444588902923
 20
4.965277851766182
 10
0.8875000132247805
 20
4.969444518494936
 10
0.8083333453784385
 20
4.976388963042861
 10
0.7958333451921741
 20
4.980555629771616
 10
0.7750000115484
 20
4.987500074319541
 10
0.773611122638815
 20
4.986111185409956
 10
0.7916666784634192
 20
4.973611185223691
 10
0.8083333453784385
 20
4.961111185037426
 10
0.7930555673730043
 20
4.959722296127842
 10
0.7291666775320966
 20
4.965277851766182
 10
0.6833333435157935
 20
4.969444518494936
 10
0.6305555649515656
 20
4.976388963042861
 10
0.6111111202173763
 20
4.980555629771616
 10
0.591666675483187
 20
4.984722296500371
 10
0.5805555642065075
 20
4.983333407590786
 10
0.5861111198448472
 20
4.977777851952446
 10
0.591666675483187
 20
4.972222296314106
 10
0.591666675483187
 20
4.961111185037426
 10
0.5847222309352623
 20
4.952777851579917
 10
0.5750000085681677
 20
4.941666740303237
 10
0.6125000091269613
 20
4.937500073574483
 10
0.7125000106170774
 20
4.937500073574483
 10
0.7902777895538344
 20
4.937500073574483
 10
0.9861111258053117
 20
4.931944517936143
 10
1.147222239317165
 20
4.925000073388218
 10
1.452777799425853
 20
4.912500073201954
 10
1.515277800357176
 20
4.919444517749878
 10
1.575000023469328
 20
4.970833407404521
 10
1.605555579480197
 20
4.99861118559622
 10
1.644444468948575
 20
5.069444519985053
 10
1.633333357671896
 20
5.080555631261732
 10
1.629166690943141
 20
5.084722297990487
 10
1.625000024214386
 20
5.081944520171317
 10
1.625000024214386
 20
5.073611186713807
 97
        0
 97
        1
330
162
 75
     2
 76
     1
 98
        1
 10
0.0
 20
0.0
450
        0
451
        0
460
0.0
461
0.0
452
        0
462
0.0
453
        0
470

  0
SPLINE
  5
164
330
79
100
AcDbEntity
  8
Layer 1
100
AcDbSpline
210
0.0
220
0.0
230
1.0
 70
     9
 71
     3
 72
    14
 73
    10
 74
     0
 42
0.0000000001
 43
0.0000000001
 40
0.0
 40
0.0
 40
0.0
 40
0.0
 40
1.0
 40
1.0
 40
1.0
 40
2.0
 40
2.0
 40
2.0
 40
3.0
 40
3.0
 40
3.0
 40
3.0
 10
4.247222285510765
 20
5.059722297617958
 30
0.0
 10
4.255555618968275
 20
5.056944519798788
 30
0.0
 10
4.272222285883294
 20
5.056944519798788
 30
0.0
 10
4.281944508250388
 20
5.059722297617958
 30
0.0
 10
4.290277841707898
 20
5.063888964346713
 30
0.0
 10
4.283333397159973
 20
5.066666742165883
 30
0.0
 10
4.263888952425784
 20
5.066666742165883
 30
0.0
 10
4.244444507691595
 20
5.066666742165883
 30
0.0
 10
4.23750006314367
 20
5.063888964346713
 30
0.0
 10
4.247222285510765
 20
5.059722297617958
 30
0.0
  0
HATCH
  5
165
330
79
100
AcDbEntity
  8
Layer 1
 62
    18
420
        0
440
 33554687
100
AcDbHatch
 10
0.0
 20
0.0
 30
0.0
210
0.0
220
0.0
230
1.0
  2
SOLID
 70
     1
 71
     1
 91
        1
 92
        1
 93
        1
 72
     4
 94
        3
 73
     0
 74
     0
 95
       14
 96
       10
 40
0.0
 40
0.0
 40
0.0
 40
0.0
 40
1.0
 40
1.0
 40
1.0
 40
2.0
 40
2.0
 40
2.0
 40
3.0
 40
3.0
 40
3.0
 40
3.0
 10
4.247222285510765
 20
5.059722297617958
 10
4.255555618968275
 20
5.056944519798788
 10
4.272222285883294
 20
5.056944519798788
 10
4.281944508250388
 20
5.059722297617958
 10
4.290277841707898
 20
5.063888964346713
 10
4.283333397159973
 20
5.066666742165883
 10
4.263888952425784
 20
5.066666742165883
 10
4.244444507691595
 20
5.066666742165883
 10
4.23750006314367
 20
5.063888964346713
 10
4.247222285510765
 20
5.059722297617958
 97
        0
 97
        1
330
164
 75
     2
 76
     1
 98
        1
 10
0.0
 20
0.0
450
        0
451
        0
460
0.0
461
0.0
452
        0
462
0.0
453
        0
470

  0
SPLINE
  5
166
330
79
100
AcDbEntity
  8
Layer 1
100
AcDbSpline
210
0.0
220
0.0
230
1.0
 70
     9
 71
     3
 72
    44
 73
    40
 74
     0
 42
0.0000000001
 43
0.0000000001
 40
0.0
 40
0.0
 40
0.0
 40
0.0
 40
1.0
 40
1.0
 40
1.0
 40
2.0
 40
2.0
 40
2.0
 40
3.0
 40
3.0
 40
3.0
 40
4.0
 40
4.0
 40
4.0
 40
5.0
 40
5.0
 40
5.0
 40
6.0
 40
6.0
 40
6.0
 40
7.0
 40
7.0
 40
7.0
 40
8.0
 40
8.0
 40
8.0
 40
9.0
 40
9.0
 40
9.0
 40
10.0
 40
10.0
 40
10.0
 40
11.0
 40
11.0
 40
11.0
 40
12.0
 40
12.0
 40
12.0
 40
13.0
 40
13.0
 40
13.0
 40
13.0
 10
0.1208333351338903
 20
4.983333407590786
 30
0.0
 10
0.1291666685914
 20
4.973611185223691
 30
0.0
 10
0.1388888909584946
 20
4.948611184851162
 30
0.0
 10
0.1444444465968344
 20
4.927777851207388
 30
0.0
 10
0.1513888911447591
 20
4.898611184106104
 30
0.0
 10
0.1611111135118537
 20
4.888888961739009
 30
0.0
 10
0.1875000027939677
 20
4.888888961739009
 30
0.0
 10
0.2083333364377419
 20
4.888888961739009
 30
0.0
 10
0.2236111144431763
 20
4.879166739371915
 30
0.0
 10
0.2291666700815161
 20
4.862500072456896
 30
0.0
 10
0.2472222259061204
 20
4.805555627163912
 30
0.0
 10
0.3180555602949526
 20
4.813888960621422
 30
0.0
 10
0.3194444492045376
 20
4.87222229482399
 30
0.0
 10
0.3194444492045376
 20
4.886111183919839
 30
0.0
 10
0.3138888935661978
 20
4.884722295010255
 30
0.0
 10
0.2972222266511784
 20
4.868055628095235
 30
0.0
 10
0.2847222264649139
 20
4.85555562790897
 30
0.0
 10
0.2708333373690644
 20
4.850000072270631
 30
0.0
 10
0.2666666706403096
 20
4.854166738999386
 30
0.0
 10
0.2611111150019699
 20
4.85833340572814
 30
0.0
 10
0.2666666706403096
 20
4.86944451700482
 30
0.0
 10
0.2777777819169892
 20
4.876388961552745
 30
0.0
 10
0.2958333377415934
 20
4.888888961739009
 30
0.0
 10
0.2958333377415934
 20
4.890277850648595
 30
0.0
 10
0.2777777819169892
 20
4.887500072829425
 30
0.0
 10
0.2666666706403096
 20
4.886111183919839
 30
0.0
 10
0.2472222259061204
 20
4.887500072829425
 30
0.0
 10
0.2361111146294408
 20
4.891666739558179
 30
0.0
 10
0.2250000033527613
 20
4.897222295196519
 30
0.0
 10
0.204166669708987
 20
4.904166739744444
 30
0.0
 10
0.1888888917035527
 20
4.908333406473198
 30
0.0
 10
0.1722222247885333
 20
4.913888962111538
 30
0.0
 10
0.1652777802406086
 20
4.926388962297803
 30
0.0
 10
0.1708333358789484
 20
4.943055629212822
 30
0.0
 10
0.1750000026077032
 20
4.961111185037426
 30
0.0
 10
0.1666666691501935
 20
4.973611185223691
 30
0.0
 10
0.1416666687776645
 20
4.984722296500371
 30
0.0
 10
0.1125000016763806
 20
4.99861118559622
 30
0.0
 10
0.1097222238572107
 20
4.99861118559622
 30
0.0
 10
0.1208333351338903
 20
4.983333407590786
 30
0.0
  0
HATCH
  5
167
330
79
100
AcDbEntity
  8
Layer 1
 62
    18
420
        0
440
 33554687
100
AcDbHatch
 10
0.0
 20
0.0
 30
0.0
210
0.0
220
0.0
230
1.0
  2
SOLID
 70
     1
 71
     1
 91
        1
 92
        1
 93
        1
 72
     4
 94
        3
 73
     0
 74
     0
 95
       44
 96
       40
 40
0.0
 40
0.0
 40
0.0
 40
0.0
 40
1.0
 40
1.0
 40
1.0
 40
2.0
 40
2.0
 40
2.0
 40
3.0
 40
3.0
 40
3.0
 40
4.0
 40
4.0
 40
4.0
 40
5.0
 40
5.0
 40
5.0
 40
6.0
 40
6.0
 40
6.0
 40
7.0
 40
7.0
 40
7.0
 40
8.0
 40
8.0
 40
8.0
 40
9.0
 40
9.0
 40
9.0
 40
10.0
 40
10.0
 40
10.0
 40
11.0
 40
11.0
 40
11.0
 40
12.0
 40
12.0
 40
12.0
 40
13.0
 40
13.0
 40
13.0
 40
13.0
 10
0.1208333351338903
 20
4.983333407590786
 10
0.1291666685914
 20
4.973611185223691
 10
0.1388888909584946
 20
4.948611184851162
 10
0.1444444465968344
 20
4.927777851207388
 10
0.1513888911447591
 20
4.898611184106104
 10
0.1611111135118537
 20
4.888888961739009
 10
0.1875000027939677
 20
4.888888961739009
 10
0.2083333364377419
 20
4.888888961739009
 10
0.2236111144431763
 20
4.879166739371915
 10
0.2291666700815161
 20
4.862500072456896
 10
0.2472222259061204
 20
4.805555627163912
 10
0.3180555602949526
 20
4.813888960621422
 10
0.3194444492045376
 20
4.87222229482399
 10
0.3194444492045376
 20
4.886111183919839
 10
0.3138888935661978
 20
4.884722295010255
 10
0.2972222266511784
 20
4.868055628095235
 10
0.2847222264649139
 20
4.85555562790897
 10
0.2708333373690644
 20
4.850000072270631
 10
0.2666666706403096
 20
4.854166738999386
 10
0.2611111150019699
 20
4.85833340572814
 10
0.2666666706403096
 20
4.86944451700482
 10
0.2777777819169892
 20
4.876388961552745
 10
0.2958333377415934
 20
4.888888961739009
 10
0.2958333377415934
 20
4.890277850648595
 10
0.2777777819169892
 20
4.887500072829425
 10
0.2666666706403096
 20
4.886111183919839
 10
0.2472222259061204
 20
4.887500072829425
 10
0.2361111146294408
 20
4.891666739558179
 10
0.2250000033527613
 20
4.897222295196519
 10
0.204166669708987
 20
4.904166739744444
 10
0.1888888917035527
 20
4.908333406473198
 10
0.1722222247885333
 20
4.913888962111538
 10
0.1652777802406086
 20
4.926388962297803
 10
0.1708333358789484
 20
4.943055629212822
 10
0.1750000026077032
 20
4.961111185037426
 10
0.1666666691501935
 20
4.973611185223691
 10
0.1416666687776645
 20
4.984722296500371
 10
0.1125000016763806
 20
4.99861118559622
 10
0.1097222238572107
 20
4.99861118559622
 10
0.1208333351338903
 20
4.983333407590786
 97
        0
 97
        1
330
166
 75
     2
 76
     1
 98
        1
 10
0.0
 20
0.0
450
        0
451
        0
460
0.0
461
0.0
452
        0
462
0.0
453
        0
470

  0
SPLINE
  5
168
330
79
100
AcDbEntity
  8
Layer 1
100
AcDbSpline
210
0.0
220
0.0
230
1.0
 70
     9
 71
     3
 72
    14
 73
    10
 74
     0
 42
0.0000000001
 43
0.0000000001
 40
0.0
 40
0.0
 40
0.0
 40
0.0
 40
1.0
 40
1.0
 40
1.0
 40
2.0
 40
2.0
 40
2.0
 40
3.0
 40
3.0
 40
3.0
 40
3.0
 10
0.5222222300039398
 20
4.981944518681201
 30
0.0
 10
0.5263888967326946
 20
4.968055629585351
 30
0.0
 10
0.5347222301902043
 20
4.961111185037426
 30
0.0
 10
0.5388888969189591
 20
4.965277851766182
 30
0.0
 10
0.543055563647714
 20
4.969444518494936
 30
0.0
 10
0.5388888969189591
 20
4.980555629771616
 30
0.0
 10
0.5291666745518644
 20
4.990277852138711
 30
0.0
 10
0.5152777854560151
 20
5.002777852324975
 30
0.0
 10
0.5138888965464301
 20
5.00138896341539
 30
0.0
 10
0.5222222300039398
 20
4.981944518681201
 30
0.0
  0
HATCH
  5
169
330
79
100
AcDbEntity
  8
Layer 1
 62
    18
420
        0
440
 33554687
100
AcDbHatch
 10
0.0
 20
0.0
 30
0.0
210
0.0
220
0.0
230
1.0
  2
SOLID
 70
     1
 71
     1
 91
        1
 92
        1
 93
        1
 72
     4
 94
        3
 73
     0
 74
     0
 95
       14
 96
       10
 40
0.0
 40
0.0
 40
0.0
 40
0.0
 40
1.0
 40
1.0
 40
1.0
 40
2.0
 40
2.0
 40
2.0
 40
3.0
 40
3.0
 40
3.0
 40
3.0
 10
0.5222222300039398
 20
4.981944518681201
 10
0.5263888967326946
 20
4.968055629585351
 10
0.5347222301902043
 20
4.961111185037426
 10
0.5388888969189591
 20
4.965277851766182
 10
0.543055563647714
 20
4.969444518494936
 10
0.5388888969189591
 20
4.980555629771616
 10
0.5291666745518644
 20
4.990277852138711
 10
0.5152777854560151
 20
5.002777852324975
 10
0.5138888965464301
 20
5.00138896341539
 10
0.5222222300039398
 20
4.981944518681201
 97
        0
 97
        1
330
168
 75
     2
 76
     1
 98
        1
 10
0.0
 20
0.0
450
        0
451
        0
460
0.0
461
0.0
452
        0
462
0.0
453
        0
470

  0
SPLINE
  5
16A
330
79
100
AcDbEntity
  8
Layer 1
100
AcDbSpline
210
0.0
220
0.0
230
1.0
 70
    11
 71
     3
 72
    17
 73
    13
 74
     0
 42
0.0000000001
 43
0.0000000001
 40
0.0
 40
0.0
 40
0.0
 40
0.0
 40
1.0
 40
1.0
 40
1.0
 40
2.0
 40
2.0
 40
2.0
 40
3.0
 40
3.0
 40
3.0
 40
4.0
 40
4.0
 40
4.0
 40
4.0
 10
4.145833395111063
 20
4.61111117982202
 30
0.0
 10
4.159722284206913
 20
4.595833401816586
 30
0.0
 10
4.173611173302762
 20
4.583333401630321
 30
0.0
 10
4.177777840031517
 20
4.583333401630321
 30
0.0
 10
4.181944506760272
 20
4.583333401630321
 30
0.0
 10
4.173611173302762
 20
4.595833401816586
 30
0.0
 10
4.159722284206913
 20
4.61111117982202
 30
0.0
 10
4.145833395111063
 20
4.626388957827455
 30
0.0
 10
4.131944506015214
 20
4.638888958013719
 30
0.0
 10
4.127777839286459
 20
4.638888958013719
 30
0.0
 10
4.123611172557704
 20
4.638888958013719
 30
0.0
 10
4.131944506015214
 20
4.626388957827455
 30
0.0
 10
4.145833395111063
 20
4.61111117982202
 30
0.0
  0
HATCH
  5
16B
330
79
100
AcDbEntity
  8
Layer 1
 62
    18
420
        0
440
 33554687
100
AcDbHatch
 10
0.0
 20
0.0
 30
0.0
210
0.0
220
0.0
230
1.0
  2
SOLID
 70
     1
 71
     1
 91
        1
 92
        1
 93
        1
 72
     4
 94
        3
 73
     0
 74
     0
 95
       17
 96
       13
 40
0.0
 40
0.0
 40
0.0
 40
0.0
 40
1.0
 40
1.0
 40
1.0
 40
2.0
 40
2.0
 40
2.0
 40
3.0
 40
3.0
 40
3.0
 40
4.0
 40
4.0
 40
4.0
 40
4.0
 10
4.145833395111063
 20
4.61111117982202
 10
4.159722284206913
 20
4.595833401816586
 10
4.173611173302762
 20
4.583333401630321
 10
4.177777840031517
 20
4.583333401630321
 10
4.181944506760272
 20
4.583333401630321
 10
4.173611173302762
 20
4.595833401816586
 10
4.159722284206913
 20
4.61111117982202
 10
4.145833395111063
 20
4.626388957827455
 10
4.131944506015214
 20
4.638888958013719
 10
4.127777839286459
 20
4.638888958013719
 10
4.123611172557704
 20
4.638888958013719
 10
4.131944506015214
 20
4.626388957827455
 10
4.145833395111063
 20
4.61111117982202
 97
        0
 97
        1
330
16A
 75
     2
 76
     1
 98
        1
 10
0.0
 20
0.0
450
        0
451
        0
460
0.0
461
0.0
452
        0
462
0.0
453
        0
470

  0
SPLINE
  5
16C
330
79
100
AcDbEntity
  8
Layer 1
100
AcDbSpline
210
0.0
220
0.0
230
1.0
 70
     9
 71
     3
 72
    14
 73
    10
 74
     0
 42
0.0000000001
 43
0.0000000001
 40
0.0
 40
0.0
 40
0.0
 40
0.0
 40
1.0
 40
1.0
 40
1.0
 40
2.0
 40
2.0
 40
2.0
 40
3.0
 40
3.0
 40
3.0
 40
3.0
 10
4.111111172371439
 20
4.60555562418368
 30
0.0
 10
4.111111172371439
 20
4.602777846364511
 30
0.0
 10
4.122222283648119
 20
4.591666735087831
 30
0.0
 10
4.136111172743969
 20
4.581944512720736
 30
0.0
 10
4.156944506387743
 20
4.563888956896132
 30
0.0
 10
4.158333395297328
 20
4.565277845805717
 30
0.0
 10
4.140277839472724
 20
4.587500068359076
 30
0.0
 10
4.122222283648119
 20
4.609722290912436
 30
0.0
 10
4.111111172371439
 20
4.61666673546036
 30
0.0
 10
4.111111172371439
 20
4.60555562418368
 30
0.0
  0
HATCH
  5
16D
330
79
100
AcDbEntity
  8
Layer 1
 62
    18
420
        0
440
 33554687
100
AcDbHatch
 10
0.0
 20
0.0
 30
0.0
210
0.0
220
0.0
230
1.0
  2
SOLID
 70
     1
 71
     1
 91
        1
 92
        1
 93
        1
 72
     4
 94
        3
 73
     0
 74
     0
 95
       14
 96
       10
 40
0.0
 40
0.0
 40
0.0
 40
0.0
 40
1.0
 40
1.0
 40
1.0
 40
2.0
 40
2.0
 40
2.0
 40
3.0
 40
3.0
 40
3.0
 40
3.0
 10
4.111111172371439
 20
4.60555562418368
 10
4.111111172371439
 20
4.602777846364511
 10
4.122222283648119
 20
4.591666735087831
 10
4.136111172743969
 20
4.581944512720736
 10
4.156944506387743
 20
4.563888956896132
 10
4.158333395297328
 20
4.565277845805717
 10
4.140277839472724
 20
4.587500068359076
 10
4.122222283648119
 20
4.609722290912436
 10
4.111111172371439
 20
4.61666673546036
 10
4.111111172371439
 20
4.60555562418368
 97
        0
 97
        1
330
16C
 75
     2
 76
     1
 98
        1
 10
0.0
 20
0.0
450
        0
451
        0
460
0.0
461
0.0
452
        0
462
0.0
453
        0
470

  0
SPLINE
  5
16E
330
79
100
AcDbEntity
  8
Layer 1
100
AcDbSpline
210
0.0
220
0.0
230
1.0
 70
     9
 71
     3
 72
    14
 73
    10
 74
     0
 42
0.0000000001
 43
0.0000000001
 40
0.0
 40
0.0
 40
0.0
 40
0.0
 40
1.0
 40
1.0
 40
1.0
 40
2.0
 40
2.0
 40
2.0
 40
3.0
 40
3.0
 40
3.0
 40
3.0
 10
2.927777821405065
 20
4.309722286442087
 30
0.0
 10
2.937500043772161
 20
4.305555619713333
 30
0.0
 10
2.950000043958425
 20
4.306944508622917
 30
0.0
 10
2.95416671068718
 20
4.311111175351672
 30
0.0
 10
2.95972226632552
 20
4.315277842080427
 30
0.0
 10
2.95138893286801
 20
4.319444508809182
 30
0.0
 10
2.936111154862576
 20
4.318055619899597
 30
0.0
 10
2.920833376857141
 20
4.318055619899597
 30
0.0
 10
2.916666710128386
 20
4.313888953170842
 30
0.0
 10
2.927777821405065
 20
4.309722286442087
 30
0.0
  0
HATCH
  5
16F
330
79
100
AcDbEntity
  8
Layer 1
 62
    18
420
        0
440
 33554687
100
AcDbHatch
 10
0.0
 20
0.0
 30
0.0
210
0.0
220
0.0
230
1.0
  2
SOLID
 70
     1
 71
     1
 91
        1
 92
        1
 93
        1
 72
     4
 94
        3
 73
     0
 74
     0
 95
       14
 96
       10
 40
0.0
 40
0.0
 40
0.0
 40
0.0
 40
1.0
 40
1.0
 40
1.0
 40
2.0
 40
2.0
 40
2.0
 40
3.0
 40
3.0
 40
3.0
 40
3.0
 10
2.927777821405065
 20
4.309722286442087
 10
2.937500043772161
 20
4.305555619713333
 10
2.950000043958425
 20
4.306944508622917
 10
2.95416671068718
 20
4.311111175351672
 10
2.95972226632552
 20
4.315277842080427
 10
2.95138893286801
 20
4.319444508809182
 10
2.936111154862576
 20
4.318055619899597
 10
2.920833376857141
 20
4.318055619899597
 10
2.916666710128386
 20
4.313888953170842
 10
2.927777821405065
 20
4.309722286442087
 97
        0
 97
        1
330
16E
 75
     2
 76
     1
 98
        1
 10
0.0
 20
0.0
450
        0
451
        0
460
0.0
461
0.0
452
        0
462
0.0
453
        0
470

  0
SPLINE
  5
170
330
79
100
AcDbEntity
  8
Layer 1
100
AcDbSpline
210
0.0
220
0.0
230
1.0
 70
     9
 71
     3
 72
    14
 73
    10
 74
     0
 42
0.0000000001
 43
0.0000000001
 40
0.0
 40
0.0
 40
0.0
 40
0.0
 40
1.0
 40
1.0
 40
1.0
 40
2.0
 40
2.0
 40
2.0
 40
3.0
 40
3.0
 40
3.0
 40
3.0
 10
2.747222263159023
 20
4.281944508250388
 30
0.0
 10
2.756944485526117
 20
4.277777841521634
 30
0.0
 10
2.769444485712382
 20
4.279166730431218
 30
0.0
 10
2.773611152441137
 20
4.283333397159973
 30
0.0
 10
2.779166708079476
 20
4.287500063888728
 30
0.0
 10
2.770833374621967
 20
4.291666730617483
 30
0.0
 10
2.755555596616532
 20
4.290277841707898
 30
0.0
 10
2.740277818611098
 20
4.290277841707898
 30
0.0
 10
2.736111151882343
 20
4.286111174979143
 30
0.0
 10
2.747222263159023
 20
4.281944508250388
 30
0.0
  0
HATCH
  5
171
330
79
100
AcDbEntity
  8
Layer 1
 62
    18
420
        0
440
 33554687
100
AcDbHatch
 10
0.0
 20
0.0
 30
0.0
210
0.0
220
0.0
230
1.0
  2
SOLID
 70
     1
 71
     1
 91
        1
 92
        1
 93
        1
 72
     4
 94
        3
 73
     0
 74
     0
 95
       14
 96
       10
 40
0.0
 40
0.0
 40
0.0
 40
0.0
 40
1.0
 40
1.0
 40
1.0
 40
2.0
 40
2.0
 40
2.0
 40
3.0
 40
3.0
 40
3.0
 40
3.0
 10
2.747222263159023
 20
4.281944508250388
 10
2.756944485526117
 20
4.277777841521634
 10
2.769444485712382
 20
4.279166730431218
 10
2.773611152441137
 20
4.283333397159973
 10
2.779166708079476
 20
4.287500063888728
 10
2.770833374621967
 20
4.291666730617483
 10
2.755555596616532
 20
4.290277841707898
 10
2.740277818611098
 20
4.290277841707898
 10
2.736111151882343
 20
4.286111174979143
 10
2.747222263159023
 20
4.281944508250388
 97
        0
 97
        1
330
170
 75
     2
 76
     1
 98
        1
 10
0.0
 20
0.0
450
        0
451
        0
460
0.0
461
0.0
452
        0
462
0.0
453
        0
470

  0
SPLINE
  5
172
330
79
100
AcDbEntity
  8
Layer 1
100
AcDbSpline
210
0.0
220
0.0
230
1.0
 70
     9
 71
     3
 72
    14
 73
    10
 74
     0
 42
0.0000000001
 43
0.0000000001
 40
0.0
 40
0.0
 40
0.0
 40
0.0
 40
1.0
 40
1.0
 40
1.0
 40
2.0
 40
2.0
 40
2.0
 40
3.0
 40
3.0
 40
3.0
 40
3.0
 10
2.455555592146184
 20
4.254166730058689
 30
0.0
 10
2.465277814513278
 20
4.250000063329935
 30
0.0
 10
2.477777814699543
 20
4.251388952239519
 30
0.0
 10
2.481944481428298
 20
4.255555618968275
 30
0.0
 10
2.487500037066638
 20
4.259722285697029
 30
0.0
 10
2.479166703609128
 20
4.263888952425784
 30
0.0
 10
2.463888925603694
 20
4.262500063516199
 30
0.0
 10
2.448611147598259
 20
4.262500063516199
 30
0.0
 10
2.444444480869504
 20
4.258333396787444
 30
0.0
 10
2.455555592146184
 20
4.254166730058689
 30
0.0
  0
HATCH
  5
173
330
79
100
AcDbEntity
  8
Layer 1
 62
    18
420
        0
440
 33554687
100
AcDbHatch
 10
0.0
 20
0.0
 30
0.0
210
0.0
220
0.0
230
1.0
  2
SOLID
 70
     1
 71
     1
 91
        1
 92
        1
 93
        1
 72
     4
 94
        3
 73
     0
 74
     0
 95
       14
 96
       10
 40
0.0
 40
0.0
 40
0.0
 40
0.0
 40
1.0
 40
1.0
 40
1.0
 40
2.0
 40
2.0
 40
2.0
 40
3.0
 40
3.0
 40
3.0
 40
3.0
 10
2.455555592146184
 20
4.254166730058689
 10
2.465277814513278
 20
4.250000063329935
 10
2.477777814699543
 20
4.251388952239519
 10
2.481944481428298
 20
4.255555618968275
 10
2.487500037066638
 20
4.259722285697029
 10
2.479166703609128
 20
4.263888952425784
 10
2.463888925603694
 20
4.262500063516199
 10
2.448611147598259
 20
4.262500063516199
 10
2.444444480869504
 20
4.258333396787444
 10
2.455555592146184
 20
4.254166730058689
 97
        0
 97
        1
330
172
 75
     2
 76
     1
 98
        1
 10
0.0
 20
0.0
450
        0
451
        0
460
0.0
461
0.0
452
        0
462
0.0
453
        0
470

  0
SPLINE
  5
174
330
79
100
AcDbEntity
  8
Layer 1
100
AcDbSpline
210
0.0
220
0.0
230
1.0
 70
     9
 71
     3
 72
    14
 73
    10
 74
     0
 42
0.0000000001
 43
0.0000000001
 40
0.0
 40
0.0
 40
0.0
 40
0.0
 40
1.0
 40
1.0
 40
1.0
 40
2.0
 40
2.0
 40
2.0
 40
3.0
 40
3.0
 40
3.0
 40
3.0
 10
1.625000024214386
 20
4.140277839472724
 30
0.0
 10
1.625000024214386
 20
4.131944506015214
 30
0.0
 10
1.630555579852726
 20
4.122222283648119
 30
0.0
 10
1.638888913310236
 20
4.118055616919365
 30
0.0
 10
1.647222246767745
 20
4.113888950190609
 30
0.0
 10
1.64861113567733
 20
4.119444505828949
 30
0.0
 10
1.644444468948575
 20
4.130555617105629
 30
0.0
 10
1.634722246581481
 20
4.155555617478158
 30
0.0
 10
1.625000024214386
 20
4.159722284206913
 30
0.0
 10
1.625000024214386
 20
4.140277839472724
 30
0.0
  0
HATCH
  5
175
330
79
100
AcDbEntity
  8
Layer 1
 62
    18
420
        0
440
 33554687
100
AcDbHatch
 10
0.0
 20
0.0
 30
0.0
210
0.0
220
0.0
230
1.0
  2
SOLID
 70
     1
 71
     1
 91
        1
 92
        1
 93
        1
 72
     4
 94
        3
 73
     0
 74
     0
 95
       14
 96
       10
 40
0.0
 40
0.0
 40
0.0
 40
0.0
 40
1.0
 40
1.0
 40
1.0
 40
2.0
 40
2.0
 40
2.0
 40
3.0
 40
3.0
 40
3.0
 40
3.0
 10
1.625000024214386
 20
4.140277839472724
 10
1.625000024214386
 20
4.131944506015214
 10
1.630555579852726
 20
4.122222283648119
 10
1.638888913310236
 20
4.118055616919365
 10
1.647222246767745
 20
4.113888950190609
 10
1.64861113567733
 20
4.119444505828949
 10
1.644444468948575
 20
4.130555617105629
 10
1.634722246581481
 20
4.155555617478158
 10
1.625000024214386
 20
4.159722284206913
 10
1.625000024214386
 20
4.140277839472724
 97
        0
 97
        1
330
174
 75
     2
 76
     1
 98
        1
 10
0.0
 20
0.0
450
        0
451
        0
460
0.0
461
0.0
452
        0
462
0.0
453
        0
470

  0
SPLINE
  5
176
330
79
100
AcDbEntity
  8
Layer 1
100
AcDbSpline
210
0.0
220
0.0
230
1.0
 70
     9
 71
     3
 72
    14
 73
    10
 74
     0
 42
0.0000000001
 43
0.0000000001
 40
0.0
 40
0.0
 40
0.0
 40
0.0
 40
1.0
 40
1.0
 40
1.0
 40
2.0
 40
2.0
 40
2.0
 40
3.0
 40
3.0
 40
3.0
 40
3.0
 10
1.520833355995515
 20
3.929166725215812
 30
0.0
 10
1.515277800357176
 20
3.920833391758302
 30
0.0
 10
1.513888911447591
 20
3.912500058300793
 30
0.0
 10
1.518055578176346
 20
3.908333391572038
 30
0.0
 10
1.520833355995515
 20
3.904166724843283
 30
0.0
 10
1.52777780054344
 20
3.911111169391208
 30
0.0
 10
1.531944467272195
 20
3.923611169577472
 30
0.0
 10
1.54166668963929
 20
3.947222281040416
 30
0.0
 10
1.53333335618178
 20
3.951388947769171
 30
0.0
 10
1.520833355995515
 20
3.929166725215812
 30
0.0
  0
HATCH
  5
177
330
79
100
AcDbEntity
  8
Layer 1
 62
    18
420
        0
440
 33554687
100
AcDbHatch
 10
0.0
 20
0.0
 30
0.0
210
0.0
220
0.0
230
1.0
  2
SOLID
 70
     1
 71
     1
 91
        1
 92
        1
 93
        1
 72
     4
 94
        3
 73
     0
 74
     0
 95
       14
 96
       10
 40
0.0
 40
0.0
 40
0.0
 40
0.0
 40
1.0
 40
1.0
 40
1.0
 40
2.0
 40
2.0
 40
2.0
 40
3.0
 40
3.0
 40
3.0
 40
3.0
 10
1.520833355995515
 20
3.929166725215812
 10
1.515277800357176
 20
3.920833391758302
 10
1.513888911447591
 20
3.912500058300793
 10
1.518055578176346
 20
3.908333391572038
 10
1.520833355995515
 20
3.904166724843283
 10
1.52777780054344
 20
3.911111169391208
 10
1.531944467272195
 20
3.923611169577472
 10
1.54166668963929
 20
3.947222281040416
 10
1.53333335618178
 20
3.951388947769171
 10
1.520833355995515
 20
3.929166725215812
 97
        0
 97
        1
330
176
 75
     2
 76
     1
 98
        1
 10
0.0
 20
0.0
450
        0
451
        0
460
0.0
461
0.0
452
        0
462
0.0
453
        0
470

  0
SPLINE
  5
178
330
79
100
AcDbEntity
  8
Layer 1
100
AcDbSpline
210
0.0
220
0.0
230
1.0
 70
     9
 71
     3
 72
    14
 73
    10
 74
     0
 42
0.0000000001
 43
0.0000000001
 40
0.0
 40
0.0
 40
0.0
 40
0.0
 40
1.0
 40
1.0
 40
1.0
 40
2.0
 40
2.0
 40
2.0
 40
3.0
 40
3.0
 40
3.0
 40
3.0
 10
3.043055600900616
 20
3.241666714971263
 30
0.0
 10
3.043055600900616
 20
3.226388936965829
 30
0.0
 10
3.047222267629371
 20
3.222222270237074
 30
0.0
 10
3.051388934358126
 20
3.233333381513754
 30
0.0
 10
3.055555601086881
 20
3.243055603880848
 30
0.0
 10
3.054166712177296
 20
3.255555604067113
 30
0.0
 10
3.050000045448541
 20
3.259722270795868
 30
0.0
 10
3.045833378719786
 20
3.265277826434207
 30
0.0
 10
3.041666711991031
 20
3.256944492976698
 30
0.0
 10
3.043055600900616
 20
3.241666714971263
 30
0.0
  0
HATCH
  5
179
330
79
100
AcDbEntity
  8
Layer 1
 62
    18
420
        0
440
 33554687
100
AcDbHatch
 10
0.0
 20
0.0
 30
0.0
210
0.0
220
0.0
230
1.0
  2
SOLID
 70
     1
 71
     1
 91
        1
 92
        1
 93
        1
 72
     4
 94
        3
 73
     0
 74
     0
 95
       14
 96
       10
 40
0.0
 40
0.0
 40
0.0
 40
0.0
 40
1.0
 40
1.0
 40
1.0
 40
2.0
 40
2.0
 40
2.0
 40
3.0
 40
3.0
 40
3.0
 40
3.0
 10
3.043055600900616
 20
3.241666714971263
 10
3.043055600900616
 20
3.226388936965829
 10
3.047222267629371
 20
3.222222270237074
 10
3.051388934358126
 20
3.233333381513754
 10
3.055555601086881
 20
3.243055603880848
 10
3.054166712177296
 20
3.255555604067113
 10
3.050000045448541
 20
3.259722270795868
 10
3.045833378719786
 20
3.265277826434207
 10
3.041666711991031
 20
3.256944492976698
 10
3.043055600900616
 20
3.241666714971263
 97
        0
 97
        1
330
178
 75
     2
 76
     1
 98
        1
 10
0.0
 20
0.0
450
        0
451
        0
460
0.0
461
0.0
452
        0
462
0.0
453
        0
470

  0
SPLINE
  5
17A
330
79
100
AcDbEntity
  8
Layer 1
100
AcDbSpline
210
0.0
220
0.0
230
1.0
 70
     9
 71
     3
 72
    14
 73
    10
 74
     0
 42
0.0000000001
 43
0.0000000001
 40
0.0
 40
0.0
 40
0.0
 40
0.0
 40
1.0
 40
1.0
 40
1.0
 40
2.0
 40
2.0
 40
2.0
 40
3.0
 40
3.0
 40
3.0
 40
3.0
 10
1.815277804827524
 20
3.102777824012769
 30
0.0
 10
1.811111138098769
 20
3.098611157284014
 30
0.0
 10
1.811111138098769
 20
3.084722268188165
 30
0.0
 10
1.815277804827524
 20
3.073611156911485
 30
0.0
 10
1.822222249375449
 20
3.056944489996466
 30
0.0
 10
1.825000027194619
 20
3.056944489996466
 30
0.0
 10
1.834722249561713
 20
3.0722222680019
 30
0.0
 10
1.855555583205488
 20
3.104166712922354
 30
0.0
 10
1.840277805200053
 20
3.127777824385298
 30
0.0
 10
1.815277804827524
 20
3.102777824012769
 30
0.0
  0
HATCH
  5
17B
330
79
100
AcDbEntity
  8
Layer 1
 62
    18
420
        0
440
 33554687
100
AcDbHatch
 10
0.0
 20
0.0
 30
0.0
210
0.0
220
0.0
230
1.0
  2
SOLID
 70
     1
 71
     1
 91
        1
 92
        1
 93
        1
 72
     4
 94
        3
 73
     0
 74
     0
 95
       14
 96
       10
 40
0.0
 40
0.0
 40
0.0
 40
0.0
 40
1.0
 40
1.0
 40
1.0
 40
2.0
 40
2.0
 40
2.0
 40
3.0
 40
3.0
 40
3.0
 40
3.0
 10
1.815277804827524
 20
3.102777824012769
 10
1.811111138098769
 20
3.098611157284014
 10
1.811111138098769
 20
3.084722268188165
 10
1.815277804827524
 20
3.073611156911485
 10
1.822222249375449
 20
3.056944489996466
 10
1.825000027194619
 20
3.056944489996466
 10
1.834722249561713
 20
3.0722222680019
 10
1.855555583205488
 20
3.104166712922354
 10
1.840277805200053
 20
3.127777824385298
 10
1.815277804827524
 20
3.102777824012769
 97
        0
 97
        1
330
17A
 75
     2
 76
     1
 98
        1
 10
0.0
 20
0.0
450
        0
451
        0
460
0.0
461
0.0
452
        0
462
0.0
453
        0
470

  0
SPLINE
  5
17C
330
79
100
AcDbEntity
  8
Layer 1
100
AcDbSpline
210
0.0
220
0.0
230
1.0
 70
     9
 71
     3
 72
    14
 73
    10
 74
     0
 42
0.0000000001
 43
0.0000000001
 40
0.0
 40
0.0
 40
0.0
 40
0.0
 40
1.0
 40
1.0
 40
1.0
 40
2.0
 40
2.0
 40
2.0
 40
3.0
 40
3.0
 40
3.0
 40
3.0
 10
2.504166703981657
 20
3.073611156911485
 30
0.0
 10
2.516666704167922
 20
3.070833379092315
 30
0.0
 10
2.536111148902111
 20
3.070833379092315
 30
0.0
 10
2.545833371269206
 20
3.073611156911485
 30
0.0
 10
2.554166704726715
 20
3.07777782364024
 30
0.0
 10
2.544444482359621
 20
3.08055560145941
 30
0.0
 10
2.520833370896677
 20
3.08055560145941
 30
0.0
 10
2.498611148343317
 20
3.08055560145941
 30
0.0
 10
2.490277814885808
 20
3.07777782364024
 30
0.0
 10
2.504166703981657
 20
3.073611156911485
 30
0.0
  0
HATCH
  5
17D
330
79
100
AcDbEntity
  8
Layer 1
 62
    18
420
        0
440
 33554687
100
AcDbHatch
 10
0.0
 20
0.0
 30
0.0
210
0.0
220
0.0
230
1.0
  2
SOLID
 70
     1
 71
     1
 91
        1
 92
        1
 93
        1
 72
     4
 94
        3
 73
     0
 74
     0
 95
       14
 96
       10
 40
0.0
 40
0.0
 40
0.0
 40
0.0
 40
1.0
 40
1.0
 40
1.0
 40
2.0
 40
2.0
 40
2.0
 40
3.0
 40
3.0
 40
3.0
 40
3.0
 10
2.504166703981657
 20
3.073611156911485
 10
2.516666704167922
 20
3.070833379092315
 10
2.536111148902111
 20
3.070833379092315
 10
2.545833371269206
 20
3.073611156911485
 10
2.554166704726715
 20
3.07777782364024
 10
2.544444482359621
 20
3.08055560145941
 10
2.520833370896677
 20
3.08055560145941
 10
2.498611148343317
 20
3.08055560145941
 10
2.490277814885808
 20
3.07777782364024
 10
2.504166703981657
 20
3.073611156911485
 97
        0
 97
        1
330
17C
 75
     2
 76
     1
 98
        1
 10
0.0
 20
0.0
450
        0
451
        0
460
0.0
461
0.0
452
        0
462
0.0
453
        0
470

  0
SPLINE
  5
17E
330
79
100
AcDbEntity
  8
Layer 1
100
AcDbSpline
210
0.0
220
0.0
230
1.0
 70
     9
 71
     3
 72
    14
 73
    10
 74
     0
 42
0.0000000001
 43
0.0000000001
 40
0.0
 40
0.0
 40
0.0
 40
0.0
 40
1.0
 40
1.0
 40
1.0
 40
2.0
 40
2.0
 40
2.0
 40
3.0
 40
3.0
 40
3.0
 40
3.0
 10
2.733333374063173
 20
3.031944489623937
 30
0.0
 10
2.741666707520683
 20
3.029166711804767
 30
0.0
 10
2.758333374435702
 20
3.029166711804767
 30
0.0
 10
2.768055596802797
 20
3.031944489623937
 30
0.0
 10
2.776388930260307
 20
3.036111156352692
 30
0.0
 10
2.769444485712382
 20
3.038888934171862
 30
0.0
 10
2.750000040978193
 20
3.038888934171862
 30
0.0
 10
2.730555596244003
 20
3.038888934171862
 30
0.0
 10
2.723611151696079
 20
3.036111156352692
 30
0.0
 10
2.733333374063173
 20
3.031944489623937
 30
0.0
  0
HATCH
  5
17F
330
79
100
AcDbEntity
  8
Layer 1
 62
    18
420
        0
440
 33554687
100
AcDbHatch
 10
0.0
 20
0.0
 30
0.0
210
0.0
220
0.0
230
1.0
  2
SOLID
 70
     1
 71
     1
 91
        1
 92
        1
 93
        1
 72
     4
 94
        3
 73
     0
 74
     0
 95
       14
 96
       10
 40
0.0
 40
0.0
 40
0.0
 40
0.0
 40
1.0
 40
1.0
 40
1.0
 40
2.0
 40
2.0
 40
2.0
 40
3.0
 40
3.0
 40
3.0
 40
3.0
 10
2.733333374063173
 20
3.031944489623937
 10
2.741666707520683
 20
3.029166711804767
 10
2.758333374435702
 20
3.029166711804767
 10
2.768055596802797
 20
3.031944489623937
 10
2.776388930260307
 20
3.036111156352692
 10
2.769444485712382
 20
3.038888934171862
 10
2.750000040978193
 20
3.038888934171862
 10
2.730555596244003
 20
3.038888934171862
 10
2.723611151696079
 20
3.036111156352692
 10
2.733333374063173
 20
3.031944489623937
 97
        0
 97
        1
330
17E
 75
     2
 76
     1
 98
        1
 10
0.0
 20
0.0
450
        0
451
        0
460
0.0
461
0.0
452
        0
462
0.0
453
        0
470

  0
SPLINE
  5
180
330
79
100
AcDbEntity
  8
Layer 1
100
AcDbSpline
210
0.0
220
0.0
230
1.0
 70
     9
 71
     3
 72
    17
 73
    13
 74
     0
 42
0.0000000001
 43
0.0000000001
 40
0.0
 40
0.0
 40
0.0
 40
0.0
 40
1.0
 40
1.0
 40
1.0
 40
2.0
 40
2.0
 40
2.0
 40
3.0
 40
3.0
 40
3.0
 40
4.0
 40
4.0
 40
4.0
 40
4.0
 10
1.138888905859655
 20
2.658333372945586
 30
0.0
 10
1.138888905859655
 20
2.650000039488077
 30
0.0
 10
1.14861112822675
 20
2.631944483663472
 30
0.0
 10
1.159722239503429
 20
2.616666705658038
 30
0.0
 10
1.170833350780109
 20
2.602777816562188
 30
0.0
 10
1.179166684237619
 20
2.597222260923849
 30
0.0
 10
1.179166684237619
 20
2.604166705471773
 30
0.0
 10
1.179166684237619
 20
2.612500038929283
 30
0.0
 10
1.170833350780109
 20
2.630555594753887
 30
0.0
 10
1.159722239503429
 20
2.644444483849737
 30
0.0
 10
1.14861112822675
 20
2.659722261855171
 30
0.0
 10
1.138888905859655
 20
2.665277817493511
 30
0.0
 10
1.138888905859655
 20
2.658333372945586
 30
0.0
  0
HATCH
  5
181
330
79
100
AcDbEntity
  8
Layer 1
 62
    18
420
        0
440
 33554687
100
AcDbHatch
 10
0.0
 20
0.0
 30
0.0
210
0.0
220
0.0
230
1.0
  2
SOLID
 70
     1
 71
     1
 91
        1
 92
        1
 93
        1
 72
     4
 94
        3
 73
     0
 74
     0
 95
       17
 96
       13
 40
0.0
 40
0.0
 40
0.0
 40
0.0
 40
1.0
 40
1.0
 40
1.0
 40
2.0
 40
2.0
 40
2.0
 40
3.0
 40
3.0
 40
3.0
 40
4.0
 40
4.0
 40
4.0
 40
4.0
 10
1.138888905859655
 20
2.658333372945586
 10
1.138888905859655
 20
2.650000039488077
 10
1.14861112822675
 20
2.631944483663472
 10
1.159722239503429
 20
2.616666705658038
 10
1.170833350780109
 20
2.602777816562188
 10
1.179166684237619
 20
2.597222260923849
 10
1.179166684237619
 20
2.604166705471773
 10
1.179166684237619
 20
2.612500038929283
 10
1.170833350780109
 20
2.630555594753887
 10
1.159722239503429
 20
2.644444483849737
 10
1.14861112822675
 20
2.659722261855171
 10
1.138888905859655
 20
2.665277817493511
 10
1.138888905859655
 20
2.658333372945586
 97
        0
 97
        1
330
180
 75
     2
 76
     1
 98
        1
 10
0.0
 20
0.0
450
        0
451
        0
460
0.0
461
0.0
452
        0
462
0.0
453
        0
470

  0
SPLINE
  5
182
330
79
100
AcDbEntity
  8
Layer 1
100
AcDbSpline
210
0.0
220
0.0
230
1.0
 70
     9
 71
     3
 72
    14
 73
    10
 74
     0
 42
0.0000000001
 43
0.0000000001
 40
0.0
 40
0.0
 40
0.0
 40
0.0
 40
1.0
 40
1.0
 40
1.0
 40
2.0
 40
2.0
 40
2.0
 40
3.0
 40
3.0
 40
3.0
 40
3.0
 10
0.6541666764145095
 20
2.394444480124446
 30
0.0
 10
0.6541666764145095
 20
2.379166702119012
 30
0.0
 10
0.6583333431432644
 20
2.375000035390257
 30
0.0
 10
0.6625000098720193
 20
2.386111146666937
 30
0.0
 10
0.666666676600774
 20
2.395833369034031
 30
0.0
 10
0.6652777876911892
 20
2.408333369220296
 30
0.0
 10
0.6611111209624343
 20
2.412500035949051
 30
0.0
 10
0.6569444542336794
 20
2.41805559158739
 30
0.0
 10
0.6527777875049247
 20
2.409722258129881
 30
0.0
 10
0.6541666764145095
 20
2.394444480124446
 30
0.0
  0
HATCH
  5
183
330
79
100
AcDbEntity
  8
Layer 1
 62
    18
420
        0
440
 33554687
100
AcDbHatch
 10
0.0
 20
0.0
 30
0.0
210
0.0
220
0.0
230
1.0
  2
SOLID
 70
     1
 71
     1
 91
        1
 92
        1
 93
        1
 72
     4
 94
        3
 73
     0
 74
     0
 95
       14
 96
       10
 40
0.0
 40
0.0
 40
0.0
 40
0.0
 40
1.0
 40
1.0
 40
1.0
 40
2.0
 40
2.0
 40
2.0
 40
3.0
 40
3.0
 40
3.0
 40
3.0
 10
0.6541666764145095
 20
2.394444480124446
 10
0.6541666764145095
 20
2.379166702119012
 10
0.6583333431432644
 20
2.375000035390257
 10
0.6625000098720193
 20
2.386111146666937
 10
0.666666676600774
 20
2.395833369034031
 10
0.6652777876911892
 20
2.408333369220296
 10
0.6611111209624343
 20
2.412500035949051
 10
0.6569444542336794
 20
2.41805559158739
 10
0.6527777875049247
 20
2.409722258129881
 10
0.6541666764145095
 20
2.394444480124446
 97
        0
 97
        1
330
182
 75
     2
 76
     1
 98
        1
 10
0.0
 20
0.0
450
        0
451
        0
460
0.0
461
0.0
452
        0
462
0.0
453
        0
470

  0
SPLINE
  5
184
330
79
100
AcDbEntity
  8
Layer 1
100
AcDbSpline
210
0.0
220
0.0
230
1.0
 70
     9
 71
     3
 72
    35
 73
    31
 74
     0
 42
0.0000000001
 43
0.0000000001
 40
0.0
 40
0.0
 40
0.0
 40
0.0
 40
1.0
 40
1.0
 40
1.0
 40
2.0
 40
2.0
 40
2.0
 40
3.0
 40
3.0
 40
3.0
 40
4.0
 40
4.0
 40
4.0
 40
5.0
 40
5.0
 40
5.0
 40
6.0
 40
6.0
 40
6.0
 40
7.0
 40
7.0
 40
7.0
 40
8.0
 40
8.0
 40
8.0
 40
9.0
 40
9.0
 40
9.0
 40
10.0
 40
10.0
 40
10.0
 40
10.0
 10
2.216666699697573
 20
2.330555590283539
 30
0.0
 10
2.212500032968819
 20
2.312500034458935
 30
0.0
 10
2.206944477330479
 20
2.131944476212892
 30
0.0
 10
2.204166699511309
 20
1.92916669541349
 30
0.0
 10
2.204166699511309
 20
1.92916669541349
 30
0.0
 10
2.198611143872969
 20
1.558333356554309
 30
0.0
 10
2.198611143872969
 20
1.558333356554309
 30
0.0
 10
2.198611143872969
 20
1.558333356554309
 30
0.0
 10
2.304166701001425
 20
1.53611113400095
 30
0.0
 10
2.304166701001425
 20
1.53611113400095
 30
0.0
 10
2.440277814140749
 20
1.505555577990081
 30
0.0
 10
2.688888928956455
 20
1.488888911075062
 30
0.0
 10
2.675000039860606
 20
1.511111133628421
 30
0.0
 10
2.669444484222266
 20
1.519444467085931
 30
0.0
 10
2.627777816934717
 20
1.526388911633855
 30
0.0
 10
2.579166705099244
 20
1.52777780054344
 30
0.0
 10
2.531944482173356
 20
1.52777780054344
 30
0.0
 10
2.475000036880373
 20
1.53055557836261
 30
0.0
 10
2.451388925417429
 20
1.53333335618178
 30
0.0
 10
2.356944479565653
 20
1.545833356368044
 30
0.0
 10
2.2972222564535
 20
1.556944467644724
 30
0.0
 10
2.263888922623462
 20
1.570833356740573
 30
0.0
 10
2.263888922623462
 20
1.570833356740573
 30
0.0
 10
2.229166699883838
 20
1.583333356926838
 30
0.0
 10
2.229166699883838
 20
1.583333356926838
 30
0.0
 10
2.229166699883838
 20
1.583333356926838
 30
0.0
 10
2.233333366612593
 20
1.972222251610623
 30
0.0
 10
2.233333366612593
 20
1.972222251610623
 30
0.0
 10
2.236111144431763
 20
2.331944479193124
 30
0.0
 10
2.233333366612593
 20
2.409722258129881
 30
0.0
 10
2.216666699697573
 20
2.330555590283539
 30
0.0
  0
HATCH
  5
185
330
79
100
AcDbEntity
  8
Layer 1
 62
    18
420
        0
440
 33554687
100
AcDbHatch
 10
0.0
 20
0.0
 30
0.0
210
0.0
220
0.0
230
1.0
  2
SOLID
 70
     1
 71
     1
 91
        1
 92
        1
 93
        1
 72
     4
 94
        3
 73
     0
 74
     0
 95
       35
 96
       31
 40
0.0
 40
0.0
 40
0.0
 40
0.0
 40
1.0
 40
1.0
 40
1.0
 40
2.0
 40
2.0
 40
2.0
 40
3.0
 40
3.0
 40
3.0
 40
4.0
 40
4.0
 40
4.0
 40
5.0
 40
5.0
 40
5.0
 40
6.0
 40
6.0
 40
6.0
 40
7.0
 40
7.0
 40
7.0
 40
8.0
 40
8.0
 40
8.0
 40
9.0
 40
9.0
 40
9.0
 40
10.0
 40
10.0
 40
10.0
 40
10.0
 10
2.216666699697573
 20
2.330555590283539
 10
2.212500032968819
 20
2.312500034458935
 10
2.206944477330479
 20
2.131944476212892
 10
2.204166699511309
 20
1.92916669541349
 10
2.204166699511309
 20
1.92916669541349
 10
2.198611143872969
 20
1.558333356554309
 10
2.198611143872969
 20
1.558333356554309
 10
2.198611143872969
 20
1.558333356554309
 10
2.304166701001425
 20
1.53611113400095
 10
2.304166701001425
 20
1.53611113400095
 10
2.440277814140749
 20
1.505555577990081
 10
2.688888928956455
 20
1.488888911075062
 10
2.675000039860606
 20
1.511111133628421
 10
2.669444484222266
 20
1.519444467085931
 10
2.627777816934717
 20
1.526388911633855
 10
2.579166705099244
 20
1.52777780054344
 10
2.531944482173356
 20
1.52777780054344
 10
2.475000036880373
 20
1.53055557836261
 10
2.451388925417429
 20
1.53333335618178
 10
2.356944479565653
 20
1.545833356368044
 10
2.2972222564535
 20
1.556944467644724
 10
2.263888922623462
 20
1.570833356740573
 10
2.263888922623462
 20
1.570833356740573
 10
2.229166699883838
 20
1.583333356926838
 10
2.229166699883838
 20
1.583333356926838
 10
2.229166699883838
 20
1.583333356926838
 10
2.233333366612593
 20
1.972222251610623
 10
2.233333366612593
 20
1.972222251610623
 10
2.236111144431763
 20
2.331944479193124
 10
2.233333366612593
 20
2.409722258129881
 10
2.216666699697573
 20
2.330555590283539
 97
        0
 97
        1
330
184
 75
     2
 76
     1
 98
        1
 10
0.0
 20
0.0
450
        0
451
        0
460
0.0
461
0.0
452
        0
462
0.0
453
        0
470

  0
SPLINE
  5
186
330
79
100
AcDbEntity
  8
Layer 1
100
AcDbSpline
210
0.0
220
0.0
230
1.0
 70
     9
 71
     3
 72
    14
 73
    10
 74
     0
 42
0.0000000001
 43
0.0000000001
 40
0.0
 40
0.0
 40
0.0
 40
0.0
 40
1.0
 40
1.0
 40
1.0
 40
2.0
 40
2.0
 40
2.0
 40
3.0
 40
3.0
 40
3.0
 40
3.0
 10
1.972222251610623
 20
1.952777806876434
 30
0.0
 10
1.972222251610623
 20
1.950000029057264
 30
0.0
 10
1.981944473977717
 20
1.940277806690169
 30
0.0
 10
1.993055585254397
 20
1.930555584323075
 30
0.0
 10
2.011111141079001
 20
1.91527780631764
 30
0.0
 10
2.012500029988586
 20
1.916666695227225
 30
0.0
 10
2.005555585440661
 20
1.936111139961414
 30
0.0
 10
1.998611140892737
 20
1.955555584695604
 30
0.0
 10
1.972222251610623
 20
1.968055584881868
 30
0.0
 10
1.972222251610623
 20
1.952777806876434
 30
0.0
  0
HATCH
  5
187
330
79
100
AcDbEntity
  8
Layer 1
 62
    18
420
        0
440
 33554687
100
AcDbHatch
 10
0.0
 20
0.0
 30
0.0
210
0.0
220
0.0
230
1.0
  2
SOLID
 70
     1
 71
     1
 91
        1
 92
        1
 93
        1
 72
     4
 94
        3
 73
     0
 74
     0
 95
       14
 96
       10
 40
0.0
 40
0.0
 40
0.0
 40
0.0
 40
1.0
 40
1.0
 40
1.0
 40
2.0
 40
2.0
 40
2.0
 40
3.0
 40
3.0
 40
3.0
 40
3.0
 10
1.972222251610623
 20
1.952777806876434
 10
1.972222251610623
 20
1.950000029057264
 10
1.981944473977717
 20
1.940277806690169
 10
1.993055585254397
 20
1.930555584323075
 10
2.011111141079001
 20
1.91527780631764
 10
2.012500029988586
 20
1.916666695227225
 10
2.005555585440661
 20
1.936111139961414
 10
1.998611140892737
 20
1.955555584695604
 10
1.972222251610623
 20
1.968055584881868
 10
1.972222251610623
 20
1.952777806876434
 97
        0
 97
        1
330
186
 75
     2
 76
     1
 98
        1
 10
0.0
 20
0.0
450
        0
451
        0
460
0.0
461
0.0
452
        0
462
0.0
453
        0
470

  0
SPLINE
  5
188
330
79
100
AcDbEntity
  8
Layer 1
100
AcDbSpline
210
0.0
220
0.0
230
1.0
 70
     9
 71
     3
 72
    23
 73
    19
 74
     0
 42
0.0000000001
 43
0.0000000001
 40
0.0
 40
0.0
 40
0.0
 40
0.0
 40
1.0
 40
1.0
 40
1.0
 40
2.0
 40
2.0
 40
2.0
 40
3.0
 40
3.0
 40
3.0
 40
4.0
 40
4.0
 40
4.0
 40
5.0
 40
5.0
 40
5.0
 40
6.0
 40
6.0
 40
6.0
 40
6.0
 10
2.034722252541945
 20
1.90416669504096
 30
0.0
 10
2.03055558581319
 20
1.895833361583451
 30
0.0
 10
2.034722252541945
 20
1.888888917035526
 30
0.0
 10
2.045833363818625
 20
1.888888917035526
 30
0.0
 10
2.056944475095304
 20
1.888888917035526
 30
0.0
 10
2.073611142010324
 20
1.879166694668431
 30
0.0
 10
2.083333364377419
 20
1.866666694482167
 30
0.0
 10
2.094444475654098
 20
1.855555583205488
 30
0.0
 10
2.115277809297873
 20
1.838888916290468
 30
0.0
 10
2.130555587303307
 20
1.830555582832958
 30
0.0
 10
2.130555587303307
 20
1.830555582832958
 30
0.0
 10
2.159722254404591
 20
1.816666693737109
 30
0.0
 10
2.159722254404591
 20
1.816666693737109
 30
0.0
 10
2.159722254404591
 20
1.816666693737109
 30
0.0
 10
2.131944476212892
 20
1.841666694109638
 30
0.0
 10
2.131944476212892
 20
1.841666694109638
 30
0.0
 10
2.058333364004889
 20
1.9097222506793
 30
0.0
 10
2.04444447490904
 20
1.91805558413681
 30
0.0
 10
2.034722252541945
 20
1.90416669504096
 30
0.0
  0
HATCH
  5
189
330
79
100
AcDbEntity
  8
Layer 1
 62
    18
420
        0
440
 33554687
100
AcDbHatch
 10
0.0
 20
0.0
 30
0.0
210
0.0
220
0.0
230
1.0
  2
SOLID
 70
     1
 71
     1
 91
        1
 92
        1
 93
        1
 72
     4
 94
        3
 73
     0
 74
     0
 95
       23
 96
       19
 40
0.0
 40
0.0
 40
0.0
 40
0.0
 40
1.0
 40
1.0
 40
1.0
 40
2.0
 40
2.0
 40
2.0
 40
3.0
 40
3.0
 40
3.0
 40
4.0
 40
4.0
 40
4.0
 40
5.0
 40
5.0
 40
5.0
 40
6.0
 40
6.0
 40
6.0
 40
6.0
 10
2.034722252541945
 20
1.90416669504096
 10
2.03055558581319
 20
1.895833361583451
 10
2.034722252541945
 20
1.888888917035526
 10
2.045833363818625
 20
1.888888917035526
 10
2.056944475095304
 20
1.888888917035526
 10
2.073611142010324
 20
1.879166694668431
 10
2.083333364377419
 20
1.866666694482167
 10
2.094444475654098
 20
1.855555583205488
 10
2.115277809297873
 20
1.838888916290468
 10
2.130555587303307
 20
1.830555582832958
 10
2.130555587303307
 20
1.830555582832958
 10
2.159722254404591
 20
1.816666693737109
 10
2.159722254404591
 20
1.816666693737109
 10
2.159722254404591
 20
1.816666693737109
 10
2.131944476212892
 20
1.841666694109638
 10
2.131944476212892
 20
1.841666694109638
 10
2.058333364004889
 20
1.9097222506793
 10
2.04444447490904
 20
1.91805558413681
 10
2.034722252541945
 20
1.90416669504096
 97
        0
 97
        1
330
188
 75
     2
 76
     1
 98
        1
 10
0.0
 20
0.0
450
        0
451
        0
460
0.0
461
0.0
452
        0
462
0.0
453
        0
470

  0
SPLINE
  5
18A
330
79
100
AcDbEntity
  8
Layer 1
100
AcDbSpline
210
0.0
220
0.0
230
1.0
 70
     9
 71
     3
 72
    14
 73
    10
 74
     0
 42
0.0000000001
 43
0.0000000001
 40
0.0
 40
0.0
 40
0.0
 40
0.0
 40
1.0
 40
1.0
 40
1.0
 40
2.0
 40
2.0
 40
2.0
 40
3.0
 40
3.0
 40
3.0
 40
3.0
 10
0.8611111239426666
 20
1.862500027753412
 30
0.0
 10
0.8611111239426666
 20
1.854166694295902
 30
0.0
 10
0.8666666795810062
 20
1.844444471928808
 30
0.0
 10
0.875000013038516
 20
1.840277805200053
 30
0.0
 10
0.8833333464960256
 20
1.836111138471298
 30
0.0
 10
0.8847222354056105
 20
1.841666694109638
 30
0.0
 10
0.8805555686768558
 20
1.852777805386318
 30
0.0
 10
0.8708333463097611
 20
1.877777805758847
 30
0.0
 10
0.8611111239426666
 20
1.881944472487601
 30
0.0
 10
0.8611111239426666
 20
1.862500027753412
 30
0.0
  0
HATCH
  5
18B
330
79
100
AcDbEntity
  8
Layer 1
 62
    18
420
        0
440
 33554687
100
AcDbHatch
 10
0.0
 20
0.0
 30
0.0
210
0.0
220
0.0
230
1.0
  2
SOLID
 70
     1
 71
     1
 91
        1
 92
        1
 93
        1
 72
     4
 94
        3
 73
     0
 74
     0
 95
       14
 96
       10
 40
0.0
 40
0.0
 40
0.0
 40
0.0
 40
1.0
 40
1.0
 40
1.0
 40
2.0
 40
2.0
 40
2.0
 40
3.0
 40
3.0
 40
3.0
 40
3.0
 10
0.8611111239426666
 20
1.862500027753412
 10
0.8611111239426666
 20
1.854166694295902
 10
0.8666666795810062
 20
1.844444471928808
 10
0.875000013038516
 20
1.840277805200053
 10
0.8833333464960256
 20
1.836111138471298
 10
0.8847222354056105
 20
1.841666694109638
 10
0.8805555686768558
 20
1.852777805386318
 10
0.8708333463097611
 20
1.877777805758847
 10
0.8611111239426666
 20
1.881944472487601
 10
0.8611111239426666
 20
1.862500027753412
 97
        0
 97
        1
330
18A
 75
     2
 76
     1
 98
        1
 10
0.0
 20
0.0
450
        0
451
        0
460
0.0
461
0.0
452
        0
462
0.0
453
        0
470

  0
SPLINE
  5
18C
330
79
100
AcDbEntity
  8
Layer 1
100
AcDbSpline
210
0.0
220
0.0
230
1.0
 70
     9
 71
     3
 72
    23
 73
    19
 74
     0
 42
0.0000000001
 43
0.0000000001
 40
0.0
 40
0.0
 40
0.0
 40
0.0
 40
1.0
 40
1.0
 40
1.0
 40
2.0
 40
2.0
 40
2.0
 40
3.0
 40
3.0
 40
3.0
 40
4.0
 40
4.0
 40
4.0
 40
5.0
 40
5.0
 40
5.0
 40
6.0
 40
6.0
 40
6.0
 40
6.0
 10
2.875000042840838
 20
1.870833361210922
 30
0.0
 10
2.875000042840838
 20
1.866666694482167
 30
0.0
 10
2.884722265207932
 20
1.841666694109638
 30
0.0
 10
2.895833376484612
 20
1.815277804827524
 30
0.0
 10
2.906944487761291
 20
1.787500026635825
 30
0.0
 10
2.913888932309216
 20
1.756944470624956
 30
0.0
 10
2.911111154490047
 20
1.747222248257862
 30
0.0
 10
2.902777821032536
 20
1.720833358975748
 30
0.0
 10
2.887500043027102
 20
1.340277797749472
 30
0.0
 10
2.894444487575027
 20
1.348611131206982
 30
0.0
 10
2.898611154303782
 20
1.351388909026152
 30
0.0
 10
2.908333376670876
 20
1.444444465968343
 30
0.0
 10
2.916666710128386
 20
1.554166689825554
 30
0.0
 10
2.930555599224236
 20
1.750000026077032
 30
0.0
 10
2.922222265766726
 20
1.847222249747978
 30
0.0
 10
2.888888931936687
 20
1.868055583391752
 30
0.0
 10
2.880555598479178
 20
1.872222250120507
 30
0.0
 10
2.875000042840838
 20
1.873611139030092
 30
0.0
 10
2.875000042840838
 20
1.870833361210922
 30
0.0
  0
HATCH
  5
18D
330
79
100
AcDbEntity
  8
Layer 1
 62
    18
420
        0
440
 33554687
100
AcDbHatch
 10
0.0
 20
0.0
 30
0.0
210
0.0
220
0.0
230
1.0
  2
SOLID
 70
     1
 71
     1
 91
        1
 92
        1
 93
        1
 72
     4
 94
        3
 73
     0
 74
     0
 95
       23
 96
       19
 40
0.0
 40
0.0
 40
0.0
 40
0.0
 40
1.0
 40
1.0
 40
1.0
 40
2.0
 40
2.0
 40
2.0
 40
3.0
 40
3.0
 40
3.0
 40
4.0
 40
4.0
 40
4.0
 40
5.0
 40
5.0
 40
5.0
 40
6.0
 40
6.0
 40
6.0
 40
6.0
 10
2.875000042840838
 20
1.870833361210922
 10
2.875000042840838
 20
1.866666694482167
 10
2.884722265207932
 20
1.841666694109638
 10
2.895833376484612
 20
1.815277804827524
 10
2.906944487761291
 20
1.787500026635825
 10
2.913888932309216
 20
1.756944470624956
 10
2.911111154490047
 20
1.747222248257862
 10
2.902777821032536
 20
1.720833358975748
 10
2.887500043027102
 20
1.340277797749472
 10
2.894444487575027
 20
1.348611131206982
 10
2.898611154303782
 20
1.351388909026152
 10
2.908333376670876
 20
1.444444465968343
 10
2.916666710128386
 20
1.554166689825554
 10
2.930555599224236
 20
1.750000026077032
 10
2.922222265766726
 20
1.847222249747978
 10
2.888888931936687
 20
1.868055583391752
 10
2.880555598479178
 20
1.872222250120507
 10
2.875000042840838
 20
1.873611139030092
 10
2.875000042840838
 20
1.870833361210922
 97
        0
 97
        1
330
18C
 75
     2
 76
     1
 98
        1
 10
0.0
 20
0.0
450
        0
451
        0
460
0.0
461
0.0
452
        0
462
0.0
453
        0
470

  0
SPLINE
  5
18E
330
79
100
AcDbEntity
  8
Layer 1
100
AcDbSpline
210
0.0
220
0.0
230
1.0
 70
     9
 71
     3
 72
    17
 73
    13
 74
     0
 42
0.0000000001
 43
0.0000000001
 40
0.0
 40
0.0
 40
0.0
 40
0.0
 40
1.0
 40
1.0
 40
1.0
 40
2.0
 40
2.0
 40
2.0
 40
3.0
 40
3.0
 40
3.0
 40
4.0
 40
4.0
 40
4.0
 40
4.0
 10
2.197222254963384
 20
1.287500019185245
 30
0.0
 10
2.195833366053799
 20
1.15138890604592
 30
0.0
 10
2.191666699325044
 20
1.034722237640784
 30
0.0
 10
2.18750003259629
 20
1.027777793092859
 30
0.0
 10
2.183333365867535
 20
1.020833348544935
 30
0.0
 10
2.186111143686705
 20
1.012500015087425
 30
0.0
 10
2.193055588234629
 20
1.00833334835867
 30
0.0
 10
2.208333366240064
 20
0.9986111259915762
 30
0.0
 10
2.219444477516743
 20
1.326388908653623
 30
0.0
 10
2.208333366240064
 20
1.451388910516268
 30
0.0
 10
2.202777810601724
 20
1.498611133442156
 30
0.0
 10
2.198611143872969
 20
1.427777799053324
 30
0.0
 10
2.197222254963384
 20
1.287500019185245
 30
0.0
  0
HATCH
  5
18F
330
79
100
AcDbEntity
  8
Layer 1
 62
    18
420
        0
440
 33554687
100
AcDbHatch
 10
0.0
 20
0.0
 30
0.0
210
0.0
220
0.0
230
1.0
  2
SOLID
 70
     1
 71
     1
 91
        1
 92
        1
 93
        1
 72
     4
 94
        3
 73
     0
 74
     0
 95
       17
 96
       13
 40
0.0
 40
0.0
 40
0.0
 40
0.0
 40
1.0
 40
1.0
 40
1.0
 40
2.0
 40
2.0
 40
2.0
 40
3.0
 40
3.0
 40
3.0
 40
4.0
 40
4.0
 40
4.0
 40
4.0
 10
2.197222254963384
 20
1.287500019185245
 10
2.195833366053799
 20
1.15138890604592
 10
2.191666699325044
 20
1.034722237640784
 10
2.18750003259629
 20
1.027777793092859
 10
2.183333365867535
 20
1.020833348544935
 10
2.186111143686705
 20
1.012500015087425
 10
2.193055588234629
 20
1.00833334835867
 10
2.208333366240064
 20
0.9986111259915762
 10
2.219444477516743
 20
1.326388908653623
 10
2.208333366240064
 20
1.451388910516268
 10
2.202777810601724
 20
1.498611133442156
 10
2.198611143872969
 20
1.427777799053324
 10
2.197222254963384
 20
1.287500019185245
 97
        0
 97
        1
330
18E
 75
     2
 76
     1
 98
        1
 10
0.0
 20
0.0
450
        0
451
        0
460
0.0
461
0.0
452
        0
462
0.0
453
        0
470

  0
SPLINE
  5
190
330
79
100
AcDbEntity
  8
Layer 1
100
AcDbSpline
210
0.0
220
0.0
230
1.0
 70
     9
 71
     3
 72
    14
 73
    10
 74
     0
 42
0.0000000001
 43
0.0000000001
 40
0.0
 40
0.0
 40
0.0
 40
0.0
 40
1.0
 40
1.0
 40
1.0
 40
2.0
 40
2.0
 40
2.0
 40
3.0
 40
3.0
 40
3.0
 40
3.0
 10
4.051388949259287
 20
1.456944466154608
 30
0.0
 10
4.061111171626381
 20
1.447222243787513
 30
0.0
 10
4.072222282903061
 20
1.443055577058759
 30
0.0
 10
4.076388949631816
 20
1.447222243787513
 30
0.0
 10
4.080555616360571
 20
1.451388910516268
 30
0.0
 10
4.073611171812646
 20
1.459722243973778
 30
0.0
 10
4.059722282716797
 20
1.463888910702532
 30
0.0
 10
4.040277837982608
 20
1.472222244160042
 30
0.0
 10
4.038888949073022
 20
1.470833355250457
 30
0.0
 10
4.051388949259287
 20
1.456944466154608
 30
0.0
  0
HATCH
  5
191
330
79
100
AcDbEntity
  8
Layer 1
 62
    18
420
        0
440
 33554687
100
AcDbHatch
 10
0.0
 20
0.0
 30
0.0
210
0.0
220
0.0
230
1.0
  2
SOLID
 70
     1
 71
     1
 91
        1
 92
        1
 93
        1
 72
     4
 94
        3
 73
     0
 74
     0
 95
       14
 96
       10
 40
0.0
 40
0.0
 40
0.0
 40
0.0
 40
1.0
 40
1.0
 40
1.0
 40
2.0
 40
2.0
 40
2.0
 40
3.0
 40
3.0
 40
3.0
 40
3.0
 10
4.051388949259287
 20
1.456944466154608
 10
4.061111171626381
 20
1.447222243787513
 10
4.072222282903061
 20
1.443055577058759
 10
4.076388949631816
 20
1.447222243787513
 10
4.080555616360571
 20
1.451388910516268
 10
4.073611171812646
 20
1.459722243973778
 10
4.059722282716797
 20
1.463888910702532
 10
4.040277837982608
 20
1.472222244160042
 10
4.038888949073022
 20
1.470833355250457
 10
4.051388949259287
 20
1.456944466154608
 97
        0
 97
        1
330
190
 75
     2
 76
     1
 98
        1
 10
0.0
 20
0.0
450
        0
451
        0
460
0.0
461
0.0
452
        0
462
0.0
453
        0
470

  0
SPLINE
  5
192
330
79
100
AcDbEntity
  8
Layer 1
100
AcDbSpline
210
0.0
220
0.0
230
1.0
 70
    11
 71
     3
 72
    14
 73
    10
 74
     0
 42
0.0000000001
 43
0.0000000001
 40
0.0
 40
0.0
 40
0.0
 40
0.0
 40
1.0
 40
1.0
 40
1.0
 40
2.0
 40
2.0
 40
2.0
 40
3.0
 40
3.0
 40
3.0
 40
3.0
 10
1.188888906604713
 20
1.413888909957474
 30
0.0
 10
1.193055573333468
 20
1.40694446540955
 30
0.0
 10
1.202777795700563
 20
1.405555576499965
 30
0.0
 10
1.209722240248487
 20
1.40972224322872
 30
0.0
 10
1.227777796073092
 20
1.422222243414984
 30
0.0
 10
1.225000018253922
 20
1.426388910143739
 30
0.0
 10
1.201388906790978
 20
1.426388910143739
 30
0.0
 10
1.190277795514298
 20
1.426388910143739
 30
0.0
 10
1.184722239875958
 20
1.420833354505399
 30
0.0
 10
1.188888906604713
 20
1.413888909957474
 30
0.0
  0
HATCH
  5
193
330
79
100
AcDbEntity
  8
Layer 1
 62
    18
420
        0
440
 33554687
100
AcDbHatch
 10
0.0
 20
0.0
 30
0.0
210
0.0
220
0.0
230
1.0
  2
SOLID
 70
     1
 71
     1
 91
        1
 92
        1
 93
        1
 72
     4
 94
        3
 73
     0
 74
     0
 95
       14
 96
       10
 40
0.0
 40
0.0
 40
0.0
 40
0.0
 40
1.0
 40
1.0
 40
1.0
 40
2.0
 40
2.0
 40
2.0
 40
3.0
 40
3.0
 40
3.0
 40
3.0
 10
1.188888906604713
 20
1.413888909957474
 10
1.193055573333468
 20
1.40694446540955
 10
1.202777795700563
 20
1.405555576499965
 10
1.209722240248487
 20
1.40972224322872
 10
1.227777796073092
 20
1.422222243414984
 10
1.225000018253922
 20
1.426388910143739
 10
1.201388906790978
 20
1.426388910143739
 10
1.190277795514298
 20
1.426388910143739
 10
1.184722239875958
 20
1.420833354505399
 10
1.188888906604713
 20
1.413888909957474
 97
        0
 97
        1
330
192
 75
     2
 76
     1
 98
        1
 10
0.0
 20
0.0
450
        0
451
        0
460
0.0
461
0.0
452
        0
462
0.0
453
        0
470

  0
SPLINE
  5
194
330
79
100
AcDbEntity
  8
Layer 1
100
AcDbSpline
210
0.0
220
0.0
230
1.0
 70
     9
 71
     3
 72
    17
 73
    13
 74
     0
 42
0.0000000001
 43
0.0000000001
 40
0.0
 40
0.0
 40
0.0
 40
0.0
 40
1.0
 40
1.0
 40
1.0
 40
2.0
 40
2.0
 40
2.0
 40
3.0
 40
3.0
 40
3.0
 40
4.0
 40
4.0
 40
4.0
 40
4.0
 10
2.886111154117518
 20
1.298611130461924
 30
0.0
 10
2.888888931936687
 20
1.279166685727735
 30
0.0
 10
2.894444487575027
 20
1.2638889077223
 30
0.0
 10
2.897222265394197
 20
1.2638889077223
 30
0.0
 10
2.900000043213367
 20
1.2638889077223
 30
0.0
 10
2.902777821032536
 20
1.279166685727735
 30
0.0
 10
2.902777821032536
 20
1.298611130461924
 30
0.0
 10
2.902777821032536
 20
1.318055575196113
 30
0.0
 10
2.897222265394197
 20
1.333333353201548
 30
0.0
 10
2.890277820846272
 20
1.333333353201548
 30
0.0
 10
2.884722265207932
 20
1.333333353201548
 30
0.0
 10
2.881944487388762
 20
1.318055575196113
 30
0.0
 10
2.886111154117518
 20
1.298611130461924
 30
0.0
  0
HATCH
  5
195
330
79
100
AcDbEntity
  8
Layer 1
 62
    18
420
        0
440
 33554687
100
AcDbHatch
 10
0.0
 20
0.0
 30
0.0
210
0.0
220
0.0
230
1.0
  2
SOLID
 70
     1
 71
     1
 91
        1
 92
        1
 93
        1
 72
     4
 94
        3
 73
     0
 74
     0
 95
       17
 96
       13
 40
0.0
 40
0.0
 40
0.0
 40
0.0
 40
1.0
 40
1.0
 40
1.0
 40
2.0
 40
2.0
 40
2.0
 40
3.0
 40
3.0
 40
3.0
 40
4.0
 40
4.0
 40
4.0
 40
4.0
 10
2.886111154117518
 20
1.298611130461924
 10
2.888888931936687
 20
1.279166685727735
 10
2.894444487575027
 20
1.2638889077223
 10
2.897222265394197
 20
1.2638889077223
 10
2.900000043213367
 20
1.2638889077223
 10
2.902777821032536
 20
1.279166685727735
 10
2.902777821032536
 20
1.298611130461924
 10
2.902777821032536
 20
1.318055575196113
 10
2.897222265394197
 20
1.333333353201548
 10
2.890277820846272
 20
1.333333353201548
 10
2.884722265207932
 20
1.333333353201548
 10
2.881944487388762
 20
1.318055575196113
 10
2.886111154117518
 20
1.298611130461924
 97
        0
 97
        1
330
194
 75
     2
 76
     1
 98
        1
 10
0.0
 20
0.0
450
        0
451
        0
460
0.0
461
0.0
452
        0
462
0.0
453
        0
470

  0
SPLINE
  5
196
330
79
100
AcDbEntity
  8
Layer 1
100
AcDbSpline
210
0.0
220
0.0
230
1.0
 70
     9
 71
     3
 72
    32
 73
    28
 74
     0
 42
0.0000000001
 43
0.0000000001
 40
0.0
 40
0.0
 40
0.0
 40
0.0
 40
1.0
 40
1.0
 40
1.0
 40
2.0
 40
2.0
 40
2.0
 40
3.0
 40
3.0
 40
3.0
 40
4.0
 40
4.0
 40
4.0
 40
5.0
 40
5.0
 40
5.0
 40
6.0
 40
6.0
 40
6.0
 40
7.0
 40
7.0
 40
7.0
 40
8.0
 40
8.0
 40
8.0
 40
9.0
 40
9.0
 40
9.0
 40
9.0
 10
2.876388931750423
 20
1.201388906790978
 30
0.0
 10
2.872222265021668
 20
1.125000016763806
 30
0.0
 10
2.830555597734119
 20
1.0055555705395
 30
0.0
 10
2.80833337518076
 20
1.01111112617784
 30
0.0
 10
2.797222263904081
 20
1.012500015087425
 30
0.0
 10
2.793055597175326
 20
1.00833334835867
 30
0.0
 10
2.797222263904081
 20
1.001388903810746
 30
0.0
 10
2.801388930632836
 20
0.9944444592628213
 30
0.0
 10
2.795833374994496
 20
0.9847222368957266
 30
0.0
 10
2.783333374808231
 20
0.9805555701669719
 30
0.0
 10
2.752777818797362
 20
0.9694444588902923
 30
0.0
 10
2.747222263159023
 20
0.9694444588902923
 30
0.0
 10
2.756944485526117
 20
0.9861111258053117
 30
0.0
 10
2.761111152254872
 20
0.9944444592628213
 30
0.0
 10
2.755555596616532
 20
0.9958333481724062
 30
0.0
 10
2.744444485339853
 20
0.9916666814436513
 30
0.0
 10
2.711111151509814
 20
0.9791666812573868
 30
0.0
 10
2.718055596057739
 20
0.9652777921615374
 30
0.0
 10
2.758333374435702
 20
0.9611111254327827
 30
0.0
 10
2.781944485898646
 20
0.9597222365231976
 30
0.0
 10
2.806944486271175
 20
0.9708333477998772
 30
0.0
 10
2.826388931005365
 20
0.9916666814436513
 30
0.0
 10
2.859722264835403
 20
1.027777793092859
 30
0.0
 10
2.895833376484612
 20
1.168055572960939
 30
0.0
 10
2.884722265207932
 20
1.223611129344337
 30
0.0
 10
2.880555598479178
 20
1.245833351897696
 30
0.0
 10
2.877777820660007
 20
1.240277796259356
 30
0.0
 10
2.876388931750423
 20
1.201388906790978
 30
0.0
  0
HATCH
  5
197
330
79
100
AcDbEntity
  8
Layer 1
 62
    18
420
        0
440
 33554687
100
AcDbHatch
 10
0.0
 20
0.0
 30
0.0
210
0.0
220
0.0
230
1.0
  2
SOLID
 70
     1
 71
     1
 91
        1
 92
        1
 93
        1
 72
     4
 94
        3
 73
     0
 74
     0
 95
       32
 96
       28
 40
0.0
 40
0.0
 40
0.0
 40
0.0
 40
1.0
 40
1.0
 40
1.0
 40
2.0
 40
2.0
 40
2.0
 40
3.0
 40
3.0
 40
3.0
 40
4.0
 40
4.0
 40
4.0
 40
5.0
 40
5.0
 40
5.0
 40
6.0
 40
6.0
 40
6.0
 40
7.0
 40
7.0
 40
7.0
 40
8.0
 40
8.0
 40
8.0
 40
9.0
 40
9.0
 40
9.0
 40
9.0
 10
2.876388931750423
 20
1.201388906790978
 10
2.872222265021668
 20
1.125000016763806
 10
2.830555597734119
 20
1.0055555705395
 10
2.80833337518076
 20
1.01111112617784
 10
2.797222263904081
 20
1.012500015087425
 10
2.793055597175326
 20
1.00833334835867
 10
2.797222263904081
 20
1.001388903810746
 10
2.801388930632836
 20
0.9944444592628213
 10
2.795833374994496
 20
0.9847222368957266
 10
2.783333374808231
 20
0.9805555701669719
 10
2.752777818797362
 20
0.9694444588902923
 10
2.747222263159023
 20
0.9694444588902923
 10
2.756944485526117
 20
0.9861111258053117
 10
2.761111152254872
 20
0.9944444592628213
 10
2.755555596616532
 20
0.9958333481724062
 10
2.744444485339853
 20
0.9916666814436513
 10
2.711111151509814
 20
0.9791666812573868
 10
2.718055596057739
 20
0.9652777921615374
 10
2.758333374435702
 20
0.9611111254327827
 10
2.781944485898646
 20
0.9597222365231976
 10
2.806944486271175
 20
0.9708333477998772
 10
2.826388931005365
 20
0.9916666814436513
 10
2.859722264835403
 20
1.027777793092859
 10
2.895833376484612
 20
1.168055572960939
 10
2.884722265207932
 20
1.223611129344337
 10
2.880555598479178
 20
1.245833351897696
 10
2.877777820660007
 20
1.240277796259356
 10
2.876388931750423
 20
1.201388906790978
 97
        0
 97
        1
330
196
 75
     2
 76
     1
 98
        1
 10
0.0
 20
0.0
450
        0
451
        0
460
0.0
461
0.0
452
        0
462
0.0
453
        0
470

  0
SPLINE
  5
198
330
79
100
AcDbEntity
  8
Layer 1
100
AcDbSpline
210
0.0
220
0.0
230
1.0
 70
     9
 71
     3
 72
    14
 73
    10
 74
     0
 42
0.0000000001
 43
0.0000000001
 40
0.0
 40
0.0
 40
0.0
 40
0.0
 40
1.0
 40
1.0
 40
1.0
 40
2.0
 40
2.0
 40
2.0
 40
3.0
 40
3.0
 40
3.0
 40
3.0
 10
2.17638892131961
 20
0.8875000132247805
 30
0.0
 10
2.18194447695795
 20
0.8694444574001762
 30
0.0
 10
2.18750003259629
 20
0.8625000128522515
 30
0.0
 10
2.191666699325044
 20
0.8736111241289311
 30
0.0
 10
2.194444477144214
 20
0.8833333464960256
 30
0.0
 10
2.19027781041546
 20
0.8986111245014601
 30
0.0
 10
2.183333365867535
 20
0.9055555690493848
 30
0.0
 10
2.172222254590855
 20
0.9166666803260643
 30
0.0
 10
2.17083336568127
 20
0.9111111246877246
 30
0.0
 10
2.17638892131961
 20
0.8875000132247805
 30
0.0
  0
HATCH
  5
199
330
79
100
AcDbEntity
  8
Layer 1
 62
    18
420
        0
440
 33554687
100
AcDbHatch
 10
0.0
 20
0.0
 30
0.0
210
0.0
220
0.0
230
1.0
  2
SOLID
 70
     1
 71
     1
 91
        1
 92
        1
 93
        1
 72
     4
 94
        3
 73
     0
 74
     0
 95
       14
 96
       10
 40
0.0
 40
0.0
 40
0.0
 40
0.0
 40
1.0
 40
1.0
 40
1.0
 40
2.0
 40
2.0
 40
2.0
 40
3.0
 40
3.0
 40
3.0
 40
3.0
 10
2.17638892131961
 20
0.8875000132247805
 10
2.18194447695795
 20
0.8694444574001762
 10
2.18750003259629
 20
0.8625000128522515
 10
2.191666699325044
 20
0.8736111241289311
 10
2.194444477144214
 20
0.8833333464960256
 10
2.19027781041546
 20
0.8986111245014601
 10
2.183333365867535
 20
0.9055555690493848
 10
2.172222254590855
 20
0.9166666803260643
 10
2.17083336568127
 20
0.9111111246877246
 10
2.17638892131961
 20
0.8875000132247805
 97
        0
 97
        1
330
198
 75
     2
 76
     1
 98
        1
 10
0.0
 20
0.0
450
        0
451
        0
460
0.0
461
0.0
452
        0
462
0.0
453
        0
470

  0
SPLINE
  5
19A
330
79
100
AcDbEntity
  8
Layer 1
100
AcDbSpline
210
0.0
220
0.0
230
1.0
 70
     9
 71
     3
 72
    14
 73
    10
 74
     0
 42
0.0000000001
 43
0.0000000001
 40
0.0
 40
0.0
 40
0.0
 40
0.0
 40
1.0
 40
1.0
 40
1.0
 40
2.0
 40
2.0
 40
2.0
 40
3.0
 40
3.0
 40
3.0
 40
3.0
 10
2.629166705844302
 20
0.5347222301902043
 30
0.0
 10
2.619444483477208
 20
0.5055555630889204
 30
0.0
 10
2.615277816748453
 20
0.4777777848972215
 30
0.0
 10
2.618055594567623
 20
0.4750000070780516
 30
0.0
 10
2.627777816934717
 20
0.465277784710957
 30
0.0
 10
2.654166706216831
 20
0.5444444525572989
 30
0.0
 10
2.650000039488077
 20
0.568055564020243
 30
0.0
 10
2.647222261668907
 20
0.5805555642065075
 30
0.0
 10
2.637500039301812
 20
0.5652777862010731
 30
0.0
 10
2.629166705844302
 20
0.5347222301902043
 30
0.0
  0
HATCH
  5
19B
330
79
100
AcDbEntity
  8
Layer 1
 62
    18
420
        0
440
 33554687
100
AcDbHatch
 10
0.0
 20
0.0
 30
0.0
210
0.0
220
0.0
230
1.0
  2
SOLID
 70
     1
 71
     1
 91
        1
 92
        1
 93
        1
 72
     4
 94
        3
 73
     0
 74
     0
 95
       14
 96
       10
 40
0.0
 40
0.0
 40
0.0
 40
0.0
 40
1.0
 40
1.0
 40
1.0
 40
2.0
 40
2.0
 40
2.0
 40
3.0
 40
3.0
 40
3.0
 40
3.0
 10
2.629166705844302
 20
0.5347222301902043
 10
2.619444483477208
 20
0.5055555630889204
 10
2.615277816748453
 20
0.4777777848972215
 10
2.618055594567623
 20
0.4750000070780516
 10
2.627777816934717
 20
0.465277784710957
 10
2.654166706216831
 20
0.5444444525572989
 10
2.650000039488077
 20
0.568055564020243
 10
2.647222261668907
 20
0.5805555642065075
 10
2.637500039301812
 20
0.5652777862010731
 10
2.629166705844302
 20
0.5347222301902043
 97
        0
 97
        1
330
19A
 75
     2
 76
     1
 98
        1
 10
0.0
 20
0.0
450
        0
451
        0
460
0.0
461
0.0
452
        0
462
0.0
453
        0
470

  0
SPLINE
  5
19C
330
79
100
AcDbEntity
  8
Layer 1
100
AcDbSpline
210
0.0
220
0.0
230
1.0
 70
     9
 71
     3
 72
    17
 73
    13
 74
     0
 42
0.0000000001
 43
0.0000000001
 40
0.0
 40
0.0
 40
0.0
 40
0.0
 40
1.0
 40
1.0
 40
1.0
 40
2.0
 40
2.0
 40
2.0
 40
3.0
 40
3.0
 40
3.0
 40
4.0
 40
4.0
 40
4.0
 40
4.0
 10
2.591666705285509
 20
0.4222222285138236
 30
0.0
 10
2.586111149647169
 20
0.4027777837796344
 30
0.0
 10
2.584722260737584
 20
0.3833333390454451
 30
0.0
 10
2.587500038556754
 20
0.3791666723166903
 30
0.0
 10
2.591666705285509
 20
0.3763888944975204
 30
0.0
 10
2.598611149833434
 20
0.3902777835933699
 30
0.0
 10
2.602777816562188
 20
0.411111117237144
 30
0.0
 10
2.608333372200528
 20
0.4305555619713334
 30
0.0
 10
2.609722261110113
 20
0.4500000067055226
 30
0.0
 10
2.606944483290943
 20
0.4541666734342774
 30
0.0
 10
2.602777816562188
 20
0.4569444512534473
 30
0.0
 10
2.595833372014264
 20
0.4430555621575979
 30
0.0
 10
2.591666705285509
 20
0.4222222285138236
 30
0.0
  0
HATCH
  5
19D
330
79
100
AcDbEntity
  8
Layer 1
 62
    18
420
        0
440
 33554687
100
AcDbHatch
 10
0.0
 20
0.0
 30
0.0
210
0.0
220
0.0
230
1.0
  2
SOLID
 70
     1
 71
     1
 91
        1
 92
        1
 93
        1
 72
     4
 94
        3
 73
     0
 74
     0
 95
       17
 96
       13
 40
0.0
 40
0.0
 40
0.0
 40
0.0
 40
1.0
 40
1.0
 40
1.0
 40
2.0
 40
2.0
 40
2.0
 40
3.0
 40
3.0
 40
3.0
 40
4.0
 40
4.0
 40
4.0
 40
4.0
 10
2.591666705285509
 20
0.4222222285138236
 10
2.586111149647169
 20
0.4027777837796344
 10
2.584722260737584
 20
0.3833333390454451
 10
2.587500038556754
 20
0.3791666723166903
 10
2.591666705285509
 20
0.3763888944975204
 10
2.598611149833434
 20
0.3902777835933699
 10
2.602777816562188
 20
0.411111117237144
 10
2.608333372200528
 20
0.4305555619713334
 10
2.609722261110113
 20
0.4500000067055226
 10
2.606944483290943
 20
0.4541666734342774
 10
2.602777816562188
 20
0.4569444512534473
 10
2.595833372014264
 20
0.4430555621575979
 10
2.591666705285509
 20
0.4222222285138236
 97
        0
 97
        1
330
19C
 75
     2
 76
     1
 98
        1
 10
0.0
 20
0.0
450
        0
451
        0
460
0.0
461
0.0
452
        0
462
0.0
453
        0
470

  0
SPLINE
  5
19E
330
79
100
AcDbEntity
  8
Layer 1
100
AcDbSpline
210
0.0
220
0.0
230
1.0
 70
     9
 71
     3
 72
    14
 73
    10
 74
     0
 42
0.0000000001
 43
0.0000000001
 40
0.0
 40
0.0
 40
0.0
 40
0.0
 40
1.0
 40
1.0
 40
1.0
 40
2.0
 40
2.0
 40
2.0
 40
3.0
 40
3.0
 40
3.0
 40
3.0
 10
2.562500038184225
 20
0.3416666717578967
 30
0.0
 10
2.550000037997961
 20
0.3277777826620473
 30
0.0
 10
2.518055593077507
 20
0.2680555595498946
 30
0.0
 10
2.502777815072072
 20
0.2291666700815161
 30
0.0
 10
2.487500037066638
 20
0.1944444473418925
 30
0.0
 10
2.530555593263771
 20
0.2500000037252903
 30
0.0
 10
2.5555555936363
 20
0.2986111155607634
 30
0.0
 10
2.583333371827999
 20
0.3541666719441612
 30
0.0
 10
2.586111149647169
 20
0.3694444499495956
 30
0.0
 10
2.562500038184225
 20
0.3416666717578967
 30
0.0
  0
HATCH
  5
19F
330
79
100
AcDbEntity
  8
Layer 1
 62
    18
420
        0
440
 33554687
100
AcDbHatch
 10
0.0
 20
0.0
 30
0.0
210
0.0
220
0.0
230
1.0
  2
SOLID
 70
     1
 71
     1
 91
        1
 92
        1
 93
        1
 72
     4
 94
        3
 73
     0
 74
     0
 95
       14
 96
       10
 40
0.0
 40
0.0
 40
0.0
 40
0.0
 40
1.0
 40
1.0
 40
1.0
 40
2.0
 40
2.0
 40
2.0
 40
3.0
 40
3.0
 40
3.0
 40
3.0
 10
2.562500038184225
 20
0.3416666717578967
 10
2.550000037997961
 20
0.3277777826620473
 10
2.518055593077507
 20
0.2680555595498946
 10
2.502777815072072
 20
0.2291666700815161
 10
2.487500037066638
 20
0.1944444473418925
 10
2.530555593263771
 20
0.2500000037252903
 10
2.5555555936363
 20
0.2986111155607634
 10
2.583333371827999
 20
0.3541666719441612
 10
2.586111149647169
 20
0.3694444499495956
 10
2.562500038184225
 20
0.3416666717578967
 97
        0
 97
        1
330
19E
 75
     2
 76
     1
 98
        1
 10
0.0
 20
0.0
450
        0
451
        0
460
0.0
461
0.0
452
        0
462
0.0
453
        0
470

  0
SPLINE
  5
1A0
330
79
100
AcDbEntity
  8
Layer 1
100
AcDbSpline
210
0.0
220
0.0
230
1.0
 70
     9
 71
     3
 72
    14
 73
    10
 74
     0
 42
0.0000000001
 43
0.0000000001
 40
0.0
 40
0.0
 40
0.0
 40
0.0
 40
1.0
 40
1.0
 40
1.0
 40
2.0
 40
2.0
 40
2.0
 40
3.0
 40
3.0
 40
3.0
 40
3.0
 10
1.930555584323075
 20
0.2027777807994021
 30
0.0
 10
1.930555584323075
 20
0.2000000029802322
 30
0.0
 10
1.940277806690169
 20
0.1902777806131376
 30
0.0
 10
1.951388917966849
 20
0.180555558246043
 30
0.0
 10
1.969444473791453
 20
0.1652777802406086
 30
0.0
 10
1.970833362701038
 20
0.1666666691501935
 30
0.0
 10
1.963888918153113
 20
0.1861111138843827
 30
0.0
 10
1.956944473605188
 20
0.205555558618572
 30
0.0
 10
1.930555584323075
 20
0.2180555588048365
 30
0.0
 10
1.930555584323075
 20
0.2027777807994021
 30
0.0
  0
HATCH
  5
1A1
330
79
100
AcDbEntity
  8
Layer 1
 62
    18
420
        0
440
 33554687
100
AcDbHatch
 10
0.0
 20
0.0
 30
0.0
210
0.0
220
0.0
230
1.0
  2
SOLID
 70
     1
 71
     1
 91
        1
 92
        1
 93
        1
 72
     4
 94
        3
 73
     0
 74
     0
 95
       14
 96
       10
 40
0.0
 40
0.0
 40
0.0
 40
0.0
 40
1.0
 40
1.0
 40
1.0
 40
2.0
 40
2.0
 40
2.0
 40
3.0
 40
3.0
 40
3.0
 40
3.0
 10
1.930555584323075
 20
0.2027777807994021
 10
1.930555584323075
 20
0.2000000029802322
 10
1.940277806690169
 20
0.1902777806131376
 10
1.951388917966849
 20
0.180555558246043
 10
1.969444473791453
 20
0.1652777802406086
 10
1.970833362701038
 20
0.1666666691501935
 10
1.963888918153113
 20
0.1861111138843827
 10
1.956944473605188
 20
0.205555558618572
 10
1.930555584323075
 20
0.2180555588048365
 10
1.930555584323075
 20
0.2027777807994021
 97
        0
 97
        1
330
1A0
 75
     2
 76
     1
 98
        1
 10
0.0
 20
0.0
450
        0
451
        0
460
0.0
461
0.0
452
        0
462
0.0
453
        0
470

  0
SPLINE
  5
1A2
330
79
100
AcDbEntity
  8
Layer 1
100
AcDbSpline
210
0.0
220
0.0
230
1.0
 70
    11
 71
     3
 72
    14
 73
    10
 74
     0
 42
0.0000000001
 43
0.0000000001
 40
0.0
 40
0.0
 40
0.0
 40
0.0
 40
1.0
 40
1.0
 40
1.0
 40
2.0
 40
2.0
 40
2.0
 40
3.0
 40
3.0
 40
3.0
 40
3.0
 10
2.480555592518713
 20
0.1736111136981182
 30
0.0
 10
2.468055592332448
 20
0.154166668963929
 30
0.0
 10
2.462500036694109
 20
0.1388888909584946
 30
0.0
 10
2.468055592332448
 20
0.1388888909584946
 30
0.0
 10
2.481944481428298
 20
0.1388888909584946
 30
0.0
 10
2.518055593077507
 20
0.1944444473418925
 30
0.0
 10
2.509722259619997
 20
0.2027777807994021
 30
0.0
 10
2.506944481800827
 20
0.2069444475281569
 30
0.0
 10
2.493055592704978
 20
0.1930555584323075
 30
0.0
 10
2.480555592518713
 20
0.1736111136981182
 30
0.0
  0
HATCH
  5
1A3
330
79
100
AcDbEntity
  8
Layer 1
 62
    18
420
        0
440
 33554687
100
AcDbHatch
 10
0.0
 20
0.0
 30
0.0
210
0.0
220
0.0
230
1.0
  2
SOLID
 70
     1
 71
     1
 91
        1
 92
        1
 93
        1
 72
     4
 94
        3
 73
     0
 74
     0
 95
       14
 96
       10
 40
0.0
 40
0.0
 40
0.0
 40
0.0
 40
1.0
 40
1.0
 40
1.0
 40
2.0
 40
2.0
 40
2.0
 40
3.0
 40
3.0
 40
3.0
 40
3.0
 10
2.480555592518713
 20
0.1736111136981182
 10
2.468055592332448
 20
0.154166668963929
 10
2.462500036694109
 20
0.1388888909584946
 10
2.468055592332448
 20
0.1388888909584946
 10
2.481944481428298
 20
0.1388888909584946
 10
2.518055593077507
 20
0.1944444473418925
 10
2.509722259619997
 20
0.2027777807994021
 10
2.506944481800827
 20
0.2069444475281569
 10
2.493055592704978
 20
0.1930555584323075
 10
2.480555592518713
 20
0.1736111136981182
 97
        0
 97
        1
330
1A2
 75
     2
 76
     1
 98
        1
 10
0.0
 20
0.0
450
        0
451
        0
460
0.0
461
0.0
452
        0
462
0.0
453
        0
470

  0
SPLINE
  5
1A4
330
79
100
AcDbEntity
  8
Layer 1
100
AcDbSpline
210
0.0
220
0.0
230
1.0
 70
     9
 71
     3
 72
    26
 73
    22
 74
     0
 42
0.0000000001
 43
0.0000000001
 40
0.0
 40
0.0
 40
0.0
 40
0.0
 40
1.0
 40
1.0
 40
1.0
 40
2.0
 40
2.0
 40
2.0
 40
3.0
 40
3.0
 40
3.0
 40
4.0
 40
4.0
 40
4.0
 40
5.0
 40
5.0
 40
5.0
 40
6.0
 40
6.0
 40
6.0
 40
7.0
 40
7.0
 40
7.0
 40
7.0
 10
1.972222251610623
 20
0.1250000018626451
 30
0.0
 10
1.983333362887302
 20
0.1180555573147204
 30
0.0
 10
1.987500029616057
 20
0.1111111127667957
 30
0.0
 10
1.980555585068133
 20
0.1111111127667957
 30
0.0
 10
1.973611140520208
 20
0.1111111127667957
 30
0.0
 10
1.981944473977717
 20
0.0958333347613613
 30
0.0
 10
2.000000029802322
 20
0.076388890027172
 30
0.0
 10
2.018055585626926
 20
0.0569444452929828
 30
0.0
 10
2.0388889192707
 20
0.0416666672875484
 30
0.0
 10
2.04722225272821
 20
0.0416666672875484
 30
0.0
 10
2.055555586185719
 20
0.0416666672875484
 30
0.0
 10
2.05000003054738
 20
0.052777778564228
 30
0.0
 10
2.03333336363236
 20
0.0666666676600774
 30
0.0
 10
2.016666696717341
 20
0.0791666678463419
 30
0.0
 10
2.000000029802322
 20
0.1013888903997011
 30
0.0
 10
1.995833363073567
 20
0.1152777794955505
 30
0.0
 10
1.990277807435227
 20
0.127777779681815
 30
0.0
 10
1.979166696158548
 20
0.1388888909584946
 30
0.0
 10
1.969444473791453
 20
0.1388888909584946
 30
0.0
 10
1.956944473605188
 20
0.1388888909584946
 30
0.0
 10
1.958333362514773
 20
0.1347222242297398
 30
0.0
 10
1.972222251610623
 20
0.1250000018626451
 30
0.0
  0
HATCH
  5
1A5
330
79
100
AcDbEntity
  8
Layer 1
 62
    18
420
        0
440
 33554687
100
AcDbHatch
 10
0.0
 20
0.0
 30
0.0
210
0.0
220
0.0
230
1.0
  2
SOLID
 70
     1
 71
     1
 91
        1
 92
        1
 93
        1
 72
     4
 94
        3
 73
     0
 74
     0
 95
       26
 96
       22
 40
0.0
 40
0.0
 40
0.0
 40
0.0
 40
1.0
 40
1.0
 40
1.0
 40
2.0
 40
2.0
 40
2.0
 40
3.0
 40
3.0
 40
3.0
 40
4.0
 40
4.0
 40
4.0
 40
5.0
 40
5.0
 40
5.0
 40
6.0
 40
6.0
 40
6.0
 40
7.0
 40
7.0
 40
7.0
 40
7.0
 10
1.972222251610623
 20
0.1250000018626451
 10
1.983333362887302
 20
0.1180555573147204
 10
1.987500029616057
 20
0.1111111127667957
 10
1.980555585068133
 20
0.1111111127667957
 10
1.973611140520208
 20
0.1111111127667957
 10
1.981944473977717
 20
0.0958333347613613
 10
2.000000029802322
 20
0.076388890027172
 10
2.018055585626926
 20
0.0569444452929828
 10
2.0388889192707
 20
0.0416666672875484
 10
2.04722225272821
 20
0.0416666672875484
 10
2.055555586185719
 20
0.0416666672875484
 10
2.05000003054738
 20
0.052777778564228
 10
2.03333336363236
 20
0.0666666676600774
 10
2.016666696717341
 20
0.0791666678463419
 10
2.000000029802322
 20
0.1013888903997011
 10
1.995833363073567
 20
0.1152777794955505
 10
1.990277807435227
 20
0.127777779681815
 10
1.979166696158548
 20
0.1388888909584946
 10
1.969444473791453
 20
0.1388888909584946
 10
1.956944473605188
 20
0.1388888909584946
 10
1.958333362514773
 20
0.1347222242297398
 10
1.972222251610623
 20
0.1250000018626451
 97
        0
 97
        1
330
1A4
 75
     2
 76
     1
 98
        1
 10
0.0
 20
0.0
450
        0
451
        0
460
0.0
461
0.0
452
        0
462
0.0
453
        0
470

  0
SPLINE
  5
1A6
330
79
100
AcDbEntity
  8
Layer 1
100
AcDbSpline
210
0.0
220
0.0
230
1.0
 70
     9
 71
     3
 72
    14
 73
    10
 74
     0
 42
0.0000000001
 43
0.0000000001
 40
0.0
 40
0.0
 40
0.0
 40
0.0
 40
1.0
 40
1.0
 40
1.0
 40
2.0
 40
2.0
 40
2.0
 40
3.0
 40
3.0
 40
3.0
 40
3.0
 10
2.438888925231165
 20
0.1013888903997011
 30
0.0
 10
2.430555591773655
 20
0.0819444456655118
 30
0.0
 10
2.43194448068324
 20
0.0805555567559269
 30
0.0
 10
2.445833369779089
 20
0.0930555569421914
 30
0.0
 10
2.455555592146184
 20
0.102777779309286
 30
0.0
 10
2.459722258874939
 20
0.1138888905859656
 30
0.0
 10
2.455555592146184
 20
0.1180555573147204
 30
0.0
 10
2.451388925417429
 20
0.1222222240434752
 30
0.0
 10
2.443055591959919
 20
0.1152777794955505
 30
0.0
 10
2.438888925231165
 20
0.1013888903997011
 30
0.0
  0
HATCH
  5
1A7
330
79
100
AcDbEntity
  8
Layer 1
 62
    18
420
        0
440
 33554687
100
AcDbHatch
 10
0.0
 20
0.0
 30
0.0
210
0.0
220
0.0
230
1.0
  2
SOLID
 70
     1
 71
     1
 91
        1
 92
        1
 93
        1
 72
     4
 94
        3
 73
     0
 74
     0
 95
       14
 96
       10
 40
0.0
 40
0.0
 40
0.0
 40
0.0
 40
1.0
 40
1.0
 40
1.0
 40
2.0
 40
2.0
 40
2.0
 40
3.0
 40
3.0
 40
3.0
 40
3.0
 10
2.438888925231165
 20
0.1013888903997011
 10
2.430555591773655
 20
0.0819444456655118
 10
2.43194448068324
 20
0.0805555567559269
 10
2.445833369779089
 20
0.0930555569421914
 10
2.455555592146184
 20
0.102777779309286
 10
2.459722258874939
 20
0.1138888905859656
 10
2.455555592146184
 20
0.1180555573147204
 10
2.451388925417429
 20
0.1222222240434752
 10
2.443055591959919
 20
0.1152777794955505
 10
2.438888925231165
 20
0.1013888903997011
 97
        0
 97
        1
330
1A6
 75
     2
 76
     1
 98
        1
 10
0.0
 20
0.0
450
        0
451
        0
460
0.0
461
0.0
452
        0
462
0.0
453
        0
470

  0
SPLINE
  5
1A8
330
79
100
AcDbEntity
  8
Layer 1
100
AcDbSpline
210
0.0
220
0.0
230
1.0
 70
     9
 71
     3
 72
    17
 73
    13
 74
     0
 42
0.0000000001
 43
0.0000000001
 40
0.0
 40
0.0
 40
0.0
 40
0.0
 40
1.0
 40
1.0
 40
1.0
 40
2.0
 40
2.0
 40
2.0
 40
3.0
 40
3.0
 40
3.0
 40
4.0
 40
4.0
 40
4.0
 40
4.0
 10
2.395833369034031
 20
0.0694444454792473
 30
0.0
 10
2.391666702305276
 20
0.0625000009313226
 30
0.0
 10
2.394444480124446
 20
0.0555555563833979
 30
0.0
 10
2.401388924672371
 20
0.0555555563833979
 30
0.0
 10
2.409722258129881
 20
0.0555555563833979
 30
0.0
 10
2.416666702677805
 20
0.0625000009313226
 30
0.0
 10
2.416666702677805
 20
0.0694444454792473
 30
0.0
 10
2.416666702677805
 20
0.077777778936757
 30
0.0
 10
2.413888924858636
 20
0.0833333345750968
 30
0.0
 10
2.411111147039466
 20
0.0833333345750968
 30
0.0
 10
2.406944480310711
 20
0.0833333345750968
 30
0.0
 10
2.400000035762786
 20
0.077777778936757
 30
0.0
 10
2.395833369034031
 20
0.0694444454792473
 30
0.0
  0
HATCH
  5
1A9
330
79
100
AcDbEntity
  8
Layer 1
 62
    18
420
        0
440
 33554687
100
AcDbHatch
 10
0.0
 20
0.0
 30
0.0
210
0.0
220
0.0
230
1.0
  2
SOLID
 70
     1
 71
     1
 91
        1
 92
        1
 93
        1
 72
     4
 94
        3
 73
     0
 74
     0
 95
       17
 96
       13
 40
0.0
 40
0.0
 40
0.0
 40
0.0
 40
1.0
 40
1.0
 40
1.0
 40
2.0
 40
2.0
 40
2.0
 40
3.0
 40
3.0
 40
3.0
 40
4.0
 40
4.0
 40
4.0
 40
4.0
 10
2.395833369034031
 20
0.0694444454792473
 10
2.391666702305276
 20
0.0625000009313226
 10
2.394444480124446
 20
0.0555555563833979
 10
2.401388924672371
 20
0.0555555563833979
 10
2.409722258129881
 20
0.0555555563833979
 10
2.416666702677805
 20
0.0625000009313226
 10
2.416666702677805
 20
0.0694444454792473
 10
2.416666702677805
 20
0.077777778936757
 10
2.413888924858636
 20
0.0833333345750968
 10
2.411111147039466
 20
0.0833333345750968
 10
2.406944480310711
 20
0.0833333345750968
 10
2.400000035762786
 20
0.077777778936757
 10
2.395833369034031
 20
0.0694444454792473
 97
        0
 97
        1
330
1A8
 75
     2
 76
     1
 98
        1
 10
0.0
 20
0.0
450
        0
451
        0
460
0.0
461
0.0
452
        0
462
0.0
453
        0
470

  0
SPLINE
  5
1AA
330
79
100
AcDbEntity
  8
Layer 1
100
AcDbSpline
210
0.0
220
0.0
230
1.0
 70
     9
 71
     3
 72
    14
 73
    10
 74
     0
 42
0.0000000001
 43
0.0000000001
 40
0.0
 40
0.0
 40
0.0
 40
0.0
 40
1.0
 40
1.0
 40
1.0
 40
2.0
 40
2.0
 40
2.0
 40
3.0
 40
3.0
 40
3.0
 40
3.0
 10
2.343055590469803
 20
0.0541666674738129
 30
0.0
 10
2.352777812836898
 20
0.0444444451067183
 30
0.0
 10
2.363888924113578
 20
0.0402777783779634
 30
0.0
 10
2.368055590842332
 20
0.0444444451067183
 30
0.0
 10
2.372222257571087
 20
0.0486111118354731
 30
0.0
 10
2.365277813023162
 20
0.0569444452929828
 30
0.0
 10
2.351388923927313
 20
0.0611111120217376
 30
0.0
 10
2.331944479193124
 20
0.0694444454792473
 30
0.0
 10
2.330555590283539
 20
0.0680555565696624
 30
0.0
 10
2.343055590469803
 20
0.0541666674738129
 30
0.0
  0
HATCH
  5
1AB
330
79
100
AcDbEntity
  8
Layer 1
 62
    18
420
        0
440
 33554687
100
AcDbHatch
 10
0.0
 20
0.0
 30
0.0
210
0.0
220
0.0
230
1.0
  2
SOLID
 70
     1
 71
     1
 91
        1
 92
        1
 93
        1
 72
     4
 94
        3
 73
     0
 74
     0
 95
       14
 96
       10
 40
0.0
 40
0.0
 40
0.0
 40
0.0
 40
1.0
 40
1.0
 40
1.0
 40
2.0
 40
2.0
 40
2.0
 40
3.0
 40
3.0
 40
3.0
 40
3.0
 10
2.343055590469803
 20
0.0541666674738129
 10
2.352777812836898
 20
0.0444444451067183
 10
2.363888924113578
 20
0.0402777783779634
 10
2.368055590842332
 20
0.0444444451067183
 10
2.372222257571087
 20
0.0486111118354731
 10
2.365277813023162
 20
0.0569444452929828
 10
2.351388923927313
 20
0.0611111120217376
 10
2.331944479193124
 20
0.0694444454792473
 10
2.330555590283539
 20
0.0680555565696624
 10
2.343055590469803
 20
0.0541666674738129
 97
        0
 97
        1
330
1AA
 75
     2
 76
     1
 98
        1
 10
0.0
 20
0.0
450
        0
451
        0
460
0.0
461
0.0
452
        0
462
0.0
453
        0
470

  0
SPLINE
  5
1AC
330
79
100
AcDbEntity
  8
Layer 1
100
AcDbSpline
210
0.0
220
0.0
230
1.0
 70
     9
 71
     3
 72
    14
 73
    10
 74
     0
 42
0.0000000001
 43
0.0000000001
 40
0.0
 40
0.0
 40
0.0
 40
0.0
 40
1.0
 40
1.0
 40
1.0
 40
2.0
 40
2.0
 40
2.0
 40
3.0
 40
3.0
 40
3.0
 40
3.0
 10
2.069444475281569
 20
0.0347222227396237
 30
0.0
 10
2.069444475281569
 20
0.025000000372529
 30
0.0
 10
2.111111142569118
 20
0.0166666669150194
 30
0.0
 10
2.116666698207457
 20
0.025000000372529
 30
0.0
 10
2.120833364936212
 20
0.0305555560108688
 30
0.0
 10
2.111111142569118
 20
0.0375000005587936
 30
0.0
 10
2.095833364563683
 20
0.0375000005587936
 30
0.0
 10
2.081944475467834
 20
0.0388888894683785
 30
0.0
 10
2.069444475281569
 20
0.0375000005587936
 30
0.0
 10
2.069444475281569
 20
0.0347222227396237
 30
0.0
  0
HATCH
  5
1AD
330
79
100
AcDbEntity
  8
Layer 1
 62
    18
420
        0
440
 33554687
100
AcDbHatch
 10
0.0
 20
0.0
 30
0.0
210
0.0
220
0.0
230
1.0
  2
SOLID
 70
     1
 71
     1
 91
        1
 92
        1
 93
        1
 72
     4
 94
        3
 73
     0
 74
     0
 95
       14
 96
       10
 40
0.0
 40
0.0
 40
0.0
 40
0.0
 40
1.0
 40
1.0
 40
1.0
 40
2.0
 40
2.0
 40
2.0
 40
3.0
 40
3.0
 40
3.0
 40
3.0
 10
2.069444475281569
 20
0.0347222227396237
 10
2.069444475281569
 20
0.025000000372529
 10
2.111111142569118
 20
0.0166666669150194
 10
2.116666698207457
 20
0.025000000372529
 10
2.120833364936212
 20
0.0305555560108688
 10
2.111111142569118
 20
0.0375000005587936
 10
2.095833364563683
 20
0.0375000005587936
 10
2.081944475467834
 20
0.0388888894683785
 10
2.069444475281569
 20
0.0375000005587936
 10
2.069444475281569
 20
0.0347222227396237
 97
        0
 97
        1
330
1AC
 75
     2
 76
     1
 98
        1
 10
0.0
 20
0.0
450
        0
451
        0
460
0.0
461
0.0
452
        0
462
0.0
453
        0
470

  0
ENDBLK
  5
7C
330
79
100
AcDbEntity
  8
0
100
AcDbBlockEnd
  0
ENDSEC
  0
SECTION
  2
ENTITIES
  0
INSERT
  5
7A
330
70
100
AcDbEntity
  8
Layer 1
100
AcDbBlockReference
  2
Block_0
 10
0.0
 20
0.0
 30
0.0
  0
SPLINE
  5
1AF
330
70
100
AcDbEntity
  8
Layer 2
 62
   250
420
  2236192
370
    35
100
AcDbSpline
210
0.0
220
0.0
230
1.0
 70
     8
 71
     3
 72
   125
 73
   121
 74
     0
 42
0.0000000001
 43
0.0000000001
 40
0.0
 40
0.0
 40
0.0
 40
0.0
 40
1.0
 40
1.0
 40
1.0
 40
2.0
 40
2.0
 40
2.0
 40
3.0
 40
3.0
 40
3.0
 40
4.0
 40
4.0
 40
4.0
 40
5.0
 40
5.0
 40
5.0
 40
6.0
 40
6.0
 40
6.0
 40
7.0
 40
7.0
 40
7.0
 40
8.0
 40
8.0
 40
8.0
 40
9.0
 40
9.0
 40
9.0
 40
10.0
 40
10.0
 40
10.0
 40
11.0
 40
11.0
 40
11.0
 40
12.0
 40
12.0
 40
12.0
 40
13.0
 40
13.0
 40
13.0
 40
14.0
 40
14.0
 40
14.0
 40
15.0
 40
15.0
 40
15.0
 40
16.0
 40
16.0
 40
16.0
 40
17.0
 40
17.0
 40
17.0
 40
18.0
 40
18.0
 40
18.0
 40
19.0
 40
19.0
 40
19.0
 40
20.0
 40
20.0
 40
20.0
 40
21.0
 40
21.0
 40
21.0
 40
22.0
 40
22.0
 40
22.0
 40
23.0
 40
23.0
 40
23.0
 40
24.0
 40
24.0
 40
24.0
 40
25.0
 40
25.0
 40
25.0
 40
26.0
 40
26.0
 40
26.0
 40
27.0
 40
27.0
 40
27.0
 40
28.0
 40
28.0
 40
28.0
 40
29.0
 40
29.0
 40
29.0
 40
30.0
 40
30.0
 40
30.0
 40
31.0
 40
31.0
 40
31.0
 40
32.0
 40
32.0
 40
32.0
 40
33.0
 40
33.0
 40
33.0
 40
34.0
 40
34.0
 40
34.0
 40
35.0
 40
35.0
 40
35.0
 40
36.0
 40
36.0
 40
36.0
 40
37.0
 40
37.0
 40
37.0
 40
38.0
 40
38.0
 40
38.0
 40
39.0
 40
39.0
 40
39.0
 40
40.0
 40
40.0
 40
40.0
 40
40.0
 10
3.498610964986533
 20
7.536365168349207
 30
0.0
 10
3.513736214303384
 20
7.302466854595738
 30
0.0
 10
3.800669381201462
 20
7.15362125415019
 30
0.0
 10
3.800669381201462
 20
7.15362125415019
 30
0.0
 10
4.021200782370972
 20
6.928939216840262
 30
0.0
 10
4.029300909524812
 20
6.779576847184316
 30
0.0
 10
4.01291891294578
 20
6.708286598084744
 30
0.0
 10
4.008476276544418
 20
6.688953383468123
 30
0.0
 10
3.982002428067567
 20
6.686587445481803
 30
0.0
 10
3.974454669345707
 20
6.704932514134813
 30
0.0
 10
3.974454669345707
 20
6.704932514134813
 30
0.0
 10
3.945125129878558
 20
6.776218896611212
 30
0.0
 10
3.945125129878558
 20
6.776218896611212
 30
0.0
 10
3.806922961326108
 20
6.951466550240878
 30
0.0
 10
3.769722926866203
 20
6.95094824684045
 30
0.0
 10
3.760478432857502
 20
6.929883938556169
 30
0.0
 10
3.75472592999962
 20
6.916776407360821
 30
0.0
 10
3.761674100993938
 20
6.901553137274769
 30
0.0
 10
3.774556397614282
 20
6.895312536586326
 30
0.0
 10
3.811739887610453
 20
6.877299652695543
 30
0.0
 10
3.900097554187949
 20
6.821223187720647
 30
0.0
 10
3.895216107425969
 20
6.696696914466023
 30
0.0
 10
3.889043267827825
 20
6.53922706013034
 30
0.0
 10
3.780759585577571
 20
6.54713386569953
 30
0.0
 10
3.780759585577571
 20
6.54713386569953
 30
0.0
 10
3.734100192998842
 20
6.861281710410846
 30
0.0
 10
3.678901291857224
 20
6.754344313729461
 30
0.0
 10
3.678901291857224
 20
6.754344313729461
 30
0.0
 10
3.678901291857224
 20
6.754344313729461
 30
0.0
 10
3.744041217553482
 20
6.571708173437173
 30
0.0
 10
3.702589844305697
 20
6.486168292320926
 30
0.0
 10
3.661138471057913
 20
6.400628411204681
 30
0.0
 10
3.409727762903508
 20
6.352841551854768
 30
0.0
 10
3.409727762903508
 20
6.352841551854768
 30
0.0
 10
3.409727762903508
 20
6.352841551854768
 30
0.0
 10
3.301096864351014
 20
6.712408144454419
 30
0.0
 10
3.33333338300387
 20
6.491666763400037
 30
0.0
 10
3.365569901656726
 20
6.270925382345656
 30
0.0
 10
3.179480837857731
 20
6.30895798115499
 30
0.0
 10
3.179480837857731
 20
6.30895798115499
 30
0.0
 10
2.995331490912323
 20
6.437041041698521
 30
0.0
 10
2.720052465391492
 20
6.45187615564853
 30
0.0
 10
2.720052465391492
 20
6.45187615564853
 30
0.0
 10
2.720052465391492
 20
6.45187615564853
 30
0.0
 10
2.688589635454743
 20
6.613959409349805
 30
0.0
 10
2.720052465391492
 20
6.653265047538347
 30
0.0
 10
2.757006942913423
 20
6.699431248285198
 30
0.0
 10
2.839451369654625
 20
6.707452216404008
 30
0.0
 10
2.909660450514391
 20
6.818563329170804
 30
0.0
 10
3.012263420398312
 20
6.980940190075038
 30
0.0
 10
2.888879346399992
 20
6.875106157313994
 30
0.0
 10
3.097283519449244
 20
6.953647586417243
 30
0.0
 10
3.305687692498496
 20
7.032189015520493
 30
0.0
 10
3.243580829690775
 20
7.25230611541052
 30
0.0
 10
3.243580829690775
 20
7.25230611541052
 30
0.0
 10
3.097283519449244
 20
7.541666779046257
 30
0.0
 10
2.963888933054274
 20
7.19444455165002
 30
0.0
 10
2.963888933054274
 20
7.19444455165002
 30
0.0
 10
2.963888933054274
 20
7.19444455165002
 30
0.0
 10
2.985421912832811
 20
7.317659026415943
 30
0.0
 10
2.972222266511784
 20
7.443055666465725
 30
0.0
 10
2.961111155235105
 20
7.548611223594181
 30
0.0
 10
2.792294283823619
 20
7.813361050913208
 30
0.0
 10
2.83966053614141
 20
7.646850038727936
 30
0.0
 10
2.887026788459201
 20
7.480339026542663
 30
0.0
 10
2.83966053614141
 20
7.509008420760702
 30
0.0
 10
2.83966053614141
 20
7.509008420760702
 30
0.0
 10
2.592672312035928
 20
7.52660599919616
 30
0.0
 10
2.531944482173356
 20
7.765277893489432
 30
0.0
 10
2.531944482173356
 20
7.765277893489432
 30
0.0
 10
2.46476480567589
 20
7.717194736065657
 30
0.0
 10
2.576566553101732
 20
7.541666779046257
 30
0.0
 10
2.576566553101732
 20
7.541666779046257
 30
0.0
 10
2.443203249511396
 20
7.550656310552489
 30
0.0
 10
2.387490516631954
 20
7.750000115483999
 30
0.0
 10
2.387490516631954
 20
7.750000115483999
 30
0.0
 10
2.332232690192944
 20
7.677440602666554
 30
0.0
 10
2.452777814327014
 20
7.545833445775011
 30
0.0
 10
2.452777814327014
 20
7.545833445775011
 30
0.0
 10
2.256135410576057
 20
7.615070454892752
 30
0.0
 10
2.231944477703008
 20
7.945833451735476
 30
0.0
 10
2.231944477703008
 20
7.945833451735476
 30
0.0
 10
2.18211571662904
 20
7.797749242216796
 30
0.0
 10
2.263888922623462
 20
7.534722334498332
 30
0.0
 10
2.263888922623462
 20
7.534722334498332
 30
0.0
 10
2.154018832587667
 20
7.642423868389009
 30
0.0
 10
2.144545083054683
 20
7.95322324430885
 30
0.0
 10
2.144545083054683
 20
7.95322324430885
 30
0.0
 10
2.144545083054683
 20
7.95322324430885
 30
0.0
 10
1.818325505078733
 20
7.682202470082668
 30
0.0
 10
1.823050513429128
 20
7.267042892307332
 30
0.0
 10
1.825305939790887
 20
7.068871421144712
 30
0.0
 10
1.791869239740801
 20
6.688504457859935
 30
0.0
 10
2.181022416404895
 20
6.562859117361957
 30
0.0
 10
2.204384288364394
 20
6.555316302519271
 30
0.0
 10
2.220477729006814
 20
6.533871561814584
 30
0.0
 10
2.220477878505056
 20
6.509322200984191
 30
0.0
 10
2.220477878505056
 20
6.509322200984191
 30
0.0
 10
2.220478273590566
 20
6.444444540474149
 30
0.0
 10
2.220478273590566
 20
6.444444540474149
 30
0.0
 10
2.220478273590566
 20
6.444444540474149
 30
0.0
 10
1.940717276269879
 20
6.412776196920882
 30
0.0
 10
1.859247540269304
 20
6.347360367486796
 30
0.0
 10
1.689802620379762
 20
6.211305182799706
 30
0.0
 10
1.620144279553616
 20
6.582330344997936
 30
0.0
 10
1.620144279553616
 20
6.582330344997936
 30
0.0
 10
1.5598469164735
 20
6.493941425842863
 30
0.0
 10
1.602777801661027
 20
6.41666676228245
 30
0.0
 10
1.602777801661027
 20
6.41666676228245
 30
0.0
 10
1.412700836059747
 20
6.445004880665451
 30
0.0
 10
1.512500022538006
 20
6.886111213722162
 30
0.0
 10
1.512500022538006
 20
6.886111213722162
 30
0.0
 10
1.417513942969738
 20
6.856580991520533
 30
0.0
 10
1.361111131393247
 20
6.569444542336794
 30
0.0
 10
1.361111131393247
 20
6.569444542336794
 30
0.0
 10
1.361111131393247
 20
6.569444542336794
 30
0.0
 10
1.271476497398301
 20
6.788203320828023
 30
0.0
 10
1.486381290091369
 20
7.0499445598076
 30
0.0
 10
1.486381290091369
 20
7.0499445598076
 30
0.0
 10
1.674177291704533
 20
7.180664987030517
 30
0.0
 10
1.669492802112623
 20
7.319130933436313
 30
0.0
  0
SPLINE
  5
1B0
330
70
100
AcDbEntity
  8
Layer 2
 62
   250
420
  2236192
370
    35
100
AcDbSpline
210
0.0
220
0.0
230
1.0
 70
     9
 71
     3
 72
    29
 73
    25
 74
     0
 42
0.0000000001
 43
0.0000000001
 40
0.0
 40
0.0
 40
0.0
 40
0.0
 40
1.0
 40
1.0
 40
1.0
 40
2.0
 40
2.0
 40
2.0
 40
3.0
 40
3.0
 40
3.0
 40
4.0
 40
4.0
 40
4.0
 40
5.0
 40
5.0
 40
5.0
 40
6.0
 40
6.0
 40
6.0
 40
7.0
 40
7.0
 40
7.0
 40
8.0
 40
8.0
 40
8.0
 40
8.0
 10
1.909740445406239
 20
7.465936180734931
 30
0.0
 10
1.904986235668173
 20
7.468030318624565
 30
0.0
 10
1.903052880296766
 20
7.473549847098031
 30
0.0
 10
1.90524318008987
 20
7.478260527574434
 30
0.0
 10
1.909672988989314
 20
7.487787723058178
 30
0.0
 10
1.922220062978756
 20
7.502731085877788
 30
0.0
 10
1.957662832232863
 20
7.507202297765489
 30
0.0
 10
2.011010723718009
 20
7.513932294648131
 30
0.0
 10
2.067044772777712
 20
7.501504368487353
 30
0.0
 10
2.067044772777712
 20
7.501504368487353
 30
0.0
 10
2.067044772777712
 20
7.501504368487353
 30
0.0
 10
2.086624844928994
 20
7.501741279334218
 30
0.0
 10
2.080068095484572
 20
7.469400334394018
 30
0.0
 10
2.074407999280297
 20
7.441482101243561
 30
0.0
 10
2.041857882123129
 20
7.454195808708655
 30
0.0
 10
2.033061099984024
 20
7.458195183888896
 30
0.0
 10
2.031250910521634
 20
7.459018169691312
 30
0.0
 10
2.029548442333394
 20
7.459633431135885
 30
0.0
 10
2.027625134265753
 20
7.460138384200704
 30
0.0
 10
2.016757348730354
 20
7.462991656490341
 30
0.0
 10
1.980721916444129
 20
7.471290673377374
 30
0.0
 10
1.952232243870424
 20
7.46434135827898
 30
0.0
 10
1.931220255152778
 20
7.45921602979144
 30
0.0
 10
1.917300263915447
 20
7.462606226178624
 30
0.0
 10
1.909740445406239
 20
7.465936180734931
 30
0.0
  0
SPLINE
  5
1B1
330
70
100
AcDbEntity
  8
Layer 2
 62
   250
420
  2236192
370
    35
100
AcDbSpline
210
0.0
220
0.0
230
1.0
 70
     9
 71
     3
 72
    26
 73
    22
 74
     0
 42
0.0000000001
 43
0.0000000001
 40
0.0
 40
0.0
 40
0.0
 40
0.0
 40
1.0
 40
1.0
 40
1.0
 40
2.0
 40
2.0
 40
2.0
 40
3.0
 40
3.0
 40
3.0
 40
4.0
 40
4.0
 40
4.0
 40
5.0
 40
5.0
 40
5.0
 40
6.0
 40
6.0
 40
6.0
 40
7.0
 40
7.0
 40
7.0
 40
7.0
 10
2.691264261511049
 20
7.411711616087321
 30
0.0
 10
2.698157463071007
 20
7.410100127017395
 30
0.0
 10
2.7053033426366
 20
7.414078284437676
 30
0.0
 10
2.707360264308185
 20
7.420851924375394
 30
0.0
 10
2.713665760264878
 20
7.441616526075613
 30
0.0
 10
2.689753917061807
 20
7.457687222038202
 30
0.0
 10
2.689753917061807
 20
7.457687222038202
 30
0.0
 10
2.689753917061807
 20
7.457687222038202
 30
0.0
 10
2.634364100254388
 20
7.492800517650998
 30
0.0
 10
2.571181268130506
 20
7.486003818195158
 30
0.0
 10
2.507998436006623
 20
7.479207118739319
 30
0.0
 10
2.513888926348752
 20
7.447934126604119
 30
0.0
 10
2.513888926348752
 20
7.447934126604119
 30
0.0
 10
2.513888926348752
 20
7.447934126604119
 30
0.0
 10
2.512602084452105
 20
7.427442665839887
 30
0.0
 10
2.594788931092681
 20
7.42999954387244
 30
0.0
 10
2.594788931092681
 20
7.42999954387244
 30
0.0
 10
2.643659112164414
 20
7.42603034681061
 30
0.0
 10
2.668275821422816
 20
7.418206763599906
 30
0.0
 10
2.678615934087221
 20
7.414920510714156
 30
0.0
 10
2.686082078529402
 20
7.412923104125284
 30
0.0
 10
2.691264261511049
 20
7.411711616087321
 30
0.0
  0
SPLINE
  5
1B2
330
70
100
AcDbEntity
  8
Layer 2
 62
   250
420
  2236192
370
    35
100
AcDbSpline
210
0.0
220
0.0
230
1.0
 70
     9
 71
     3
 72
    14
 73
    10
 74
     0
 42
0.0000000001
 43
0.0000000001
 40
0.0
 40
0.0
 40
0.0
 40
0.0
 40
1.0
 40
1.0
 40
1.0
 40
2.0
 40
2.0
 40
2.0
 40
3.0
 40
3.0
 40
3.0
 40
3.0
 10
2.005931504494368
 20
7.186089491620312
 30
0.0
 10
1.987201363635841
 20
7.183186296392527
 30
0.0
 10
1.961476411153575
 20
7.19648258787831
 30
0.0
 10
1.956637018430683
 20
7.214808171011857
 30
0.0
 10
1.947222251238094
 20
7.250459565463617
 30
0.0
 10
1.984209713110582
 20
7.339024182545661
 30
0.0
 10
2.033993259524613
 20
7.296554677053222
 30
0.0
 10
2.07035062401039
 20
7.265538821375166
 30
0.0
 10
2.047149221575763
 20
7.192478289250566
 30
0.0
 10
2.005931504494368
 20
7.186089491620312
 30
0.0
  0
SPLINE
  5
1B3
330
70
100
AcDbEntity
  8
Layer 2
 62
   250
420
  2236192
370
    35
100
AcDbSpline
210
0.0
220
0.0
230
1.0
 70
     9
 71
     3
 72
    14
 73
    10
 74
     0
 42
0.0000000001
 43
0.0000000001
 40
0.0
 40
0.0
 40
0.0
 40
0.0
 40
1.0
 40
1.0
 40
1.0
 40
2.0
 40
2.0
 40
2.0
 40
3.0
 40
3.0
 40
3.0
 40
3.0
 10
2.005088110807137
 20
7.2893971485272
 30
0.0
 10
1.987129308868778
 20
7.294302953902741
 30
0.0
 10
1.972195812573406
 20
7.273601154830733
 30
0.0
 10
1.981088019413037
 20
7.257245294995034
 30
0.0
 10
1.989227647922929
 20
7.242273688348505
 30
0.0
 10
2.003614981893759
 20
7.23989729989071
 30
0.0
 10
2.013888918898171
 20
7.254114097350363
 30
0.0
 10
2.027642189211405
 20
7.273145502581605
 30
0.0
 10
2.016520020934724
 20
7.286274293987743
 30
0.0
 10
2.005088110807137
 20
7.2893971485272
 30
0.0
  0
SPLINE
  5
1B4
330
70
100
AcDbEntity
  8
Layer 2
 62
   250
420
  2236192
370
    35
100
AcDbSpline
210
0.0
220
0.0
230
1.0
 70
     9
 71
     3
 72
    14
 73
    10
 74
     0
 42
0.0000000001
 43
0.0000000001
 40
0.0
 40
0.0
 40
0.0
 40
0.0
 40
1.0
 40
1.0
 40
1.0
 40
2.0
 40
2.0
 40
2.0
 40
3.0
 40
3.0
 40
3.0
 40
3.0
 10
2.518432133939641
 20
7.208839456867671
 30
0.0
 10
2.509217860393909
 20
7.241227930964542
 30
0.0
 10
2.526499088020095
 20
7.276961320899039
 30
0.0
 10
2.559274298842713
 20
7.2846880049765
 30
0.0
 10
2.58144280881331
 20
7.289914182587923
 30
0.0
 10
2.619767959228662
 20
7.266430451787439
 30
0.0
 10
2.611111150019698
 20
7.205555662926699
 30
0.0
 10
2.600050620602612
 20
7.127777883989942
 30
0.0
 10
2.536752871929643
 20
7.144441461205915
 30
0.0
 10
2.518432133939641
 20
7.208839456867671
 30
0.0
  0
LWPOLYLINE
  5
1B5
330
70
100
AcDbEntity
  8
Layer 2
 62
   250
420
  2236192
370
    35
100
AcDbPolyline
 90
        1
 70
     0
 43
0.0
 10
2.543055593450036
 20
7.254114097350363
  0
SPLINE
  5
1B6
330
70
100
AcDbEntity
  8
Layer 2
 62
   250
420
  2236192
370
    35
100
AcDbSpline
210
0.0
220
0.0
230
1.0
 70
     8
 71
     3
 72
    11
 73
     7
 74
     0
 42
0.0000000001
 43
0.0000000001
 40
0.0
 40
0.0
 40
0.0
 40
0.0
 40
1.0
 40
1.0
 40
1.0
 40
2.0
 40
2.0
 40
2.0
 40
2.0
 10
2.546542629060063
 20
7.268776938887652
 30
0.0
 10
2.528583827121716
 20
7.273682744263194
 30
0.0
 10
2.513650330826332
 20
7.252980945191185
 30
0.0
 10
2.522542537665963
 20
7.236625085355487
 30
0.0
 10
2.530682166175867
 20
7.221653478708958
 30
0.0
 10
2.545069500146685
 20
7.219277090251162
 30
0.0
 10
2.555343437151097
 20
7.233493887710816
 30
0.0
  0
SPLINE
  5
1B7
330
70
100
AcDbEntity
  8
Layer 2
 62
   250
420
  2236192
370
    35
100
AcDbSpline
210
0.0
220
0.0
230
1.0
 70
     8
 71
     3
 72
    11
 73
     7
 74
     0
 42
0.0000000001
 43
0.0000000001
 40
0.0
 40
0.0
 40
0.0
 40
0.0
 40
1.0
 40
1.0
 40
1.0
 40
2.0
 40
2.0
 40
2.0
 40
2.0
 10
2.555343437151097
 20
7.233493887710816
 30
0.0
 10
2.569096707464318
 20
7.252525292942057
 30
0.0
 10
2.557974539187651
 20
7.265654084348195
 30
0.0
 10
2.546542629060063
 20
7.268776938887652
 30
0.0
 10
2.528583827121716
 20
7.273682744263194
 30
0.0
 10
2.513650330826332
 20
7.252980945191185
 30
0.0
 10
2.522542537665963
 20
7.236625085355487
 30
0.0
  0
SPLINE
  5
1B8
330
70
100
AcDbEntity
  8
Layer 2
 62
   250
420
  2236192
370
    35
100
AcDbSpline
210
0.0
220
0.0
230
1.0
 70
    11
 71
     3
 72
    11
 73
     7
 74
     0
 42
0.0000000001
 43
0.0000000001
 40
0.0
 40
0.0
 40
0.0
 40
0.0
 40
1.0
 40
1.0
 40
1.0
 40
2.0
 40
2.0
 40
2.0
 40
2.0
 10
2.240707802197043
 20
7.022297258047059
 30
0.0
 10
2.240707802197043
 20
7.022297258047059
 30
0.0
 10
2.120162302618066
 20
7.014336706188069
 30
0.0
 10
2.156553396830582
 20
7.081432786142411
 30
0.0
 10
2.192944491043097
 20
7.148528866096752
 30
0.0
 10
2.240707802197043
 20
7.022297258047059
 30
0.0
 10
2.240707802197043
 20
7.022297258047059
 30
0.0
  0
SPLINE
  5
1B9
330
70
100
AcDbEntity
  8
Layer 2
 62
   250
420
  2236192
370
    35
100
AcDbSpline
210
0.0
220
0.0
230
1.0
 70
     8
 71
     3
 72
    29
 73
    25
 74
     0
 42
0.0000000001
 43
0.0000000001
 40
0.0
 40
0.0
 40
0.0
 40
0.0
 40
1.0
 40
1.0
 40
1.0
 40
2.0
 40
2.0
 40
2.0
 40
3.0
 40
3.0
 40
3.0
 40
4.0
 40
4.0
 40
4.0
 40
5.0
 40
5.0
 40
5.0
 40
6.0
 40
6.0
 40
6.0
 40
7.0
 40
7.0
 40
7.0
 40
8.0
 40
8.0
 40
8.0
 40
8.0
 10
2.421526051565516
 20
6.781533483419984
 30
0.0
 10
2.207728373066932
 20
6.659040764983615
 30
0.0
 10
2.105053031165703
 20
6.805555656966235
 30
0.0
 10
2.105053031165703
 20
6.805555656966235
 30
0.0
 10
2.105053031165703
 20
6.805555656966235
 30
0.0
 10
2.03092332844052
 20
6.927092710999886
 30
0.0
 10
2.143776117177771
 20
6.860404204262269
 30
0.0
 10
2.154212279380872
 20
6.854237125174689
 30
0.0
 10
2.165051957884378
 20
6.849437825313239
 30
0.0
 10
2.176131273757252
 20
6.845806071040315
 30
0.0
 10
2.26934697209616
 20
6.815250347687815
 30
0.0
 10
2.379525830876572
 20
6.867341430188186
 30
0.0
 10
2.409067480575989
 20
6.882827399485537
 30
0.0
 10
2.413207194951787
 20
6.884997470905924
 30
0.0
 10
2.41701490256211
 20
6.887619969166053
 30
0.0
 10
2.42036461071618
 20
6.890879708475481
 30
0.0
 10
2.430431413355007
 20
6.900676129767336
 30
0.0
 10
2.457764360469341
 20
6.921270703144172
 30
0.0
 10
2.460590423256651
 20
6.859437813764227
 30
0.0
 10
2.461209780917847
 20
6.845886567159405
 30
0.0
 10
2.449163579926739
 20
6.835313491603301
 30
0.0
 10
2.43581082581866
 20
6.837705947702424
 30
0.0
 10
2.414142993625445
 20
6.841588243209836
 30
0.0
 10
2.373219411365274
 20
6.844635750830244
 30
0.0
 10
2.2959287964133
 20
6.842353791013932
 30
0.0
  0
SPLINE
  5
1BA
330
70
100
AcDbEntity
  8
Layer 2
 62
   250
420
  2236192
370
    35
100
AcDbSpline
210
0.0
220
0.0
230
1.0
 70
     8
 71
     3
 72
    11
 73
     7
 74
     0
 42
0.0000000001
 43
0.0000000001
 40
0.0
 40
0.0
 40
0.0
 40
0.0
 40
1.0
 40
1.0
 40
1.0
 40
2.0
 40
2.0
 40
2.0
 40
2.0
 10
3.028787021002825
 20
7.081733093406101
 30
0.0
 10
3.028787021002825
 20
7.081733093406101
 30
0.0
 10
3.06063235430732
 20
7.151202932296099
 30
0.0
 10
3.098670638484513
 20
7.200186307319338
 30
0.0
 10
3.122818077794009
 20
7.231281902221527
 30
0.0
 10
3.149461249198187
 20
7.254121541856243
 30
0.0
 10
3.172037518464826
 20
7.245691757067334
 30
0.0
  0
SPLINE
  5
1BB
330
70
100
AcDbEntity
  8
Layer 2
 62
   250
420
  2236192
370
    35
100
AcDbSpline
210
0.0
220
0.0
230
1.0
 70
     8
 71
     3
 72
     8
 73
     4
 74
     0
 42
0.0000000001
 43
0.0000000001
 40
0.0
 40
0.0
 40
0.0
 40
0.0
 40
1.0
 40
1.0
 40
1.0
 40
1.0
 10
3.134722268933223
 20
7.079166772154469
 30
0.0
 10
3.134722268933223
 20
7.079166772154469
 30
0.0
 10
3.107278402702705
 20
7.187033400180943
 30
0.0
 10
3.073981784339619
 20
7.164595143853981
 30
0.0
  0
SPLINE
  5
1BC
330
70
100
AcDbEntity
  8
Layer 2
 62
   250
420
  2236192
370
    35
100
AcDbSpline
210
0.0
220
0.0
230
1.0
 70
     8
 71
     3
 72
     8
 73
     4
 74
     0
 42
0.0000000001
 43
0.0000000001
 40
0.0
 40
0.0
 40
0.0
 40
0.0
 40
1.0
 40
1.0
 40
1.0
 40
1.0
 10
2.580118273336059
 20
6.582330344997936
 30
0.0
 10
2.580118273336059
 20
6.582330344997936
 30
0.0
 10
2.532997842788871
 20
6.536119799831516
 30
0.0
 10
2.297250001688919
 20
6.549597749277482
 30
0.0
  0
SPLINE
  5
1BD
330
70
100
AcDbEntity
  8
Layer 2
 62
   250
420
  2236192
370
    35
100
AcDbSpline
210
0.0
220
0.0
230
1.0
 70
     8
 71
     3
 72
     8
 73
     4
 74
     0
 42
0.0000000001
 43
0.0000000001
 40
0.0
 40
0.0
 40
0.0
 40
0.0
 40
1.0
 40
1.0
 40
1.0
 40
1.0
 10
2.487115154082175
 20
6.518599126346089
 30
0.0
 10
2.487115154082175
 20
6.518599126346089
 30
0.0
 10
2.374021729787273
 20
6.463030376117406
 30
0.0
 10
2.297250001688919
 20
6.453737458295777
 30
0.0
  0
SPLINE
  5
1BE
330
70
100
AcDbEntity
  8
Layer 2
 62
   250
420
  2236192
370
    35
100
AcDbSpline
210
0.0
220
0.0
230
1.0
 70
     8
 71
     3
 72
    11
 73
     7
 74
     0
 42
0.0000000001
 43
0.0000000001
 40
0.0
 40
0.0
 40
0.0
 40
0.0
 40
1.0
 40
1.0
 40
1.0
 40
2.0
 40
2.0
 40
2.0
 40
2.0
 10
2.206944477330479
 20
6.388888984090751
 30
0.0
 10
2.206944477330479
 20
6.388888984090751
 30
0.0
 10
2.233620699031209
 20
6.242473739503313
 30
0.0
 10
2.392182577885553
 20
6.235060977440424
 30
0.0
 10
2.668763346731515
 20
6.222130836567733
 30
0.0
 10
2.719444484967324
 20
6.388888984090751
 30
0.0
 10
2.719444484967324
 20
6.388888984090751
 30
0.0
  0
SPLINE
  5
1BF
330
70
100
AcDbEntity
  8
Layer 2
 62
   250
420
  2236192
370
    35
100
AcDbSpline
210
0.0
220
0.0
230
1.0
 70
     8
 71
     3
 72
    29
 73
    25
 74
     0
 42
0.0000000001
 43
0.0000000001
 40
0.0
 40
0.0
 40
0.0
 40
0.0
 40
1.0
 40
1.0
 40
1.0
 40
2.0
 40
2.0
 40
2.0
 40
3.0
 40
3.0
 40
3.0
 40
4.0
 40
4.0
 40
4.0
 40
5.0
 40
5.0
 40
5.0
 40
6.0
 40
6.0
 40
6.0
 40
7.0
 40
7.0
 40
7.0
 40
8.0
 40
8.0
 40
8.0
 40
8.0
 10
1.236111129530601
 20
6.777777878774536
 30
0.0
 10
1.236111129530601
 20
6.777777878774536
 30
0.0
 10
1.201019519167529
 20
7.036257266081634
 30
0.0
 10
1.487630571239719
 20
7.181788197490921
 30
0.0
 10
1.77424162331191
 20
7.327319128900208
 30
0.0
 10
1.771192978059401
 20
7.619889906008463
 30
0.0
 10
1.771192978059401
 20
7.619889906008463
 30
0.0
 10
1.771192978059401
 20
7.619889906008463
 30
0.0
 10
1.631139140295039
 20
7.931807893270628
 30
0.0
 10
2.07007363945964
 20
8.23405227545585
 30
0.0
 10
2.07007363945964
 20
8.23405227545585
 30
0.0
 10
2.770865439635068
 20
8.473763337188959
 30
0.0
 10
3.252242218556602
 20
8.056874534174868
 30
0.0
 10
3.252242218556602
 20
8.056874534174868
 30
0.0
 10
3.373575641897433
 20
7.977708386706681
 30
0.0
 10
3.456059191394564
 20
7.648360050358822
 30
0.0
 10
3.466369625248919
 20
7.607191547576714
 30
0.0
 10
3.480964266822967
 20
7.569974815254782
 30
0.0
 10
3.498610964986533
 20
7.536365168349207
 30
0.0
 10
3.622137986765285
 20
7.301097383588663
 30
0.0
 10
3.895216107425969
 20
7.242577169508384
 30
0.0
 10
3.895216107425969
 20
7.242577169508384
 30
0.0
 10
3.895216107425969
 20
7.242577169508384
 30
0.0
 10
4.106470086511055
 20
7.19600022542646
 30
0.0
 10
4.09722228327559
 20
6.860404204262269
 30
0.0
  0
SPLINE
  5
1C0
330
70
100
AcDbEntity
  8
Layer 2
 62
   250
420
  2236192
370
    35
100
AcDbSpline
210
0.0
220
0.0
230
1.0
 70
     8
 71
     3
 72
    47
 73
    43
 74
     0
 42
0.0000000001
 43
0.0000000001
 40
0.0
 40
0.0
 40
0.0
 40
0.0
 40
1.0
 40
1.0
 40
1.0
 40
2.0
 40
2.0
 40
2.0
 40
3.0
 40
3.0
 40
3.0
 40
4.0
 40
4.0
 40
4.0
 40
5.0
 40
5.0
 40
5.0
 40
6.0
 40
6.0
 40
6.0
 40
7.0
 40
7.0
 40
7.0
 40
8.0
 40
8.0
 40
8.0
 40
9.0
 40
9.0
 40
9.0
 40
10.0
 40
10.0
 40
10.0
 40
11.0
 40
11.0
 40
11.0
 40
12.0
 40
12.0
 40
12.0
 40
13.0
 40
13.0
 40
13.0
 40
14.0
 40
14.0
 40
14.0
 40
14.0
 10
0.1416237755801654
 20
5.31168015064241
 30
0.0
 10
0.1416237755801654
 20
5.31168015064241
 30
0.0
 10
0.1416237116294244
 20
5.311680219362957
 30
0.0
 10
0.1416237116294244
 20
5.311680219362957
 30
0.0
 10
0.1181618647274768
 20
5.336891983118321
 30
0.0
 10
0.1370527369337348
 20
5.377869998891772
 30
0.0
 10
0.1714611779239021
 20
5.376403549827474
 30
0.0
 10
0.1714611779239021
 20
5.376403549827474
 30
0.0
 10
0.3361408907771495
 20
5.369385085640374
 30
0.0
 10
0.3361408907771495
 20
5.369385085640374
 30
0.0
 10
0.3433813480337069
 20
5.369076505493668
 30
0.0
 10
0.3503878750136285
 20
5.366731567588039
 30
0.0
 10
0.3563554501701749
 20
5.362619695782869
 30
0.0
 10
0.3563554501701749
 20
5.362619695782869
 30
0.0
 10
0.4982057096552682
 20
5.264879815306913
 30
0.0
 10
0.4982057096552682
 20
5.264879815306913
 30
0.0
 10
0.5056457608431199
 20
5.259753355077123
 30
0.0
 10
0.5146511885221546
 20
5.257405504632161
 30
0.0
 10
0.523647137048455
 20
5.258246852525517
 30
0.0
 10
0.523647137048455
 20
5.258246852525517
 30
0.0
 10
1.277955224653851
 20
5.328793667971606
 30
0.0
 10
1.277955224653851
 20
5.328793667971606
 30
0.0
 10
1.290519288897535
 20
5.329968724604327
 30
0.0
 10
1.301710998975269
 20
5.337223408994796
 30
0.0
 10
1.307913118223053
 20
5.34821295790482
 30
0.0
 10
1.307913118223053
 20
5.34821295790482
 30
0.0
 10
1.448187904194658
 20
5.596766163622191
 30
0.0
 10
1.448187904194658
 20
5.596766163622191
 30
0.0
 10
1.448187904194658
 20
5.596766163622191
 30
0.0
 10
1.486406331439702
 20
5.664485479987105
 30
0.0
 10
1.486406331439702
 20
5.664485479987105
 30
0.0
 10
1.49383764393513
 20
5.677653039150578
 30
0.0
 10
1.49287784756066
 20
5.693950586739965
 30
0.0
 10
1.483952335323048
 20
5.706154858575056
 30
0.0
 10
1.483952335323048
 20
5.706154858575056
 30
0.0
 10
1.446782972944371
 20
5.756978272439785
 30
0.0
 10
1.446782972944371
 20
5.756978272439785
 30
0.0
 10
1.437074163863775
 20
5.770253582815294
 30
0.0
 10
1.436865432555211
 20
5.788228888099675
 30
0.0
 10
1.446263356404617
 20
5.801726068051455
 30
0.0
 10
1.446263356404617
 20
5.801726068051455
 30
0.0
 10
1.819025812452612
 20
6.337082815900505
 30
0.0
 10
1.819025812452612
 20
6.337082815900505
 30
0.0
  0
LINE
  5
1C1
330
70
100
AcDbEntity
  8
Layer 2
 62
   250
420
  2236192
370
    35
100
AcDbLine
 10
1.448187904194658
 20
5.596766163622191
 30
0.0
 11
1.688888914055294
 21
5.309722301343248
 31
0.0
  0
LINE
  5
1C2
330
70
100
AcDbEntity
  8
Layer 2
 62
   250
420
  2236192
370
    35
100
AcDbLine
 10
1.771192978059401
 20
5.940470526242026
 30
0.0
 11
1.701388914241558
 21
5.443584053634455
 31
0.0
  0
SPLINE
  5
1C3
330
70
100
AcDbEntity
  8
Layer 2
 62
   250
420
  2236192
370
    35
100
AcDbSpline
210
0.0
220
0.0
230
1.0
 70
     8
 71
     3
 72
    23
 73
    19
 74
     0
 42
0.0000000001
 43
0.0000000001
 40
0.0
 40
0.0
 40
0.0
 40
0.0
 40
1.0
 40
1.0
 40
1.0
 40
2.0
 40
2.0
 40
2.0
 40
3.0
 40
3.0
 40
3.0
 40
4.0
 40
4.0
 40
4.0
 40
5.0
 40
5.0
 40
5.0
 40
6.0
 40
6.0
 40
6.0
 40
6.0
 10
0.3278220225143463
 20
4.931623618655521
 30
0.0
 10
0.3907663971323876
 20
4.921799005884117
 30
0.0
 10
0.5182243558992418
 20
4.941383936031241
 30
0.0
 10
0.566039572007551
 20
4.949489087176616
 30
0.0
 10
0.5787324513598328
 20
4.951640655526476
 30
0.0
 10
0.5914905852447924
 20
4.952277486025397
 30
0.0
 10
0.6043352851060414
 20
4.951410238603835
 30
0.0
 10
0.6674701523316773
 20
4.947147503670053
 30
0.0
 10
0.8820778248440824
 20
4.933675336441448
 30
0.0
 10
1.234352002419958
 20
4.921784411020224
 30
0.0
 10
1.5294943268501
 20
4.911821956796087
 30
0.0
 10
1.603107970452507
 20
4.988915175729314
 30
0.0
 10
1.62053835970951
 20
5.036957834954793
 30
0.0
 10
1.634917220357654
 20
5.076589692395524
 30
0.0
 10
1.66327485926734
 20
5.122758453812555
 30
0.0
 10
1.68605562403694
 20
5.158233409968311
 30
0.0
 10
1.68605562403694
 20
5.158233409968311
 30
0.0
 10
1.679341429282733
 20
5.158233409968311
 30
0.0
 10
1.679341429282733
 20
5.158233409968311
 30
0.0
  0
SPLINE
  5
1C4
330
70
100
AcDbEntity
  8
Layer 2
 62
   250
420
  2236192
370
    35
100
AcDbSpline
210
0.0
220
0.0
230
1.0
 70
     8
 71
     3
 72
    17
 73
    13
 74
     0
 42
0.0000000001
 43
0.0000000001
 40
0.0
 40
0.0
 40
0.0
 40
0.0
 40
1.0
 40
1.0
 40
1.0
 40
2.0
 40
2.0
 40
2.0
 40
3.0
 40
3.0
 40
3.0
 40
4.0
 40
4.0
 40
4.0
 40
4.0
 10
0.1416237116294244
 20
5.311680219362957
 30
0.0
 10
0.1416237116294244
 20
5.311680219362957
 30
0.0
 10
0.2062396259836229
 20
5.280593564076171
 30
0.0
 10
0.2357587038571738
 20
5.274324599065935
 30
0.0
 10
0.2652777817307247
 20
5.268055634055699
 30
0.0
 10
0.3138888935661978
 20
5.198611188576452
 30
0.0
 10
0.3138888935661978
 20
5.198611188576452
 30
0.0
 10
0.3138888935661978
 20
5.198611188576452
 30
0.0
 10
0.3257030499835436
 20
5.173236282624643
 30
0.0
 10
0.3666627266635613
 20
5.146690047425636
 30
0.0
 10
0.3941002438785341
 20
5.12890761249687
 30
0.0
 10
0.493419434882349
 20
5.09904113320868
 30
0.0
 10
0.493419434882349
 20
5.09904113320868
 30
0.0
  0
SPLINE
  5
1C5
330
70
100
AcDbEntity
  8
Layer 2
 62
   250
420
  2236192
370
    35
100
AcDbSpline
210
0.0
220
0.0
230
1.0
 70
    11
 71
     3
 72
    23
 73
    19
 74
     0
 42
0.0000000001
 43
0.0000000001
 40
0.0
 40
0.0
 40
0.0
 40
0.0
 40
1.0
 40
1.0
 40
1.0
 40
2.0
 40
2.0
 40
2.0
 40
3.0
 40
3.0
 40
3.0
 40
4.0
 40
4.0
 40
4.0
 40
5.0
 40
5.0
 40
5.0
 40
6.0
 40
6.0
 40
6.0
 40
6.0
 10
0.0249480171249717
 20
5.138125076564025
 30
0.0
 10
0.0249480171249717
 20
5.138125076564025
 30
0.0
 10
-0.005041535177611
 20
5.064483901432695
 30
0.0
 10
0.0776730369777599
 20
5.061611930582683
 30
0.0
 10
0.1178838409771667
 20
5.060215752691267
 30
0.0
 10
0.1519554668629123
 20
5.094149393379122
 30
0.0
 10
0.1763538298354332
 20
5.129392386976278
 30
0.0
 10
0.1859762270681308
 20
5.1432917655716
 30
0.0
 10
0.1940940342737021
 20
5.157394802368622
 30
0.0
 10
0.2004904587059728
 20
5.169614566635169
 30
0.0
 10
0.2143282137374803
 20
5.196050289632226
 30
0.0
 10
0.2075841677946326
 20
5.229582428097993
 30
0.0
 10
0.1829411095882152
 20
5.246406535709525
 30
0.0
 10
0.1653958180939222
 20
5.258384913949081
 30
0.0
 10
0.1426334904612834
 20
5.261246529977066
 30
0.0
 10
0.1183873097390789
 20
5.230986781666286
 30
0.0
 10
0.0654865517997223
 20
5.164965512624576
 30
0.0
 10
0.0249480171249717
 20
5.138125076564025
 30
0.0
 10
0.0249480171249717
 20
5.138125076564025
 30
0.0
  0
SPLINE
  5
1C6
330
70
100
AcDbEntity
  8
Layer 2
 62
   250
420
  2236192
370
    35
100
AcDbSpline
210
0.0
220
0.0
230
1.0
 70
     8
 71
     3
 72
    32
 73
    28
 74
     0
 42
0.0000000001
 43
0.0000000001
 40
0.0
 40
0.0
 40
0.0
 40
0.0
 40
1.0
 40
1.0
 40
1.0
 40
2.0
 40
2.0
 40
2.0
 40
3.0
 40
3.0
 40
3.0
 40
4.0
 40
4.0
 40
4.0
 40
5.0
 40
5.0
 40
5.0
 40
6.0
 40
6.0
 40
6.0
 40
7.0
 40
7.0
 40
7.0
 40
8.0
 40
8.0
 40
8.0
 40
9.0
 40
9.0
 40
9.0
 40
9.0
 10
0.1763538298354332
 20
5.129392386976278
 30
0.0
 10
0.3301746513383881
 20
5.14834933891964
 30
0.0
 10
0.2816949417014535
 20
5.08246992772394
 30
0.0
 10
0.2816949417014535
 20
5.08246992772394
 30
0.0
 10
0.2816949417014535
 20
5.08246992772394
 30
0.0
 10
0.2944444488320085
 20
5.061111186527543
 30
0.0
 10
0.3430555606674817
 20
5.073611186713807
 30
0.0
 10
0.3916666725029548
 20
5.086111186900072
 30
0.0
 10
0.3769762577606773
 20
4.9812232836777
 30
0.0
 10
0.3769762577606773
 20
4.9812232836777
 30
0.0
 10
0.3769762577606773
 20
4.9812232836777
 30
0.0
 10
0.249782841389952
 20
4.843717359156067
 30
0.0
 10
0.2294380666256757
 20
4.870805725128371
 30
0.0
 10
0.2213430540431065
 20
4.881583955210936
 30
0.0
 10
0.2091066643316329
 20
4.887883012578438
 30
0.0
 10
0.1957732907236252
 20
4.889863068298394
 30
0.0
 10
0.1612341043028083
 20
4.894992266327764
 30
0.0
 10
0.1564956186155086
 20
4.920876200327117
 30
0.0
 10
0.1585601067422178
 20
4.941597018158416
 30
0.0
 10
0.1598446431440329
 20
4.954489630344217
 30
0.0
 10
0.153451442194359
 20
4.966321752299879
 30
0.0
 10
0.1430207207940586
 20
4.974007422980472
 30
0.0
 10
0.1368898818011783
 20
4.978524810387031
 30
0.0
 10
0.1318867748340153
 20
4.986625858032298
 30
0.0
 10
0.1319444464105699
 20
5.001044337457086
 30
0.0
 10
0.1320925328500127
 20
5.038067450186215
 30
0.0
 10
0.0462673618005485
 20
5.061570283276574
 30
0.0
 10
0.0462673618005485
 20
5.061570283276574
 30
0.0
  0
SPLINE
  5
1C7
330
70
100
AcDbEntity
  8
Layer 2
 62
   250
420
  2236192
370
    35
100
AcDbSpline
210
0.0
220
0.0
230
1.0
 70
     8
 71
     3
 72
     8
 73
     4
 74
     0
 42
0.0000000001
 43
0.0000000001
 40
0.0
 40
0.0
 40
0.0
 40
0.0
 40
1.0
 40
1.0
 40
1.0
 40
1.0
 10
0.1183873097390789
 20
5.230986781666286
 30
0.0
 10
0.1183873097390789
 20
5.230986781666286
 30
0.0
 10
0.1215797224803307
 20
5.306103103998325
 30
0.0
 10
0.2357587038571738
 20
5.274324599065935
 30
0.0
  0
SPLINE
  5
1C8
330
70
100
AcDbEntity
  8
Layer 2
 62
   250
420
  2236192
370
    35
100
AcDbSpline
210
0.0
220
0.0
230
1.0
 70
     8
 71
     3
 72
    20
 73
    16
 74
     0
 42
0.0000000001
 43
0.0000000001
 40
0.0
 40
0.0
 40
0.0
 40
0.0
 40
1.0
 40
1.0
 40
1.0
 40
2.0
 40
2.0
 40
2.0
 40
3.0
 40
3.0
 40
3.0
 40
4.0
 40
4.0
 40
4.0
 40
5.0
 40
5.0
 40
5.0
 40
5.0
 10
1.704166692060728
 20
5.24583341150234
 30
0.0
 10
1.704166692060728
 20
5.24583341150234
 30
0.0
 10
1.577725754336231
 20
4.491487866948419
 30
0.0
 10
1.537065995126289
 20
4.473019976711295
 30
0.0
 10
1.496406235916348
 20
4.454552086474172
 30
0.0
 10
1.870261934068467
 20
4.3028810289171
 30
0.0
 10
2.665538152058918
 20
4.312767452663845
 30
0.0
 10
3.359989293416346
 20
4.321400494045684
 30
0.0
 10
3.271703351338702
 20
4.338746380276145
 30
0.0
 10
3.275548550923657
 20
4.411897423214377
 30
0.0
 10
3.276961110425695
 20
4.438769942703402
 30
0.0
 10
3.276892461751407
 20
4.465602991935232
 30
0.0
 10
3.27243826528148
 20
4.492141412420285
 30
0.0
 10
3.247506679767689
 20
4.640685578397665
 30
0.0
 10
3.11373103203866
 20
5.3678017483513
 30
0.0
 10
3.06944449018273
 20
5.615277861451937
 30
0.0
  0
SPLINE
  5
1C9
330
70
100
AcDbEntity
  8
Layer 2
 62
   250
420
  2236192
370
    35
100
AcDbSpline
210
0.0
220
0.0
230
1.0
 70
     8
 71
     3
 72
    17
 73
    13
 74
     0
 42
0.0000000001
 43
0.0000000001
 40
0.0
 40
0.0
 40
0.0
 40
0.0
 40
1.0
 40
1.0
 40
1.0
 40
2.0
 40
2.0
 40
2.0
 40
3.0
 40
3.0
 40
3.0
 40
4.0
 40
4.0
 40
4.0
 40
4.0
 10
3.179480837857731
 20
6.30895798115499
 30
0.0
 10
3.179480837857731
 20
6.30895798115499
 30
0.0
 10
3.528307049158355
 20
5.823325954234418
 30
0.0
 10
3.528307049158355
 20
5.823325954234418
 30
0.0
 10
3.528307049158355
 20
5.823325954234418
 30
0.0
 10
3.415845205824047
 20
5.671675736477342
 30
0.0
 10
3.528307049158355
 20
5.615277861451937
 30
0.0
 10
3.528307049158355
 20
5.615277861451937
 30
0.0
 10
3.28751077854003
 20
5.473753955184532
 30
0.0
 10
3.259722270795868
 20
5.26527785623653
 30
0.0
 10
3.245122517479987
 20
5.155746979482639
 30
0.0
 10
3.097283519449244
 20
5.453244232482726
 30
0.0
 10
3.097283519449244
 20
5.453244232482726
 30
0.0
  0
SPLINE
  5
1CA
330
70
100
AcDbEntity
  8
Layer 2
 62
   250
420
  2236192
370
    35
100
AcDbSpline
210
0.0
220
0.0
230
1.0
 70
     8
 71
     3
 72
    23
 73
    19
 74
     0
 42
0.0000000001
 43
0.0000000001
 40
0.0
 40
0.0
 40
0.0
 40
0.0
 40
1.0
 40
1.0
 40
1.0
 40
2.0
 40
2.0
 40
2.0
 40
3.0
 40
3.0
 40
3.0
 40
4.0
 40
4.0
 40
4.0
 40
5.0
 40
5.0
 40
5.0
 40
6.0
 40
6.0
 40
6.0
 40
6.0
 10
3.528307049158355
 20
5.615277861451937
 30
0.0
 10
3.528307049158355
 20
5.615277861451937
 30
0.0
 10
3.612366042038097
 20
5.483047085211461
 30
0.0
 10
3.612366042038097
 20
5.483047085211461
 30
0.0
 10
3.649389279491237
 20
5.424806898651468
 30
0.0
 10
3.712746625596259
 20
5.388439385082796
 30
0.0
 10
3.781722968245806
 20
5.386224978447582
 30
0.0
 10
4.089414543424709
 20
5.376346892142881
 30
0.0
 10
4.444444510671827
 20
5.347222301902042
 30
0.0
 10
4.444444510671827
 20
5.347222301902042
 30
0.0
 10
4.444444510671827
 20
5.347222301902042
 30
0.0
 10
4.626388957827455
 20
5.472222303764687
 30
0.0
 10
4.626388957827455
 20
5.472222303764687
 30
0.0
 10
4.626388957827455
 20
5.472222303764687
 30
0.0
 10
4.883338895973135
 20
5.515844709643273
 30
0.0
 10
4.883338895973135
 20
5.515844709643273
 30
0.0
 10
4.883338895973135
 20
5.515844709643273
 30
0.0
 10
5.010260291186138
 20
5.476364469662712
 30
0.0
 10
4.680555625301267
 20
5.334722301715777
 30
0.0
  0
SPLINE
  5
1CB
330
70
100
AcDbEntity
  8
Layer 2
 62
   250
420
  2236192
370
    35
100
AcDbSpline
210
0.0
220
0.0
230
1.0
 70
     8
 71
     3
 72
    41
 73
    37
 74
     0
 42
0.0000000001
 43
0.0000000001
 40
0.0
 40
0.0
 40
0.0
 40
0.0
 40
1.0
 40
1.0
 40
1.0
 40
2.0
 40
2.0
 40
2.0
 40
3.0
 40
3.0
 40
3.0
 40
4.0
 40
4.0
 40
4.0
 40
5.0
 40
5.0
 40
5.0
 40
6.0
 40
6.0
 40
6.0
 40
7.0
 40
7.0
 40
7.0
 40
8.0
 40
8.0
 40
8.0
 40
9.0
 40
9.0
 40
9.0
 40
10.0
 40
10.0
 40
10.0
 40
11.0
 40
11.0
 40
11.0
 40
12.0
 40
12.0
 40
12.0
 40
12.0
 10
3.253394529389854
 20
5.24404172149117
 30
0.0
 10
3.253394529389854
 20
5.24404172149117
 30
0.0
 10
3.322462997573564
 20
4.881541716089499
 30
0.0
 10
3.696262102899683
 20
4.937097272472897
 30
0.0
 10
4.033424539634552
 20
4.987207736884101
 30
0.0
 10
4.26873615845923
 20
5.020368555704218
 30
0.0
 10
4.311623842178556
 20
5.026387473738976
 30
0.0
 10
4.316541822527647
 20
5.027077670038957
 30
0.0
 10
4.321437732668806
 20
5.027204933112001
 30
0.0
 10
4.326387031394081
 20
5.026795856377955
 30
0.0
 10
4.364377746425942
 20
5.023655791796714
 30
0.0
 10
4.531889240374235
 20
5.006384234758784
 30
0.0
 10
4.585338993681816
 20
4.942652828111236
 30
0.0
 10
4.63066236504033
 20
4.888611003183314
 30
0.0
 10
4.680656930443748
 20
4.934381915926678
 30
0.0
 10
4.702821502435527
 20
4.960644986356353
 30
0.0
 10
4.715372247387272
 20
4.975516516414964
 30
0.0
 10
4.730888496397179
 20
4.987644739415182
 30
0.0
 10
4.74886985933636
 20
4.995084779198564
 30
0.0
 10
4.767389273997044
 20
5.002747445388384
 30
0.0
 10
4.792656151168809
 20
5.009712290776001
 30
0.0
 10
4.822838997220842
 20
5.009319495771314
 30
0.0
 10
4.898611184106104
 20
5.008333407963315
 30
0.0
 10
4.879902969621121
 20
5.080138906959215
 30
0.0
 10
4.900002817951922
 20
5.149380660315373
 30
0.0
 10
4.919843663429219
 20
5.217730177501089
 30
0.0
 10
4.949227887993073
 20
5.173208387102337
 30
0.0
 10
4.978394555094356
 20
5.223208387847395
 30
0.0
 10
4.99915330239062
 20
5.258794811783811
 30
0.0
 10
4.981734993659377
 20
5.316894898826237
 30
0.0
 10
4.969967526794688
 20
5.347434852242574
 30
0.0
 10
4.965023925132046
 20
5.360264917219397
 30
0.0
 10
4.956138008954414
 20
5.371112393344067
 30
0.0
 10
4.944674234899543
 20
5.378703944511471
 30
0.0
 10
4.944674234899543
 20
5.378703944511471
 30
0.0
 10
4.864181229544757
 20
5.432008097737366
 30
0.0
 10
4.864181229544757
 20
5.432008097737366
 30
0.0
  0
SPLINE
  5
1CC
330
70
100
AcDbEntity
  8
Layer 2
 62
   250
420
  2236192
370
    35
100
AcDbSpline
210
0.0
220
0.0
230
1.0
 70
     8
 71
     3
 72
    38
 73
    34
 74
     0
 42
0.0000000001
 43
0.0000000001
 40
0.0
 40
0.0
 40
0.0
 40
0.0
 40
1.0
 40
1.0
 40
1.0
 40
2.0
 40
2.0
 40
2.0
 40
3.0
 40
3.0
 40
3.0
 40
4.0
 40
4.0
 40
4.0
 40
5.0
 40
5.0
 40
5.0
 40
6.0
 40
6.0
 40
6.0
 40
7.0
 40
7.0
 40
7.0
 40
8.0
 40
8.0
 40
8.0
 40
9.0
 40
9.0
 40
9.0
 40
10.0
 40
10.0
 40
10.0
 40
11.0
 40
11.0
 40
11.0
 40
11.0
 10
1.664788863139329
 20
4.412099471634746
 30
0.0
 10
1.664788863139329
 20
4.412099471634746
 30
0.0
 10
1.386733923846286
 20
3.773444060449314
 30
0.0
 10
1.267304445364591
 20
3.553161346450451
 30
0.0
 10
1.254428412842824
 20
3.529412039114529
 30
0.0
 10
1.259401831598438
 20
3.499989423143056
 30
0.0
 10
1.279222684965904
 20
3.481633073172992
 30
0.0
 10
1.279222684965904
 20
3.481633073172992
 30
0.0
 10
1.300550978356164
 20
3.461880663401466
 30
0.0
 10
1.300550978356164
 20
3.461880663401466
 30
0.0
 10
1.300550978356164
 20
3.461880663401466
 30
0.0
 10
1.269011436262606
 20
3.407255211246213
 30
0.0
 10
1.228615247894039
 20
3.329569112315008
 30
0.0
 10
1.165394849514364
 20
3.207989668279727
 30
0.0
 10
1.08048228215758
 20
3.029928861993665
 30
0.0
 10
1.060823427677165
 20
2.916377851781236
 30
0.0
 10
1.028603077080725
 20
2.730270702798002
 30
0.0
 10
1.119789448920401
 20
2.572561187637271
 30
0.0
 10
1.252872061573119
 20
2.467952010595
 30
0.0
 10
1.385954674225836
 20
2.363342833552728
 30
0.0
 10
1.928729033897361
 20
1.991478103906501
 30
0.0
 10
1.928729033897361
 20
1.991478103906501
 30
0.0
 10
1.928729033897361
 20
1.991478103906501
 30
0.0
 10
2.039741735654918
 20
2.033498881971152
 30
0.0
 10
2.191666699325044
 20
2.375000035390257
 30
0.0
 10
2.191666699325044
 20
2.375000035390257
 30
0.0
 10
2.043042892059361
 20
2.685085080085097
 30
0.0
 10
1.750971640642433
 20
2.835045895836401
 30
0.0
 10
1.669972124561796
 20
2.876634218713054
 30
0.0
 10
1.843055583019223
 20
3.006944489251408
 30
0.0
 10
1.843055583019223
 20
3.006944489251408
 30
0.0
 10
1.843055583019223
 20
3.006944489251408
 30
0.0
 10
1.366664605758501
 20
3.436607396738382
 30
0.0
 10
1.228615247894039
 20
3.329569112315008
 30
0.0
  0
SPLINE
  5
1CD
330
70
100
AcDbEntity
  8
Layer 2
 62
   250
420
  2236192
370
    35
100
AcDbSpline
210
0.0
220
0.0
230
1.0
 70
     8
 71
     3
 72
    20
 73
    16
 74
     0
 42
0.0000000001
 43
0.0000000001
 40
0.0
 40
0.0
 40
0.0
 40
0.0
 40
1.0
 40
1.0
 40
1.0
 40
2.0
 40
2.0
 40
2.0
 40
3.0
 40
3.0
 40
3.0
 40
4.0
 40
4.0
 40
4.0
 40
5.0
 40
5.0
 40
5.0
 40
5.0
 10
1.843055583019223
 20
3.006944489251408
 30
0.0
 10
1.990983546540052
 20
3.080420762575108
 30
0.0
 10
2.19027781041546
 20
3.552777830718291
 30
0.0
 10
2.19027781041546
 20
3.552777830718291
 30
0.0
 10
2.19027781041546
 20
3.552777830718291
 30
0.0
 10
2.113439585975078
 20
3.139109971277573
 30
0.0
 10
2.185542338173162
 20
3.071527823547107
 30
0.0
 10
2.257645090371245
 20
3.003945675816642
 30
0.0
 10
2.891496722280256
 20
2.890714026841679
 30
0.0
 10
2.884104981248128
 20
2.880561088351644
 30
0.0
 10
2.876713240216
 20
2.870408149861607
 30
0.0
 10
2.825176268978187
 20
2.989150816695731
 30
0.0
 10
3.042783166976151
 20
3.029861156259559
 30
0.0
 10
3.260390064974115
 20
3.070571495823388
 30
0.0
 10
3.174513904208929
 20
4.330893592624217
 30
0.0
 10
3.174513904208929
 20
4.330893592624217
 30
0.0
  0
SPLINE
  5
1CE
330
70
100
AcDbEntity
  8
Layer 2
 62
   250
420
  2236192
370
    35
100
AcDbSpline
210
0.0
220
0.0
230
1.0
 70
     8
 71
     3
 72
    17
 73
    13
 74
     0
 42
0.0000000001
 43
0.0000000001
 40
0.0
 40
0.0
 40
0.0
 40
0.0
 40
1.0
 40
1.0
 40
1.0
 40
2.0
 40
2.0
 40
2.0
 40
3.0
 40
3.0
 40
3.0
 40
4.0
 40
4.0
 40
4.0
 40
4.0
 10
2.185542338173162
 20
3.071527823547107
 30
0.0
 10
2.138969210589847
 20
3.061021059150789
 30
0.0
 10
2.229166699883838
 20
1.583333356926838
 30
0.0
 10
2.229166699883838
 20
1.583333356926838
 30
0.0
 10
2.229166699883838
 20
1.583333356926838
 30
0.0
 10
2.419669588387351
 20
1.498612782579306
 30
0.0
 10
2.70292654678504
 20
1.510529871456962
 30
0.0
 10
2.70292654678504
 20
1.510529871456962
 30
0.0
 10
2.780528585339197
 20
2.223748689405637
 30
0.0
 10
2.780528585339197
 20
2.223748689405637
 30
0.0
 10
2.730118443971403
 20
2.681680699427589
 30
0.0
 10
2.884104981248128
 20
2.880561088351644
 30
0.0
 10
2.884104981248128
 20
2.880561088351644
 30
0.0
  0
LINE
  5
1CF
330
70
100
AcDbEntity
  8
Layer 2
 62
   250
420
  2236192
370
    35
100
AcDbLine
 10
1.928729033897361
 20
1.991478103906501
 30
0.0
 11
2.212836684139233
 21
1.750000026077032
 31
0.0
  0
SPLINE
  5
1D0
330
70
100
AcDbEntity
  8
Layer 2
 62
   250
420
  2236192
370
    35
100
AcDbSpline
210
0.0
220
0.0
230
1.0
 70
     8
 71
     3
 72
    23
 73
    19
 74
     0
 42
0.0000000001
 43
0.0000000001
 40
0.0
 40
0.0
 40
0.0
 40
0.0
 40
1.0
 40
1.0
 40
1.0
 40
2.0
 40
2.0
 40
2.0
 40
3.0
 40
3.0
 40
3.0
 40
4.0
 40
4.0
 40
4.0
 40
5.0
 40
5.0
 40
5.0
 40
6.0
 40
6.0
 40
6.0
 40
6.0
 10
2.229166699883838
 20
1.583333356926838
 30
0.0
 10
2.245496715628443
 20
1.416666687776644
 30
0.0
 10
2.185542338173162
 20
1.008121657398482
 30
0.0
 10
2.185542338173162
 20
1.008121657398482
 30
0.0
 10
2.185542338173162
 20
1.008121657398482
 30
0.0
 10
2.089299549198459
 20
0.8935102105898648
 30
0.0
 10
2.30637974236663
 20
0.9466254581610781
 30
0.0
 10
2.433042356202918
 20
0.9776173049700547
 30
0.0
 10
2.476866799713029
 20
0.9277250785183039
 30
0.0
 10
2.491399809814361
 20
0.8807864999119171
 30
0.0
 10
2.500955450723444
 20
0.8499237812584649
 30
0.0
 10
2.539243343635664
 20
0.8395857992510526
 30
0.0
 10
2.562538179019636
 20
0.861972588219108
 30
0.0
 10
2.587292587986363
 20
0.885762055731195
 30
0.0
 10
2.616306861605936
 20
0.920627002227598
 30
0.0
 10
2.644444483849737
 20
0.9708333477998772
 30
0.0
 10
2.644444483849737
 20
0.9708333477998772
 30
0.0
 10
2.653887691542472
 20
1.324377364378556
 30
0.0
 10
2.70292654678504
 20
1.510529871456962
 30
0.0
  0
SPLINE
  5
1D1
330
70
100
AcDbEntity
  8
Layer 2
 62
   250
420
  2236192
370
    35
100
AcDbSpline
210
0.0
220
0.0
230
1.0
 70
     8
 71
     3
 72
    17
 73
    13
 74
     0
 42
0.0000000001
 43
0.0000000001
 40
0.0
 40
0.0
 40
0.0
 40
0.0
 40
1.0
 40
1.0
 40
1.0
 40
2.0
 40
2.0
 40
2.0
 40
3.0
 40
3.0
 40
3.0
 40
4.0
 40
4.0
 40
4.0
 40
4.0
 10
2.750246828176639
 20
2.003206711325674
 30
0.0
 10
2.750246828176639
 20
2.003206711325674
 30
0.0
 10
2.834046431098108
 20
1.859608954509515
 30
0.0
 10
2.895833376484612
 20
1.815277804827524
 30
0.0
 10
2.949181218569643
 20
1.777001577415906
 30
0.0
 10
2.894875305281932
 20
1.249952089340568
 30
0.0
 10
2.879045463144999
 20
1.106693166914687
 30
0.0
 10
2.875157078604059
 20
1.071503569033994
 30
0.0
 10
2.86147827373419
 20
1.037733988049543
 30
0.0
 10
2.837547373688039
 20
1.011643005769757
 30
0.0
 10
2.808648886091229
 20
0.9801360450475536
 30
0.0
 10
2.763754808693875
 20
0.957023789674622
 30
0.0
 10
2.705419734230745
 20
1.006153860245502
 30
0.0
  0
SPLINE
  5
1D2
330
70
100
AcDbEntity
  8
Layer 2
 62
   250
420
  2236192
370
    35
100
AcDbSpline
210
0.0
220
0.0
230
1.0
 70
     8
 71
     3
 72
    11
 73
     7
 74
     0
 42
0.0000000001
 43
0.0000000001
 40
0.0
 40
0.0
 40
0.0
 40
0.0
 40
1.0
 40
1.0
 40
1.0
 40
2.0
 40
2.0
 40
2.0
 40
2.0
 10
2.644444483849737
 20
1.015972237361387
 30
0.0
 10
2.644444483849737
 20
1.015972237361387
 30
0.0
 10
2.756935332013856
 20
0.9158372094677563
 30
0.0
 10
2.771523242320629
 20
1.226668616189145
 30
0.0
 10
2.786111152627401
 20
1.537500022910535
 30
0.0
 10
2.81209420674592
 20
1.902293081178489
 30
0.0
 10
2.81209420674592
 20
1.902293081178489
 30
0.0
  0
SPLINE
  5
1D3
330
70
100
AcDbEntity
  8
Layer 2
 62
   250
420
  2236192
370
    35
100
AcDbSpline
210
0.0
220
0.0
230
1.0
 70
     8
 71
     3
 72
    23
 73
    19
 74
     0
 42
0.0000000001
 43
0.0000000001
 40
0.0
 40
0.0
 40
0.0
 40
0.0
 40
1.0
 40
1.0
 40
1.0
 40
2.0
 40
2.0
 40
2.0
 40
3.0
 40
3.0
 40
3.0
 40
4.0
 40
4.0
 40
4.0
 40
5.0
 40
5.0
 40
5.0
 40
6.0
 40
6.0
 40
6.0
 40
6.0
 10
2.644444483849737
 20
0.9708333477998772
 30
0.0
 10
2.644444483849737
 20
0.9708333477998772
 30
0.0
 10
2.716666707148154
 20
0.7466203321671148
 30
0.0
 10
2.608333372200528
 20
0.5941435027075638
 30
0.0
 10
2.535567656281298
 20
0.4917273289408968
 30
0.0
 10
2.492351826296915
 20
0.3706646292745416
 30
0.0
 10
2.471818429019397
 20
0.3022104853270472
 30
0.0
 10
2.460012913059788
 20
0.2628533113557094
 30
0.0
 10
2.43480937962445
 20
0.2289862414366881
 30
0.0
 10
2.40084972603155
 20
0.2058540284441379
 30
0.0
 10
2.109783010672117
 20
0.0075888360058293
 30
0.0
 10
1.967761336012206
 20
0.2095985436595432
 30
0.0
 10
1.967761336012206
 20
0.2095985436595432
 30
0.0
 10
1.967761336012206
 20
0.2095985436595432
 30
0.0
 10
1.949752609637231
 20
0.3896494895322777
 30
0.0
 10
2.064998099527176
 20
0.6441903593825675
 30
0.0
 10
2.183333365867535
 20
0.9055555690493848
 30
0.0
 10
2.172187851145395
 20
0.9433030639151334
 30
0.0
 10
2.172187851145395
 20
0.9433030639151334
 30
0.0
  0
SPLINE
  5
1D4
330
70
100
AcDbEntity
  8
Layer 2
 62
   250
420
  2236192
370
    35
100
AcDbSpline
210
0.0
220
0.0
230
1.0
 70
     8
 71
     3
 72
    17
 73
    13
 74
     0
 42
0.0000000001
 43
0.0000000001
 40
0.0
 40
0.0
 40
0.0
 40
0.0
 40
1.0
 40
1.0
 40
1.0
 40
2.0
 40
2.0
 40
2.0
 40
3.0
 40
3.0
 40
3.0
 40
4.0
 40
4.0
 40
4.0
 40
4.0
 10
1.967761336012206
 20
0.2095985436595432
 30
0.0
 10
1.967761336012206
 20
0.2095985436595432
 30
0.0
 10
1.931425898475506
 20
-0.0023742591458308
 30
0.0
 10
2.225788740513684
 20
0.0298135575559779
 30
0.0
 10
2.465980628228016
 20
0.0560779202774282
 30
0.0
 10
2.596637096749999
 20
0.3978475306536589
 30
0.0
 10
2.636591552429561
 20
0.5227482932300265
 30
0.0
 10
2.645641725226949
 20
0.551039843311628
 30
0.0
 10
2.649259183230924
 20
0.5807229838511982
 30
0.0
 10
2.647524913153624
 20
0.610376141203839
 30
0.0
 10
2.647524913153624
 20
0.610376141203839
 30
0.0
 10
2.644444483849737
 20
0.6630464006157379
 30
0.0
 10
2.644444483849737
 20
0.6630464006157379
 30
0.0
  0
SPLINE
  5
1D5
330
70
100
AcDbEntity
  8
Layer 2
 62
   250
420
  2236192
370
    35
100
AcDbSpline
210
0.0
220
0.0
230
1.0
 70
     8
 71
     3
 72
    17
 73
    13
 74
     0
 42
0.0000000001
 43
0.0000000001
 40
0.0
 40
0.0
 40
0.0
 40
0.0
 40
1.0
 40
1.0
 40
1.0
 40
2.0
 40
2.0
 40
2.0
 40
3.0
 40
3.0
 40
3.0
 40
4.0
 40
4.0
 40
4.0
 40
4.0
 10
2.022757512178196
 20
0.5447649724579453
 30
0.0
 10
1.984667385525262
 20
0.4551088900463279
 30
0.0
 10
2.364753574242601
 20
0.3896410288889961
 30
0.0
 10
2.393875674610904
 20
0.4260365289326779
 30
0.0
 10
2.416666702677805
 20
0.4545197376475143
 30
0.0
 10
2.416868112439285
 20
0.4662712417322281
 30
0.0
 10
2.352110158930827
 20
0.523302939099469
 30
0.0
 10
2.328689735469815
 20
0.5439290773678194
 30
0.0
 10
2.29800796508789
 20
0.5471322801378039
 30
0.0
 10
2.24147711859809
 20
0.5580503675672742
 30
0.0
 10
2.161390516493055
 20
0.5735179053412544
 30
0.0
 10
2.068692101372612
 20
0.5713466538323297
 30
0.0
 10
2.022757424248589
 20
0.5447649955749512
 30
0.0
  0
SPLINE
  5
1D6
330
70
100
AcDbEntity
  8
Layer 2
 62
   250
420
  2236192
370
    35
100
AcDbSpline
210
0.0
220
0.0
230
1.0
 70
     9
 71
     3
 72
    23
 73
    19
 74
     0
 42
0.0000000001
 43
0.0000000001
 40
0.0
 40
0.0
 40
0.0
 40
0.0
 40
1.0
 40
1.0
 40
1.0
 40
2.0
 40
2.0
 40
2.0
 40
3.0
 40
3.0
 40
3.0
 40
4.0
 40
4.0
 40
4.0
 40
5.0
 40
5.0
 40
5.0
 40
6.0
 40
6.0
 40
6.0
 40
6.0
 10
2.226113409538141
 20
0.6219568168016849
 30
0.0
 10
2.080229801910743
 20
0.6251527781518133
 30
0.0
 10
2.084601273607227
 20
0.6881204627786702
 30
0.0
 10
2.084601273607227
 20
0.6881204627786702
 30
0.0
 10
2.084601273607227
 20
0.6881204627786702
 30
0.0
 10
2.12456463661091
 20
0.7656171798235442
 30
0.0
 10
2.333353323854478
 20
0.7156172262866171
 30
0.0
 10
2.387142010121136
 20
0.7027361078234864
 30
0.0
 10
2.43397651254112
 20
0.667815891604808
 30
0.0
 10
2.459225383290029
 20
0.6186057248802273
 30
0.0
 10
2.470222351007994
 20
0.5971725835628755
 30
0.0
 10
2.474094554892594
 20
0.5779100663040077
 30
0.0
 10
2.458333369965354
 20
0.5711388528480559
 30
0.0
 10
2.436516192986964
 20
0.5617659051281408
 30
0.0
 10
2.393658377689373
 20
0.5764825745831736
 30
0.0
 10
2.357482497003401
 20
0.5928051630693921
 30
0.0
 10
2.316160670452202
 20
0.6114496067568275
 30
0.0
 10
2.271435840708843
 20
0.6209639106028943
 30
0.0
 10
2.226113409538141
 20
0.6219568168016849
 30
0.0
  0
ENDSEC
  0
SECTION
  2
OBJECTS
  0
DICTIONARY
  5
C
330
0
100
AcDbDictionary
281
     1
  3
ACAD_COLOR
350
63
  3
ACAD_DETAILVIEWSTYLE
350
6A
  3
ACAD_GROUP
350
D
  3
ACAD_LAYOUT
350
62
  3
ACAD_MATERIAL
350
10
  3
ACAD_MLEADERSTYLE
350
66
  3
ACAD_MLINESTYLE
350
5F
  3
ACAD_PLOTSETTINGS
350
61
  3
ACAD_PLOTSTYLENAME
350
E
  3
ACAD_SCALELIST
350
42
  3
ACAD_SECTIONVIEWSTYLE
350
68
  3
ACAD_TABLESTYLE
350
64
  3
ACAD_VISUALSTYLE
350
29
  3
ACDB_RECOMPOSE_DATA
350
1DF
  3
AcDbVariableDictionary
350
1D7
  0
DICTIONARY
  5
63
102
{ACAD_REACTORS
330
C
102
}
330
C
100
AcDbDictionary
281
     1
  0
DICTIONARY
  5
6A
102
{ACAD_REACTORS
330
C
102
}
330
C
100
AcDbDictionary
281
     1
  3
Imperial24
350
6B
  0
DICTIONARY
  5
D
102
{ACAD_REACTORS
330
C
102
}
330
C
100
AcDbDictionary
281
     1
  0
DICTIONARY
  5
62
102
{ACAD_REACTORS
330
C
102
}
330
C
100
AcDbDictionary
281
     1
  3
Layout1
350
6F
  3
Layout2
350
77
  3
Model
350
73
  0
DICTIONARY
  5
10
102
{ACAD_REACTORS
330
C
102
}
330
C
100
AcDbDictionary
281
     1
  3
ByBlock
350
19
  3
ByLayer
350
11
  3
Global
350
21
  0
DICTIONARY
  5
66
102
{ACAD_REACTORS
330
C
102
}
330
C
100
AcDbDictionary
281
     1
  3
Standard
350
67
  0
DICTIONARY
  5
5F
102
{ACAD_REACTORS
330
C
102
}
330
C
100
AcDbDictionary
281
     1
  3
Standard
350
60
  0
DICTIONARY
  5
61
102
{ACAD_REACTORS
330
C
102
}
330
C
100
AcDbDictionary
281
     1
  0
ACDBDICTIONARYWDFLT
  5
E
102
{ACAD_REACTORS
330
C
102
}
330
C
100
AcDbDictionary
281
     1
  3
Normal
350
F
100
AcDbDictionaryWithDefault
340
F
  0
DICTIONARY
  5
42
102
{ACAD_REACTORS
330
C
102
}
330
C
100
AcDbDictionary
281
     1
  3
A0
350
43
  3
A1
350
44
  3
A2
350
45
  3
A3
350
46
  3
A4
350
47
  3
A5
350
48
  3
A6
350
49
  3
A7
350
4A
  3
A8
350
4B
  3
A9
350
4C
  3
B0
350
4D
  3
B1
350
4E
  3
B2
350
4F
  3
B3
350
50
  3
B4
350
51
  3
B5
350
52
  3
B6
350
53
  0
DICTIONARY
  5
68
102
{ACAD_REACTORS
330
C
102
}
330
C
100
AcDbDictionary
281
     1
  3
Imperial24
350
69
  0
DICTIONARY
  5
64
102
{ACAD_REACTORS
330
C
102
}
330
C
100
AcDbDictionary
281
     1
  3
Standard
350
65
  0
DICTIONARY
  5
29
102
{ACAD_REACTORS
330
C
102
}
330
C
100
AcDbDictionary
281
     1
  3
2dWireframe
350
2F
  3
Basic
350
2E
  3
Brighten
350
35
  3
ColorChange
350
39
  3
Conceptual
350
32
  3
Dim
350
34
  3
EdgeColorOff
350
41
  3
Facepattern
350
38
  3
Flat
350
2A
  3
FlatWithEdges
350
2B
  3
Gouraud
350
2C
  3
GouraudWithEdges
350
2D
  3
Hidden
350
31
  3
JitterOff
350
3F
  3
Linepattern
350
37
  3
OverhangOff
350
40
  3
Realistic
350
33
  3
Shaded
350
3E
  3
Shaded with edges
350
3D
  3
Shades of Gray
350
3A
  3
Sketchy
350
3B
  3
Thicken
350
36
  3
Wireframe
350
30
  3
X-Ray
350
3C
  0
XRECORD
  5
1DF
102
{ACAD_REACTORS
330
C
102
}
330
C
100
AcDbXrecord
280
     1
 90
        1
330
65
  0
DICTIONARY
  5
1D7
102
{ACAD_REACTORS
330
C
102
}
330
C
100
AcDbDictionary
281
     1
  3
CANNOSCALE
350
1DC
  3
CMLEADERSTYLE
350
1D9
  3
CTABLESTYLE
350
1D8
  3
CVIEWDETAILSTYLE
350
1DA
  3
CVIEWSECTIONSTYLE
350
1DB
  0
ACDBDETAILVIEWSTYLE
  5
6B
102
{ACAD_REACTORS
330
6A
102
}
330
6A
100
AcDbModelDocViewStyle
 70
     0
  3
Imperial24
290
     1
300
Imperial24
 90
        0
100
AcDbDetailViewStyle
 70
     0
 71
     0
 90
        3
 71
     1
340
55
 62
   256
 40
0.24
340
0
 62
   256
 40
0.24
300

 40
0.36
280
     3
 71
     2
340
5D
 90
       25
 62
   256
 71
     3
340
55
 62
   256
 40
0.24
 90
        1
 40
0.75
 90
        1
300
%<\AcVar ViewType \f "%tc1">% %<\AcVar ViewDetailId>%\PSCALE %<\AcVar ViewScale \f "%sn">%
 71
     4
340
5D
 90
       25
 62
   256
340
5D
 90
       25
 62
   256
280
     0
  0
LAYOUT
  5
6F
102
{ACAD_REACTORS
330
62
102
}
330
62
100
AcDbPlotSettings
  1

  2

  4

  6

 40
0.0
 41
0.0
 42
0.0
 43
0.0
 44
0.0
 45
0.0
 46
0.0
 47
0.0
 48
0.0
 49
0.0
140
0.0
141
0.0
142
1.0
143
1.0
 70
   688
 72
     0
 73
     0
 74
     5
  7

 75
    16
147
1.0
 76
     0
 77
     2
 78
   300
148
0.0
149
0.0
100
AcDbLayout
  1
Layout1
 70
     1
 71
     1
 10
0.0
 20
0.0
 11
12.0
 21
9.0
 12
0.0
 22
0.0
 32
0.0
 14
0.0
 24
0.0
 34
0.0
 15
0.0
 25
0.0
 35
0.0
146
0.0
 13
0.0
 23
0.0
 33
0.0
 16
1.0
 26
0.0
 36
0.0
 17
0.0
 27
1.0
 37
0.0
 76
     0
330
6C
  0
LAYOUT
  5
77
102
{ACAD_REACTORS
330
62
102
}
330
62
100
AcDbPlotSettings
  1

  2

  4

  6

 40
0.0
 41
0.0
 42
0.0
 43
0.0
 44
0.0
 45
0.0
 46
0.0
 47
0.0
 48
0.0
 49
0.0
140
0.0
141
0.0
142
1.0
143
1.0
 70
   688
 72
     0
 73
     0
 74
     5
  7

 75
    16
147
1.0
 76
     0
 77
     2
 78
   300
148
0.0
149
0.0
100
AcDbLayout
  1
Layout2
 70
     1
 71
     2
 10
0.0
 20
0.0
 11
12.0
 21
9.0
 12
0.0
 22
0.0
 32
0.0
 14
0.0
 24
0.0
 34
0.0
 15
0.0
 25
0.0
 35
0.0
146
0.0
 13
0.0
 23
0.0
 33
0.0
 16
1.0
 26
0.0
 36
0.0
 17
0.0
 27
1.0
 37
0.0
 76
     0
330
74
  0
LAYOUT
  5
73
102
{ACAD_REACTORS
330
62
102
}
330
62
100
AcDbPlotSettings
  1

  2

  4

  6

 40
0.0
 41
0.0
 42
0.0
 43
0.0
 44
0.0
 45
0.0
 46
0.0
 47
0.0
 48
0.0
 49
0.0
140
0.0
141
0.0
142
1.0
143
1.0
 70
  1712
 72
     0
 73
     0
 74
     0
  7

 75
     0
147
1.0
 76
     0
 77
     2
 78
   300
148
0.0
149
0.0
100
AcDbLayout
  1
Model
 70
     1
 71
     0
 10
0.0
 20
0.0
 11
12.0
 21
9.0
 12
0.0
 22
0.0
 32
0.0
 14
0.0
 24
0.0
 34
0.0
 15
0.0
 25
0.0
 35
0.0
146
0.0
 13
0.0
 23
0.0
 33
0.0
 16
1.0
 26
0.0
 36
0.0
 17
0.0
 27
1.0
 37
0.0
 76
     0
330
70
  0
MATERIAL
  5
19
102
{ACAD_XDICTIONARY
360
1A
102
}
102
{ACAD_REACTORS
330
10
102
}
330
10
100
AcDbMaterial
  1
ByBlock
 72
     0
 43
0.0208333333333333
 43
0.0
 43
0.0
 43
0.0
 43
0.0
 43
0.0208333333333333
 43
0.0
 43
0.0
 43
0.0
 43
0.0
 43
1.0
 43
0.0
 43
0.0
 43
0.0
 43
0.0
 43
1.0
 77
     0
 47
0.0208333333333333
 47
0.0
 47
0.0
 47
0.0
 47
0.0
 47
0.0208333333333333
 47
0.0
 47
0.0
 47
0.0
 47
0.0
 47
1.0
 47
0.0
 47
0.0
 47
0.0
 47
0.0
 47
1.0
171
     0
 49
0.0208333333333333
 49
0.0
 49
0.0
 49
0.0
 49
0.0
 49
0.0208333333333333
 49
0.0
 49
0.0
 49
0.0
 49
0.0
 49
1.0
 49
0.0
 49
0.0
 49
0.0
 49
0.0
 49
1.0
175
     0
142
0.0208333333333333
142
0.0
142
0.0
142
0.0
142
0.0
142
0.0208333333333333
142
0.0
142
0.0
142
0.0
142
0.0
142
1.0
142
0.0
142
0.0
142
0.0
142
0.0
142
1.0
179
     0
144
0.0208333333333333
144
0.0
144
0.0
144
0.0
144
0.0
144
0.0208333333333333
144
0.0
144
0.0
144
0.0
144
0.0
144
1.0
144
0.0
144
0.0
144
0.0
144
0.0
144
1.0
147
0.0208333333333333
147
0.0
147
0.0
147
0.0
147
0.0
147
0.0208333333333333
147
0.0
147
0.0
147
0.0
147
0.0
147
1.0
147
0.0
147
0.0
147
0.0
147
0.0
147
1.0
  0
MATERIAL
  5
11
102
{ACAD_XDICTIONARY
360
12
102
}
102
{ACAD_REACTORS
330
10
102
}
330
10
100
AcDbMaterial
  1
ByLayer
 72
     0
 43
0.0208333333333333
 43
0.0
 43
0.0
 43
0.0
 43
0.0
 43
0.0208333333333333
 43
0.0
 43
0.0
 43
0.0
 43
0.0
 43
1.0
 43
0.0
 43
0.0
 43
0.0
 43
0.0
 43
1.0
 77
     0
 47
0.0208333333333333
 47
0.0
 47
0.0
 47
0.0
 47
0.0
 47
0.0208333333333333
 47
0.0
 47
0.0
 47
0.0
 47
0.0
 47
1.0
 47
0.0
 47
0.0
 47
0.0
 47
0.0
 47
1.0
171
     0
 49
0.0208333333333333
 49
0.0
 49
0.0
 49
0.0
 49
0.0
 49
0.0208333333333333
 49
0.0
 49
0.0
 49
0.0
 49
0.0
 49
1.0
 49
0.0
 49
0.0
 49
0.0
 49
0.0
 49
1.0
175
     0
142
0.0208333333333333
142
0.0
142
0.0
142
0.0
142
0.0
142
0.0208333333333333
142
0.0
142
0.0
142
0.0
142
0.0
142
1.0
142
0.0
142
0.0
142
0.0
142
0.0
142
1.0
179
     0
144
0.0208333333333333
144
0.0
144
0.0
144
0.0
144
0.0
144
0.0208333333333333
144
0.0
144
0.0
144
0.0
144
0.0
144
1.0
144
0.0
144
0.0
144
0.0
144
0.0
144
1.0
147
0.0208333333333333
147
0.0
147
0.0
147
0.0
147
0.0
147
0.0208333333333333
147
0.0
147
0.0
147
0.0
147
0.0
147
1.0
147
0.0
147
0.0
147
0.0
147
0.0
147
1.0
  0
MATERIAL
  5
21
102
{ACAD_XDICTIONARY
360
22
102
}
102
{ACAD_REACTORS
330
10
102
}
330
10
100
AcDbMaterial
  1
Global
 72
     0
 43
0.0208333333333333
 43
0.0
 43
0.0
 43
0.0
 43
0.0
 43
0.0208333333333333
 43
0.0
 43
0.0
 43
0.0
 43
0.0
 43
1.0
 43
0.0
 43
0.0
 43
0.0
 43
0.0
 43
1.0
 77
     0
 47
0.0208333333333333
 47
0.0
 47
0.0
 47
0.0
 47
0.0
 47
0.0208333333333333
 47
0.0
 47
0.0
 47
0.0
 47
0.0
 47
1.0
 47
0.0
 47
0.0
 47
0.0
 47
0.0
 47
1.0
171
     0
 49
0.0208333333333333
 49
0.0
 49
0.0
 49
0.0
 49
0.0
 49
0.0208333333333333
 49
0.0
 49
0.0
 49
0.0
 49
0.0
 49
1.0
 49
0.0
 49
0.0
 49
0.0
 49
0.0
 49
1.0
175
     0
142
0.0208333333333333
142
0.0
142
0.0
142
0.0
142
0.0
142
0.0208333333333333
142
0.0
142
0.0
142
0.0
142
0.0
142
1.0
142
0.0
142
0.0
142
0.0
142
0.0
142
1.0
179
     0
144
0.0208333333333333
144
0.0
144
0.0
144
0.0
144
0.0
144
0.0208333333333333
144
0.0
144
0.0
144
0.0
144
0.0
144
1.0
144
0.0
144
0.0
144
0.0
144
0.0
144
1.0
147
0.0208333333333333
147
0.0
147
0.0
147
0.0
147
0.0
147
0.0208333333333333
147
0.0
147
0.0
147
0.0
147
0.0
147
1.0
147
0.0
147
0.0
147
0.0
147
0.0
147
1.0
  0
MLEADERSTYLE
  5
67
102
{ACAD_REACTORS
330
66
102
}
330
66
100
AcDbMLeaderStyle
179
     2
170
     2
171
     1
172
     0
 90
        2
 40
0.0
 41
0.0
173
     1
 91
-1056964608
340
5B
 92
       -2
290
     1
 42
0.09
291
     1
 43
0.36
  3
Standard
 44
0.18
300

342
55
174
     1
178
     6
175
     1
176
     0
 93
-1056964608
 45
0.18
292
     0
297
     0
 46
0.18
 94
-1056964608
 47
1.0
 49
1.0
140
1.0
293
     1
141
0.0
294
     1
177
     0
142
1.0
295
     1
296
     0
143
0.125
271
     0
272
     9
273
     9
298
     1
  0
MLINESTYLE
  5
60
102
{ACAD_REACTORS
330
5F
102
}
330
5F
100
AcDbMlineStyle
  2
STANDARD
 70
     0
  3

 62
   256
 51
90.0
 52
90.0
 71
     2
 49
0.5
 62
   256
  6
BYLAYER
 49
-0.5
 62
   256
  6
BYLAYER
  0
ACDBPLACEHOLDER
  5
F
102
{ACAD_REACTORS
330
E
102
}
330
E
  0
SCALE
  5
43
102
{ACAD_REACTORS
330
42
102
}
330
42
100
AcDbScale
 70
     0
300
1:1
140
1.0
141
1.0
290
     1
  0
SCALE
  5
44
102
{ACAD_REACTORS
330
42
102
}
330
42
100
AcDbScale
 70
     0
300
1/128" = 1'-0"
140
0.0078125
141
12.0
290
     0
  0
SCALE
  5
45
102
{ACAD_REACTORS
330
42
102
}
330
42
100
AcDbScale
 70
     0
300
1/64" = 1'-0"
140
0.015625
141
12.0
290
     0
  0
SCALE
  5
46
102
{ACAD_REACTORS
330
42
102
}
330
42
100
AcDbScale
 70
     0
300
1/32" = 1'-0"
140
0.03125
141
12.0
290
     0
  0
SCALE
  5
47
102
{ACAD_REACTORS
330
42
102
}
330
42
100
AcDbScale
 70
     0
300
1/16" = 1'-0"
140
0.0625
141
12.0
290
     0
  0
SCALE
  5
48
102
{ACAD_REACTORS
330
42
102
}
330
42
100
AcDbScale
 70
     0
300
3/32" = 1'-0"
140
0.09375
141
12.0
290
     0
  0
SCALE
  5
49
102
{ACAD_REACTORS
330
42
102
}
330
42
100
AcDbScale
 70
     0
300
1/8" = 1'-0"
140
0.125
141
12.0
290
     0
  0
SCALE
  5
4A
102
{ACAD_REACTORS
330
42
102
}
330
42
100
AcDbScale
 70
     0
300
3/16" = 1'-0"
140
0.1875
141
12.0
290
     0
  0
SCALE
  5
4B
102
{ACAD_REACTORS
330
42
102
}
330
42
100
AcDbScale
 70
     0
300
1/4" = 1'-0"
140
0.25
141
12.0
290
     0
  0
SCALE
  5
4C
102
{ACAD_REACTORS
330
42
102
}
330
42
100
AcDbScale
 70
     0
300
3/8" = 1'-0"
140
0.375
141
12.0
290
     0
  0
SCALE
  5
4D
102
{ACAD_REACTORS
330
42
102
}
330
42
100
AcDbScale
 70
     0
300
1/2" = 1'-0"
140
0.5
141
12.0
290
     0
  0
SCALE
  5
4E
102
{ACAD_REACTORS
330
42
102
}
330
42
100
AcDbScale
 70
     0
300
3/4" = 1'-0"
140
0.75
141
12.0
290
     0
  0
SCALE
  5
4F
102
{ACAD_REACTORS
330
42
102
}
330
42
100
AcDbScale
 70
     0
300
1" = 1'-0"
140
1.0
141
12.0
290
     0
  0
SCALE
  5
50
102
{ACAD_REACTORS
330
42
102
}
330
42
100
AcDbScale
 70
     0
300
1-1/2" = 1'-0"
140
1.5
141
12.0
290
     0
  0
SCALE
  5
51
102
{ACAD_REACTORS
330
42
102
}
330
42
100
AcDbScale
 70
     0
300
3" = 1'-0"
140
3.0
141
12.0
290
     0
  0
SCALE
  5
52
102
{ACAD_REACTORS
330
42
102
}
330
42
100
AcDbScale
 70
     0
300
6" = 1'-0"
140
6.0
141
12.0
290
     0
  0
SCALE
  5
53
102
{ACAD_REACTORS
330
42
102
}
330
42
100
AcDbScale
 70
     0
300
1'-0" = 1'-0"
140
12.0
141
12.0
290
     0
  0
ACDBSECTIONVIEWSTYLE
  5
69
102
{ACAD_REACTORS
330
68
102
}
330
68
100
AcDbModelDocViewStyle
 70
     0
  3
Imperial24
290
     1
300
Imperial24
 90
        0
100
AcDbSectionViewStyle
 70
     0
 71
     0
 90
       78
 71
     1
340
55
 62
   256
 40
0.24
340
0
340
0
 62
   256
 40
0.24
300
I, O, Q, S, X, Z
 40
0.48
 90
        3
 40
0.18
 90
        1
 71
     2
340
5D
 90
       25
 62
   256
340
5D
 90
       50
 62
   256
 40
0.24
 40
0.0
 40
0.24
 71
     3
340
55
 62
   256
 40
0.24
 90
        1
 40
0.75
 90
        1
300
%<\AcVar ViewType \f "%tc1">% %<\AcVar ViewSectionStartId>%-%<\AcVar ViewSectionEndId>%\PSCALE %<\AcVar ViewScale \f "%sn">%
 71
     4
 62
   256
 62
   257
300
ANSI31
 40
1.0
 90
        0
290
     0
290
     0
 90
        6
 40
0.0
 40
1.570796326794896
 40
0.2617993877991494
 40
1.308996938995747
 40
-0.2617993877991494
 40
1.832595714594046
  0
TABLESTYLE
  5
65
102
{ACAD_XDICTIONARY
360
1DD
102
}
102
{ACAD_REACTORS
330
64
102
}
330
64
100
AcDbTableStyle
280
     0
  3
Standard
 70
     0
 71
     0
 40
0.06
 41
0.06
280
     0
281
     0
  7
Standard
140
0.18
170
     2
 62
     0
 63
     7
283
     0
 90
      512
 91
        0
  1

274
    -2
284
     1
 64
     0
275
    -2
285
     1
 65
     0
276
    -2
286
     1
 66
     0
277
    -2
287
     1
 67
     0
278
    -2
288
     1
 68
     0
279
    -2
289
     1
 69
     0
  7
Standard
140
0.25
170
     5
 62
     0
 63
     7
283
     0
 90
      512
 91
        0
  1

274
    -2
284
     1
 64
     0
275
    -2
285
     1
 65
     0
276
    -2
286
     1
 66
     0
277
    -2
287
     1
 67
     0
278
    -2
288
     1
 68
     0
279
    -2
289
     1
 69
     0
  7
Standard
140
0.18
170
     5
 62
     0
 63
     7
283
     0
 90
      512
 91
        0
  1

274
    -2
284
     1
 64
     0
275
    -2
285
     1
 65
     0
276
    -2
286
     1
 66
     0
277
    -2
287
     1
 67
     0
278
    -2
288
     1
 68
     0
279
    -2
289
     1
 69
     0
  0
VISUALSTYLE
  5
2F
102
{ACAD_REACTORS
330
29
102
}
330
29
100
AcDbVisualStyle
  2
2dWireframe
 70
     4
177
     3
291
     0
 70
    58
 90
        0
176
     1
 90
        2
176
     1
 90
        0
176
     1
 90
        0
176
     1
 40
0.6
176
     1
 40
30.0
176
     1
 62
     7
420
 16777215
176
     1
 90
        1
176
     1
 90
        4
176
     1
 62
     7
176
     1
 62
   257
176
     1
 90
        1
176
     1
 90
        1
176
     1
 40
1.0
176
     1
 90
        0
176
     1
 62
   257
176
     1
 40
1.0
176
     1
 90
        1
176
     1
 90
        6
176
     1
 90
        2
176
     1
 62
     7
176
     1
 90
        5
176
     1
 90
        0
176
     1
 90
        0
176
     1
290
     0
176
     1
 90
        1
176
     1
 40
0.0
176
     1
 90
        0
176
     1
290
     1
176
     1
290
     1
176
     1
290
     0
176
     1
290
     0
176
     1
290
     0
176
     1
290
     0
176
     1
290
     0
176
     1
290
     0
176
     1
290
     0
176
     1
 90
       50
176
     1
 40
0.0
176
     1
 40
1.0
176
     1
 90
        0
176
     1
 62
    18
420
        0
176
     1
 90
       50
176
     1
 90
        3
176
     1
 62
     5
420
      255
176
     1
290
     0
176
     1
 90
       50
176
     1
 90
       50
176
     1
 90
       50
176
     1
290
     0
176
     1
 90
       50
176
     1
 62
   256
176
     0
 40
1.0
176
     0
 90
        2
176
     1
  1
strokes_ogs.tif
176
     1
290
     0
176
     1
 40
1.0
176
     1
 40
1.0
176
     1
  0
VISUALSTYLE
  5
2E
102
{ACAD_REACTORS
330
29
102
}
330
29
100
AcDbVisualStyle
  2
Basic
 70
     7
177
     3
291
     1
 70
    58
 90
        1
176
     1
 90
        0
176
     1
 90
        1
176
     1
 90
        0
176
     1
 40
0.6
176
     1
 40
30.0
176
     1
 62
     7
420
 16777215
176
     1
 90
        0
176
     1
 90
        4
176
     1
 62
     7
176
     1
 62
   257
176
     1
 90
        1
176
     1
 90
        1
176
     1
 40
1.0
176
     1
 90
        8
176
     1
 62
     7
176
     1
 40
1.0
176
     1
 90
        1
176
     1
 90
        6
176
     1
 90
        2
176
     1
 62
     7
176
     1
 90
        5
176
     1
 90
        0
176
     1
 90
        0
176
     1
290
     0
176
     1
 90
        1
176
     1
 40
0.0
176
     1
 90
        0
176
     1
290
     0
176
     1
290
     1
176
     1
290
     1
176
     1
290
     0
176
     1
290
     0
176
     1
290
     0
176
     1
290
     0
176
     1
290
     0
176
     1
290
     0
176
     1
 90
       50
176
     1
 40
0.0
176
     1
 40
1.0
176
     1
 90
        0
176
     1
 62
    18
420
        0
176
     1
 90
       50
176
     1
 90
        3
176
     1
 62
     5
420
      255
176
     1
290
     0
176
     1
 90
       50
176
     1
 90
       50
176
     1
 90
       50
176
     1
290
     0
176
     1
 90
       50
176
     1
 62
   256
176
     0
 40
1.0
176
     0
 90
        2
176
     1
  1
strokes_ogs.tif
176
     1
290
     0
176
     1
 40
1.0
176
     1
 40
1.0
176
     1
  0
VISUALSTYLE
  5
35
102
{ACAD_REACTORS
330
29
102
}
330
29
100
AcDbVisualStyle
  2
Brighten
 70
    12
177
     3
291
     1
 70
    58
 90
        2
176
     1
 90
        2
176
     1
 90
        0
176
     1
 90
        0
176
     1
 40
0.6
176
     1
 40
30.0
176
     1
 62
     7
420
 16777215
176
     1
 90
        1
176
     1
 90
        4
176
     1
 62
     7
176
     1
 62
   257
176
     1
 90
        1
176
     1
 90
        1
176
     1
 40
1.0
176
     1
 90
        8
176
     1
 62
     7
176
     1
 40
1.0
176
     1
 90
        1
176
     1
 90
        6
176
     1
 90
        2
176
     1
 62
     7
176
     1
 90
        5
176
     1
 90
        0
176
     1
 90
        0
176
     1
290
     0
176
     1
 90
        1
176
     1
 40
50.0
176
     1
 90
        0
176
     1
290
     0
176
     1
290
     1
176
     1
290
     1
176
     1
290
     0
176
     1
290
     0
176
     1
290
     0
176
     1
290
     0
176
     1
290
     0
176
     1
290
     0
176
     1
 90
       50
176
     1
 40
0.0
176
     1
 40
1.0
176
     1
 90
        0
176
     1
 62
    18
420
        0
176
     1
 90
       50
176
     1
 90
        3
176
     1
 62
     5
420
      255
176
     1
290
     0
176
     1
 90
       50
176
     1
 90
       50
176
     1
 90
       50
176
     1
290
     0
176
     1
 90
       50
176
     1
 62
   256
176
     0
 40
1.0
176
     0
 90
        2
176
     1
  1
strokes_ogs.tif
176
     1
290
     0
176
     1
 40
1.0
176
     1
 40
1.0
176
     1
  0
VISUALSTYLE
  5
39
102
{ACAD_REACTORS
330
29
102
}
330
29
100
AcDbVisualStyle
  2
ColorChange
 70
    16
177
     3
291
     1
 70
    58
 90
        2
176
     1
 90
        2
176
     1
 90
        3
176
     1
 90
        0
176
     1
 40
0.6
176
     1
 40
30.0
176
     1
 62
     8
420
  8421504
176
     1
 90
        1
176
     1
 90
        4
176
     1
 62
     7
176
     1
 62
   257
176
     1
 90
        1
176
     1
 90
        1
176
     1
 40
1.0
176
     1
 90
        8
176
     1
 62
     8
420
  8421504
176
     1
 40
1.0
176
     1
 90
        1
176
     1
 90
        6
176
     1
 90
        2
176
     1
 62
     7
176
     1
 90
        5
176
     1
 90
        0
176
     1
 90
        0
176
     1
290
     0
176
     1
 90
        1
176
     1
 40
0.0
176
     1
 90
        0
176
     1
290
     0
176
     1
290
     1
176
     1
290
     1
176
     1
290
     0
176
     1
290
     0
176
     1
290
     0
176
     1
290
     0
176
     1
290
     0
176
     1
290
     0
176
     1
 90
       50
176
     1
 40
0.0
176
     1
 40
1.0
176
     1
 90
        0
176
     1
 62
    18
420
        0
176
     1
 90
       50
176
     1
 90
        3
176
     1
 62
     5
420
      255
176
     1
290
     0
176
     1
 90
       50
176
     1
 90
       50
176
     1
 90
       50
176
     1
290
     0
176
     1
 90
       50
176
     1
 62
   256
176
     0
 40
1.0
176
     0
 90
        2
176
     1
  1
strokes_ogs.tif
176
     1
290
     0
176
     1
 40
1.0
176
     1
 40
1.0
176
     1
  0
VISUALSTYLE
  5
32
102
{ACAD_REACTORS
330
29
102
}
330
29
100
AcDbVisualStyle
  2
Conceptual
 70
     9
177
     3
291
     0
 70
    58
 90
        3
176
     1
 90
        2
176
     1
 90
        0
176
     1
 90
        0
176
     1
 40
0.6
176
     1
 40
30.0
176
     1
 62
     7
420
 16777215
176
     1
 90
        2
176
     1
 90
        2
176
     1
 62
     7
176
     1
 62
   257
176
     1
 90
        1
176
     1
 90
        1
176
     1
 40
179.0
176
     1
 90
        8
176
     1
 62
     7
176
     1
 40
1.0
176
     1
 90
        1
176
     1
 90
        6
176
     1
 90
        2
176
     1
 62
     7
176
     1
 90
        3
176
     1
 90
        0
176
     1
 90
        0
176
     1
290
     0
176
     1
 90
        1
176
     1
 40
0.0
176
     1
 90
        0
176
     1
290
     0
176
     1
290
     1
176
     1
290
     1
176
     1
290
     0
176
     1
290
     0
176
     1
290
     0
176
     1
290
     0
176
     1
290
     0
176
     1
290
     0
176
     1
 90
       50
176
     1
 40
0.0
176
     1
 40
1.0
176
     1
 90
        0
176
     1
 62
    18
420
        0
176
     1
 90
       50
176
     1
 90
        3
176
     1
 62
     5
420
      255
176
     1
290
     0
176
     1
 90
       50
176
     1
 90
       50
176
     1
 90
       50
176
     1
290
     0
176
     1
 90
       50
176
     1
 62
   256
176
     0
 40
1.0
176
     0
 90
        2
176
     1
  1
strokes_ogs.tif
176
     1
290
     0
176
     1
 40
1.0
176
     1
 40
1.0
176
     1
  0
VISUALSTYLE
  5
34
102
{ACAD_REACTORS
330
29
102
}
330
29
100
AcDbVisualStyle
  2
Dim
 70
    11
177
     3
291
     1
 70
    58
 90
        2
176
     1
 90
        2
176
     1
 90
        0
176
     1
 90
        0
176
     1
 40
0.6
176
     1
 40
30.0
176
     1
 62
     7
420
 16777215
176
     1
 90
        1
176
     1
 90
        4
176
     1
 62
     7
176
     1
 62
   257
176
     1
 90
        1
176
     1
 90
        1
176
     1
 40
1.0
176
     1
 90
        8
176
     1
 62
     7
176
     1
 40
1.0
176
     1
 90
        1
176
     1
 90
        6
176
     1
 90
        2
176
     1
 62
     7
176
     1
 90
        5
176
     1
 90
        0
176
     1
 90
        0
176
     1
290
     0
176
     1
 90
        1
176
     1
 40
-50.0
176
     1
 90
        0
176
     1
290
     0
176
     1
290
     1
176
     1
290
     1
176
     1
290
     0
176
     1
290
     0
176
     1
290
     0
176
     1
290
     0
176
     1
290
     0
176
     1
290
     0
176
     1
 90
       50
176
     1
 40
0.0
176
     1
 40
1.0
176
     1
 90
        0
176
     1
 62
    18
420
        0
176
     1
 90
       50
176
     1
 90
        3
176
     1
 62
     5
420
      255
176
     1
290
     0
176
     1
 90
       50
176
     1
 90
       50
176
     1
 90
       50
176
     1
290
     0
176
     1
 90
       50
176
     1
 62
   256
176
     0
 40
1.0
176
     0
 90
        2
176
     1
  1
strokes_ogs.tif
176
     1
290
     0
176
     1
 40
1.0
176
     1
 40
1.0
176
     1
  0
VISUALSTYLE
  5
41
102
{ACAD_REACTORS
330
29
102
}
330
29
100
AcDbVisualStyle
  2
EdgeColorOff
 70
    22
177
     3
291
     1
 70
    58
 90
        2
176
     0
 90
        2
176
     0
 90
        0
176
     0
 90
        0
176
     0
 40
0.6
176
     0
 40
30.0
176
     0
 62
     7
420
 16777215
176
     0
 90
        1
176
     0
 90
        4
176
     0
 62
     7
176
     0
 62
   257
176
     0
 90
        1
176
     0
 90
        1
176
     0
 40
1.0
176
     0
 90
        8
176
     2
 62
     7
176
     0
 40
1.0
176
     0
 90
        1
176
     0
 90
        6
176
     0
 90
        2
176
     0
 62
     7
176
     0
 90
        5
176
     0
 90
        0
176
     0
 90
        0
176
     0
290
     0
176
     0
 90
        1
176
     0
 40
0.0
176
     0
 90
        0
176
     0
290
     0
176
     0
290
     1
176
     0
290
     1
176
     0
290
     0
176
     0
290
     0
176
     0
290
     0
176
     0
290
     0
176
     0
290
     0
176
     0
290
     0
176
     0
 90
       50
176
     0
 40
0.0
176
     0
 40
1.0
176
     0
 90
        0
176
     0
 62
    18
420
        0
176
     0
 90
       50
176
     0
 90
        3
176
     0
 62
     5
420
      255
176
     0
290
     0
176
     0
 90
       50
176
     0
 90
       50
176
     0
 90
       50
176
     0
290
     0
176
     0
 90
       50
176
     0
 62
   256
176
     0
 40
1.0
176
     0
 90
        2
176
     0
  1
strokes_ogs.tif
176
     0
290
     0
176
     0
 40
1.0
176
     0
 40
1.0
176
     0
  0
VISUALSTYLE
  5
38
102
{ACAD_REACTORS
330
29
102
}
330
29
100
AcDbVisualStyle
  2
Facepattern
 70
    15
177
     3
291
     1
 70
    58
 90
        2
176
     1
 90
        2
176
     1
 90
        0
176
     1
 90
        0
176
     1
 40
0.6
176
     1
 40
30.0
176
     1
 62
     7
420
 16777215
176
     1
 90
        1
176
     1
 90
        4
176
     1
 62
     7
176
     1
 62
   257
176
     1
 90
        1
176
     1
 90
        1
176
     1
 40
1.0
176
     1
 90
        8
176
     1
 62
     7
176
     1
 40
1.0
176
     1
 90
        1
176
     1
 90
        6
176
     1
 90
        2
176
     1
 62
     7
176
     1
 90
        5
176
     1
 90
        0
176
     1
 90
        0
176
     1
290
     0
176
     1
 90
        1
176
     1
 40
0.0
176
     1
 90
        0
176
     1
290
     0
176
     1
290
     1
176
     1
290
     1
176
     1
290
     0
176
     1
290
     0
176
     1
290
     0
176
     1
290
     0
176
     1
290
     0
176
     1
290
     0
176
     1
 90
       50
176
     1
 40
0.0
176
     1
 40
1.0
176
     1
 90
        0
176
     1
 62
    18
420
        0
176
     1
 90
       50
176
     1
 90
        3
176
     1
 62
     5
420
      255
176
     1
290
     0
176
     1
 90
       50
176
     1
 90
       50
176
     1
 90
       50
176
     1
290
     0
176
     1
 90
       50
176
     1
 62
   256
176
     0
 40
1.0
176
     0
 90
        2
176
     1
  1
strokes_ogs.tif
176
     1
290
     0
176
     1
 40
1.0
176
     1
 40
1.0
176
     1
  0
VISUALSTYLE
  5
2A
102
{ACAD_REACTORS
330
29
102
}
330
29
100
AcDbVisualStyle
  2
Flat
 70
     0
177
     3
291
     1
 70
    58
 90
        2
176
     1
 90
        1
176
     1
 90
        1
176
     1
 90
        2
176
     1
 40
0.6
176
     1
 40
30.0
176
     1
 62
     7
420
 16777215
176
     1
 90
        0
176
     1
 90
        0
176
     1
 62
     7
176
     1
 62
   257
176
     1
 90
        1
176
     1
 90
        1
176
     1
 40
1.0
176
     1
 90
        8
176
     1
 62
     7
176
     1
 40
1.0
176
     1
 90
        1
176
     1
 90
        6
176
     1
 90
        2
176
     1
 62
     7
176
     1
 90
        5
176
     1
 90
        0
176
     1
 90
        0
176
     1
290
     0
176
     1
 90
       13
176
     1
 40
0.0
176
     1
 90
        0
176
     1
290
     0
176
     1
290
     1
176
     1
290
     1
176
     1
290
     0
176
     1
290
     0
176
     1
290
     0
176
     1
290
     0
176
     1
290
     0
176
     1
290
     0
176
     1
 90
       50
176
     1
 40
0.0
176
     1
 40
1.0
176
     1
 90
        0
176
     1
 62
    18
420
        0
176
     1
 90
       50
176
     1
 90
        3
176
     1
 62
     5
420
      255
176
     1
290
     0
176
     1
 90
       50
176
     1
 90
       50
176
     1
 90
       50
176
     1
290
     0
176
     1
 90
       50
176
     1
 62
   256
176
     0
 40
1.0
176
     0
 90
        2
176
     1
  1
strokes_ogs.tif
176
     1
290
     0
176
     1
 40
1.0
176
     1
 40
1.0
176
     1
  0
VISUALSTYLE
  5
2B
102
{ACAD_REACTORS
330
29
102
}
330
29
100
AcDbVisualStyle
  2
FlatWithEdges
 70
     1
177
     3
291
     1
 70
    58
 90
        2
176
     1
 90
        1
176
     1
 90
        1
176
     1
 90
        2
176
     1
 40
0.6
176
     1
 40
30.0
176
     1
 62
     7
420
 16777215
176
     1
 90
        1
176
     1
 90
        0
176
     1
 62
     7
176
     1
 62
   257
176
     1
 90
        1
176
     1
 90
        1
176
     1
 40
1.0
176
     1
 90
        0
176
     1
 62
   257
176
     1
 40
1.0
176
     1
 90
        1
176
     1
 90
        6
176
     1
 90
        2
176
     1
 62
     7
176
     1
 90
        5
176
     1
 90
        0
176
     1
 90
        0
176
     1
290
     0
176
     1
 90
       13
176
     1
 40
0.0
176
     1
 90
        0
176
     1
290
     0
176
     1
290
     1
176
     1
290
     1
176
     1
290
     0
176
     1
290
     0
176
     1
290
     0
176
     1
290
     0
176
     1
290
     0
176
     1
290
     0
176
     1
 90
       50
176
     1
 40
0.0
176
     1
 40
1.0
176
     1
 90
        0
176
     1
 62
    18
420
        0
176
     1
 90
       50
176
     1
 90
        3
176
     1
 62
     5
420
      255
176
     1
290
     0
176
     1
 90
       50
176
     1
 90
       50
176
     1
 90
       50
176
     1
290
     0
176
     1
 90
       50
176
     1
 62
   256
176
     0
 40
1.0
176
     0
 90
        2
176
     1
  1
strokes_ogs.tif
176
     1
290
     0
176
     1
 40
1.0
176
     1
 40
1.0
176
     1
  0
VISUALSTYLE
  5
2C
102
{ACAD_REACTORS
330
29
102
}
330
29
100
AcDbVisualStyle
  2
Gouraud
 70
     2
177
     3
291
     1
 70
    58
 90
        2
176
     1
 90
        2
176
     1
 90
        1
176
     1
 90
        2
176
     1
 40
0.6
176
     1
 40
30.0
176
     1
 62
     7
420
 16777215
176
     1
 90
        0
176
     1
 90
        0
176
     1
 62
     7
176
     1
 62
   257
176
     1
 90
        1
176
     1
 90
        1
176
     1
 40
1.0
176
     1
 90
        0
176
     1
 62
     7
176
     1
 40
1.0
176
     1
 90
        1
176
     1
 90
        6
176
     1
 90
        2
176
     1
 62
     7
176
     1
 90
        5
176
     1
 90
        0
176
     1
 90
        0
176
     1
290
     0
176
     1
 90
       13
176
     1
 40
0.0
176
     1
 90
        0
176
     1
290
     0
176
     1
290
     1
176
     1
290
     1
176
     1
290
     0
176
     1
290
     0
176
     1
290
     0
176
     1
290
     0
176
     1
290
     0
176
     1
290
     0
176
     1
 90
       50
176
     1
 40
0.0
176
     1
 40
1.0
176
     1
 90
        0
176
     1
 62
    18
420
        0
176
     1
 90
       50
176
     1
 90
        3
176
     1
 62
     5
420
      255
176
     1
290
     0
176
     1
 90
       50
176
     1
 90
       50
176
     1
 90
       50
176
     1
290
     0
176
     1
 90
       50
176
     1
 62
   256
176
     0
 40
1.0
176
     0
 90
        2
176
     1
  1
strokes_ogs.tif
176
     1
290
     0
176
     1
 40
1.0
176
     1
 40
1.0
176
     1
  0
VISUALSTYLE
  5
2D
102
{ACAD_REACTORS
330
29
102
}
330
29
100
AcDbVisualStyle
  2
GouraudWithEdges
 70
     3
177
     3
291
     1
 70
    58
 90
        2
176
     1
 90
        2
176
     1
 90
        1
176
     1
 90
        2
176
     1
 40
0.6
176
     1
 40
30.0
176
     1
 62
     7
420
 16777215
176
     1
 90
        1
176
     1
 90
        0
176
     1
 62
     7
176
     1
 62
   257
176
     1
 90
        1
176
     1
 90
        1
176
     1
 40
1.0
176
     1
 90
        0
176
     1
 62
   257
176
     1
 40
1.0
176
     1
 90
        1
176
     1
 90
        6
176
     1
 90
        2
176
     1
 62
     7
176
     1
 90
        5
176
     1
 90
        0
176
     1
 90
        0
176
     1
290
     0
176
     1
 90
       13
176
     1
 40
0.0
176
     1
 90
        0
176
     1
290
     0
176
     1
290
     1
176
     1
290
     1
176
     1
290
     0
176
     1
290
     0
176
     1
290
     0
176
     1
290
     0
176
     1
290
     0
176
     1
290
     0
176
     1
 90
       50
176
     1
 40
0.0
176
     1
 40
1.0
176
     1
 90
        0
176
     1
 62
    18
420
        0
176
     1
 90
       50
176
     1
 90
        3
176
     1
 62
     5
420
      255
176
     1
290
     0
176
     1
 90
       50
176
     1
 90
       50
176
     1
 90
       50
176
     1
290
     0
176
     1
 90
       50
176
     1
 62
   256
176
     0
 40
1.0
176
     0
 90
        2
176
     1
  1
strokes_ogs.tif
176
     1
290
     0
176
     1
 40
1.0
176
     1
 40
1.0
176
     1
  0
VISUALSTYLE
  5
31
102
{ACAD_REACTORS
330
29
102
}
330
29
100
AcDbVisualStyle
  2
Hidden
 70
     6
177
     3
291
     0
 70
    58
 90
        1
176
     1
 90
        2
176
     1
 90
        2
176
     1
 90
        0
176
     1
 40
0.6
176
     1
 40
30.0
176
     1
 62
     7
420
 16777215
176
     1
 90
        2
176
     1
 90
        2
176
     1
 62
     7
176
     1
 62
   257
176
     1
 90
        2
176
     1
 90
        1
176
     1
 40
40.0
176
     1
 90
        0
176
     1
 62
   257
176
     1
 40
1.0
176
     1
 90
        1
176
     1
 90
        6
176
     1
 90
        2
176
     1
 62
     7
176
     1
 90
        3
176
     1
 90
        0
176
     1
 90
        0
176
     1
290
     0
176
     1
 90
        1
176
     1
 40
0.0
176
     1
 90
        0
176
     1
290
     0
176
     1
290
     1
176
     1
290
     1
176
     1
290
     0
176
     1
290
     0
176
     1
290
     0
176
     1
290
     0
176
     1
290
     0
176
     1
290
     0
176
     1
 90
       50
176
     1
 40
0.0
176
     1
 40
1.0
176
     1
 90
        0
176
     1
 62
    18
420
        0
176
     1
 90
       50
176
     1
 90
        3
176
     1
 62
     5
420
      255
176
     1
290
     0
176
     1
 90
       50
176
     1
 90
       50
176
     1
 90
       50
176
     1
290
     0
176
     1
 90
       50
176
     1
 62
   256
176
     0
 40
1.0
176
     0
 90
        2
176
     1
  1
strokes_ogs.tif
176
     1
290
     0
176
     1
 40
1.0
176
     1
 40
1.0
176
     1
  0
VISUALSTYLE
  5
3F
102
{ACAD_REACTORS
330
29
102
}
330
29
100
AcDbVisualStyle
  2
JitterOff
 70
    20
177
     3
291
     1
 70
    58
 90
        2
176
     0
 90
        2
176
     0
 90
        0
176
     0
 90
        0
176
     0
 40
0.6
176
     0
 40
30.0
176
     0
 62
     7
420
 16777215
176
     0
 90
        1
176
     0
 90
        4
176
     0
 62
     7
176
     0
 62
   257
176
     0
 90
        1
176
     0
 90
        1
176
     0
 40
1.0
176
     0
 90
       10
176
     2
 62
     7
176
     0
 40
1.0
176
     0
 90
        1
176
     0
 90
        6
176
     0
 90
        2
176
     0
 62
     7
176
     0
 90
        5
176
     0
 90
        0
176
     0
 90
        0
176
     0
290
     0
176
     0
 90
        1
176
     0
 40
0.0
176
     0
 90
        0
176
     0
290
     0
176
     0
290
     1
176
     0
290
     1
176
     0
290
     0
176
     0
290
     0
176
     0
290
     0
176
     0
290
     0
176
     0
290
     0
176
     0
290
     0
176
     0
 90
       50
176
     0
 40
0.0
176
     0
 40
1.0
176
     0
 90
        0
176
     0
 62
    18
420
        0
176
     0
 90
       50
176
     0
 90
        3
176
     0
 62
     5
420
      255
176
     0
290
     0
176
     0
 90
       50
176
     0
 90
       50
176
     0
 90
       50
176
     0
290
     0
176
     0
 90
       50
176
     0
 62
   256
176
     0
 40
1.0
176
     0
 90
        2
176
     0
  1
strokes_ogs.tif
176
     0
290
     0
176
     0
 40
1.0
176
     0
 40
1.0
176
     0
  0
VISUALSTYLE
  5
37
102
{ACAD_REACTORS
330
29
102
}
330
29
100
AcDbVisualStyle
  2
Linepattern
 70
    14
177
     3
291
     1
 70
    58
 90
        2
176
     1
 90
        2
176
     1
 90
        0
176
     1
 90
        0
176
     1
 40
0.6
176
     1
 40
30.0
176
     1
 62
     7
420
 16777215
176
     1
 90
        1
176
     1
 90
        4
176
     1
 62
     7
176
     1
 62
   257
176
     1
 90
        7
176
     1
 90
        7
176
     1
 40
1.0
176
     1
 90
        8
176
     1
 62
     7
176
     1
 40
1.0
176
     1
 90
        1
176
     1
 90
        6
176
     1
 90
        2
176
     1
 62
     7
176
     1
 90
        5
176
     1
 90
        0
176
     1
 90
        0
176
     1
290
     0
176
     1
 90
        1
176
     1
 40
0.0
176
     1
 90
        0
176
     1
290
     0
176
     1
290
     1
176
     1
290
     1
176
     1
290
     0
176
     1
290
     0
176
     1
290
     0
176
     1
290
     0
176
     1
290
     0
176
     1
290
     0
176
     1
 90
       50
176
     1
 40
0.0
176
     1
 40
1.0
176
     1
 90
        0
176
     1
 62
    18
420
        0
176
     1
 90
       50
176
     1
 90
        3
176
     1
 62
     5
420
      255
176
     1
290
     0
176
     1
 90
       50
176
     1
 90
       50
176
     1
 90
       50
176
     1
290
     0
176
     1
 90
       50
176
     1
 62
   256
176
     0
 40
1.0
176
     0
 90
        2
176
     1
  1
strokes_ogs.tif
176
     1
290
     0
176
     1
 40
1.0
176
     1
 40
1.0
176
     1
  0
VISUALSTYLE
  5
40
102
{ACAD_REACTORS
330
29
102
}
330
29
100
AcDbVisualStyle
  2
OverhangOff
 70
    21
177
     3
291
     1
 70
    58
 90
        2
176
     0
 90
        2
176
     0
 90
        0
176
     0
 90
        0
176
     0
 40
0.6
176
     0
 40
30.0
176
     0
 62
     7
420
 16777215
176
     0
 90
        1
176
     0
 90
        4
176
     0
 62
     7
176
     0
 62
   257
176
     0
 90
        1
176
     0
 90
        1
176
     0
 40
1.0
176
     0
 90
        9
176
     2
 62
     7
176
     0
 40
1.0
176
     0
 90
        1
176
     0
 90
        6
176
     0
 90
        2
176
     0
 62
     7
176
     0
 90
        5
176
     0
 90
        0
176
     0
 90
        0
176
     0
290
     0
176
     0
 90
        1
176
     0
 40
0.0
176
     0
 90
        0
176
     0
290
     0
176
     0
290
     1
176
     0
290
     1
176
     0
290
     0
176
     0
290
     0
176
     0
290
     0
176
     0
290
     0
176
     0
290
     0
176
     0
290
     0
176
     0
 90
       50
176
     0
 40
0.0
176
     0
 40
1.0
176
     0
 90
        0
176
     0
 62
    18
420
        0
176
     0
 90
       50
176
     0
 90
        3
176
     0
 62
     5
420
      255
176
     0
290
     0
176
     0
 90
       50
176
     0
 90
       50
176
     0
 90
       50
176
     0
290
     0
176
     0
 90
       50
176
     0
 62
   256
176
     0
 40
1.0
176
     0
 90
        2
176
     0
  1
strokes_ogs.tif
176
     0
290
     0
176
     0
 40
1.0
176
     0
 40
1.0
176
     0
  0
VISUALSTYLE
  5
33
102
{ACAD_REACTORS
330
29
102
}
330
29
100
AcDbVisualStyle
  2
Realistic
 70
     8
177
     3
291
     0
 70
    58
 90
        2
176
     1
 90
        3
176
     1
 90
        0
176
     1
 90
        2
176
     1
 40
0.6
176
     1
 40
30.0
176
     1
 62
     7
420
 16777215
176
     1
 90
        0
176
     1
 90
        0
176
     1
 62
     7
176
     1
 62
   257
176
     1
 90
        1
176
     1
 90
        1
176
     1
 40
1.0
176
     1
 90
        8
176
     1
 62
   257
176
     1
 40
1.0
176
     1
 90
        1
176
     1
 90
        6
176
     1
 90
        2
176
     1
 62
     7
176
     1
 90
        3
176
     1
 90
        0
176
     1
 90
        0
176
     1
290
     0
176
     1
 90
       13
176
     1
 40
0.0
176
     1
 90
        0
176
     1
290
     0
176
     1
290
     1
176
     1
290
     1
176
     1
290
     0
176
     1
290
     0
176
     1
290
     0
176
     1
290
     0
176
     1
290
     0
176
     1
290
     0
176
     1
 90
       50
176
     1
 40
0.0
176
     1
 40
1.0
176
     1
 90
        0
176
     1
 62
    18
420
        0
176
     1
 90
       50
176
     1
 90
        3
176
     1
 62
     5
420
      255
176
     1
290
     0
176
     1
 90
       50
176
     1
 90
       50
176
     1
 90
       50
176
     1
290
     0
176
     1
 90
       50
176
     1
 62
   256
176
     0
 40
1.0
176
     0
 90
        2
176
     1
  1
strokes_ogs.tif
176
     1
290
     0
176
     1
 40
1.0
176
     1
 40
1.0
176
     1
  0
VISUALSTYLE
  5
3E
102
{ACAD_REACTORS
330
29
102
}
330
29
100
AcDbVisualStyle
  2
Shaded
 70
    27
177
     3
291
     0
 70
    58
 90
        2
176
     1
 90
        2
176
     1
 90
        1
176
     1
 90
        2
176
     1
 40
0.6
176
     1
 40
30.0
176
     1
 62
     7
420
 16777215
176
     1
 90
        0
176
     1
 90
        4
176
     1
 62
     7
176
     1
 62
   257
176
     1
 90
        1
176
     1
 90
        1
176
     1
 40
1.0
176
     1
 90
        8
176
     1
 62
   257
176
     1
 40
1.0
176
     1
 90
        1
176
     1
 90
        6
176
     1
 90
        2
176
     1
 62
     8
420
  7895160
176
     1
 90
        3
176
     1
 90
        0
176
     1
 90
        0
176
     1
290
     0
176
     1
 90
        5
176
     1
 40
0.0
176
     1
 90
        0
176
     1
290
     0
176
     1
290
     1
176
     1
290
     1
176
     1
290
     0
176
     1
290
     0
176
     1
290
     0
176
     1
290
     0
176
     1
290
     0
176
     1
290
     0
176
     1
 90
       50
176
     1
 40
0.0
176
     1
 40
1.0
176
     1
 90
        0
176
     1
 62
    18
420
        0
176
     1
 90
       50
176
     1
 90
        3
176
     1
 62
     5
420
      255
176
     1
290
     0
176
     1
 90
       50
176
     1
 90
       50
176
     1
 90
       50
176
     1
290
     0
176
     1
 90
       50
176
     1
 62
   256
176
     0
 40
1.0
176
     0
 90
        2
176
     1
  1
strokes_ogs.tif
176
     1
290
     0
176
     1
 40
1.0
176
     1
 40
1.0
176
     1
  0
VISUALSTYLE
  5
3D
102
{ACAD_REACTORS
330
29
102
}
330
29
100
AcDbVisualStyle
  2
Shaded with edges
 70
    26
177
     3
291
     0
 70
    58
 90
        2
176
     1
 90
        2
176
     1
 90
        1
176
     1
 90
        2
176
     1
 40
0.6
176
     1
 40
30.0
176
     1
 62
     7
420
 16777215
176
     1
 90
        1
176
     1
 90
        2
176
     1
 62
     7
176
     1
 62
   257
176
     1
 90
        2
176
     1
 90
        1
176
     1
 40
1.0
176
     1
 90
        8
176
     1
 62
   257
176
     1
 40
1.0
176
     1
 90
        1
176
     1
 90
        6
176
     1
 90
        2
176
     1
 62
     7
176
     1
 90
        3
176
     1
 90
        0
176
     1
 90
        0
176
     1
290
     0
176
     1
 90
        5
176
     1
 40
0.0
176
     1
 90
        0
176
     1
290
     0
176
     1
290
     1
176
     1
290
     1
176
     1
290
     0
176
     1
290
     0
176
     1
290
     0
176
     1
290
     0
176
     1
290
     0
176
     1
290
     0
176
     1
 90
       50
176
     1
 40
0.0
176
     1
 40
1.0
176
     1
 90
        0
176
     1
 62
    18
420
        0
176
     1
 90
       50
176
     1
 90
        3
176
     1
 62
     5
420
      255
176
     1
290
     0
176
     1
 90
       50
176
     1
 90
       50
176
     1
 90
       50
176
     1
290
     0
176
     1
 90
       50
176
     1
 62
   256
176
     0
 40
1.0
176
     0
 90
        2
176
     1
  1
strokes_ogs.tif
176
     1
290
     0
176
     1
 40
1.0
176
     1
 40
1.0
176
     1
  0
VISUALSTYLE
  5
3A
102
{ACAD_REACTORS
330
29
102
}
330
29
100
AcDbVisualStyle
  2
Shades of Gray
 70
    23
177
     3
291
     0
 70
    58
 90
        2
176
     1
 90
        2
176
     1
 90
        3
176
     1
 90
        0
176
     1
 40
0.6
176
     1
 40
30.0
176
     1
 62
     7
420
 16777215
176
     1
 90
        2
176
     1
 90
        2
176
     1
 62
     7
176
     1
 62
     7
176
     1
 90
        1
176
     1
 90
        1
176
     1
 40
40.0
176
     1
 90
        8
176
     1
 62
     7
176
     1
 40
1.0
176
     1
 90
        1
176
     1
 90
        6
176
     1
 90
        2
176
     1
 62
     7
176
     1
 90
        3
176
     1
 90
        0
176
     1
 90
        0
176
     1
290
     0
176
     1
 90
        1
176
     1
 40
0.0
176
     1
 90
        0
176
     1
290
     0
176
     1
290
     1
176
     1
290
     1
176
     1
290
     0
176
     1
290
     0
176
     1
290
     0
176
     1
290
     0
176
     1
290
     0
176
     1
290
     0
176
     1
 90
       50
176
     1
 40
0.0
176
     1
 40
1.0
176
     1
 90
        0
176
     1
 62
    18
420
        0
176
     1
 90
       50
176
     1
 90
        3
176
     1
 62
     5
420
      255
176
     1
290
     0
176
     1
 90
       50
176
     1
 90
       50
176
     1
 90
       50
176
     1
290
     0
176
     1
 90
       50
176
     1
 62
   256
176
     0
 40
1.0
176
     0
 90
        2
176
     1
  1
strokes_ogs.tif
176
     1
290
     0
176
     1
 40
1.0
176
     1
 40
1.0
176
     1
  0
VISUALSTYLE
  5
3B
102
{ACAD_REACTORS
330
29
102
}
330
29
100
AcDbVisualStyle
  2
Sketchy
 70
    24
177
     3
291
     0
 70
    58
 90
        1
176
     1
 90
        2
176
     1
 90
        2
176
     1
 90
        0
176
     1
 40
0.6
176
     1
 40
30.0
176
     1
 62
     7
420
 16777215
176
     1
 90
        2
176
     1
 90
        2
176
     1
 62
     7
176
     1
 62
     7
176
     1
 90
        1
176
     1
 90
        1
176
     1
 40
40.0
176
     1
 90
       11
176
     1
 62
     7
176
     1
 40
1.0
176
     1
 90
        1
176
     1
 90
        6
176
     1
 90
        2
176
     1
 62
     7
176
     1
 90
        6
176
     1
 90
        0
176
     1
 90
        0
176
     1
290
     0
176
     1
 90
        1
176
     1
 40
0.0
176
     1
 90
        0
176
     1
290
     0
176
     1
290
     1
176
     1
290
     1
176
     1
290
     0
176
     1
290
     0
176
     1
290
     0
176
     1
290
     0
176
     1
290
     0
176
     1
290
     0
176
     1
 90
       50
176
     1
 40
0.0
176
     1
 40
1.0
176
     1
 90
        0
176
     1
 62
    18
420
        0
176
     1
 90
       50
176
     1
 90
        3
176
     1
 62
     5
420
      255
176
     1
290
     0
176
     1
 90
       50
176
     1
 90
       50
176
     1
 90
       50
176
     1
290
     0
176
     1
 90
       50
176
     1
 62
   256
176
     0
 40
1.0
176
     0
 90
        2
176
     1
  1
strokes_ogs.tif
176
     1
290
     0
176
     1
 40
1.0
176
     1
 40
1.0
176
     1
  0
VISUALSTYLE
  5
36
102
{ACAD_REACTORS
330
29
102
}
330
29
100
AcDbVisualStyle
  2
Thicken
 70
    13
177
     3
291
     1
 70
    58
 90
        2
176
     1
 90
        2
176
     1
 90
        0
176
     1
 90
        0
176
     1
 40
0.6
176
     1
 40
30.0
176
     1
 62
     7
420
 16777215
176
     1
 90
        1
176
     1
 90
        4
176
     1
 62
     7
176
     1
 62
   257
176
     1
 90
        1
176
     1
 90
        1
176
     1
 40
1.0
176
     1
 90
       12
176
     1
 62
     7
176
     1
 40
1.0
176
     1
 90
        1
176
     1
 90
        6
176
     1
 90
        2
176
     1
 62
     7
176
     1
 90
        5
176
     1
 90
        0
176
     1
 90
        0
176
     1
290
     0
176
     1
 90
        1
176
     1
 40
0.0
176
     1
 90
        0
176
     1
290
     0
176
     1
290
     1
176
     1
290
     1
176
     1
290
     0
176
     1
290
     0
176
     1
290
     0
176
     1
290
     0
176
     1
290
     0
176
     1
290
     0
176
     1
 90
       50
176
     1
 40
0.0
176
     1
 40
1.0
176
     1
 90
        0
176
     1
 62
    18
420
        0
176
     1
 90
       50
176
     1
 90
        3
176
     1
 62
     5
420
      255
176
     1
290
     0
176
     1
 90
       50
176
     1
 90
       50
176
     1
 90
       50
176
     1
290
     0
176
     1
 90
       50
176
     1
 62
   256
176
     0
 40
1.0
176
     0
 90
        2
176
     1
  1
strokes_ogs.tif
176
     1
290
     0
176
     1
 40
1.0
176
     1
 40
1.0
176
     1
  0
VISUALSTYLE
  5
30
102
{ACAD_REACTORS
330
29
102
}
330
29
100
AcDbVisualStyle
  2
Wireframe
 70
     5
177
     3
291
     0
 70
    58
 90
        0
176
     1
 90
        2
176
     1
 90
        0
176
     1
 90
        0
176
     1
 40
0.6
176
     1
 40
30.0
176
     1
 62
     7
420
 16777215
176
     1
 90
        1
176
     1
 90
        4
176
     1
 62
     7
176
     1
 62
   257
176
     1
 90
        1
176
     1
 90
        1
176
     1
 40
1.0
176
     1
 90
        0
176
     1
 62
   257
176
     1
 40
1.0
176
     1
 90
        1
176
     1
 90
        6
176
     1
 90
        2
176
     1
 62
     7
176
     1
 90
        3
176
     1
 90
        0
176
     1
 90
        0
176
     1
290
     0
176
     1
 90
        1
176
     1
 40
0.0
176
     1
 90
        0
176
     1
290
     0
176
     1
290
     1
176
     1
290
     1
176
     1
290
     0
176
     1
290
     0
176
     1
290
     0
176
     1
290
     0
176
     1
290
     0
176
     1
290
     0
176
     1
 90
       50
176
     1
 40
0.0
176
     1
 40
1.0
176
     1
 90
        0
176
     1
 62
    18
420
        0
176
     1
 90
       50
176
     1
 90
        3
176
     1
 62
     5
420
      255
176
     1
290
     0
176
     1
 90
       50
176
     1
 90
       50
176
     1
 90
       50
176
     1
290
     0
176
     1
 90
       50
176
     1
 62
   256
176
     0
 40
1.0
176
     0
 90
        2
176
     1
  1
strokes_ogs.tif
176
     1
290
     0
176
     1
 40
1.0
176
     1
 40
1.0
176
     1
  0
VISUALSTYLE
  5
3C
102
{ACAD_REACTORS
330
29
102
}
330
29
100
AcDbVisualStyle
  2
X-Ray
 70
    25
177
     3
291
     0
 70
    58
 90
        2
176
     1
 90
        2
176
     1
 90
        1
176
     1
 90
        1
176
     1
 40
0.5
176
     1
 40
30.0
176
     1
 62
     7
420
 16777215
176
     1
 90
        1
176
     1
 90
        0
176
     1
 62
     7
176
     1
 62
   257
176
     1
 90
        1
176
     1
 90
        1
176
     1
 40
1.0
176
     1
 90
        8
176
     1
 62
     7
176
     1
 40
1.0
176
     1
 90
        1
176
     1
 90
        6
176
     1
 90
        2
176
     1
 62
     7
176
     1
 90
        3
176
     1
 90
        0
176
     1
 90
        0
176
     1
290
     0
176
     1
 90
       13
176
     1
 40
0.0
176
     1
 90
        0
176
     1
290
     0
176
     1
290
     1
176
     1
290
     1
176
     1
290
     0
176
     1
290
     0
176
     1
290
     0
176
     1
290
     0
176
     1
290
     0
176
     1
290
     0
176
     1
 90
       50
176
     1
 40
0.0
176
     1
 40
1.0
176
     1
 90
        0
176
     1
 62
    18
420
        0
176
     1
 90
       50
176
     1
 90
        3
176
     1
 62
     5
420
      255
176
     1
290
     0
176
     1
 90
       50
176
     1
 90
       50
176
     1
 90
       50
176
     1
290
     0
176
     1
 90
       50
176
     1
 62
   256
176
     0
 40
1.0
176
     0
 90
        2
176
     1
  1
strokes_ogs.tif
176
     1
290
     0
176
     1
 40
1.0
176
     1
 40
1.0
176
     1
  0
DICTIONARYVAR
  5
1DC
102
{ACAD_REACTORS
330
1D7
102
}
330
1D7
100
DictionaryVariables
280
     0
  1
1:1
  0
DICTIONARYVAR
  5
1D9
102
{ACAD_REACTORS
330
1D7
102
}
330
1D7
100
DictionaryVariables
280
     0
  1
STANDARD
  0
DICTIONARYVAR
  5
1D8
102
{ACAD_REACTORS
330
1D7
102
}
330
1D7
100
DictionaryVariables
280
     0
  1
STANDARD
  0
DICTIONARYVAR
  5
1DA
102
{ACAD_REACTORS
330
1D7
102
}
330
1D7
100
DictionaryVariables
280
     0
  1
Imperial24
  0
DICTIONARYVAR
  5
1DB
102
{ACAD_REACTORS
330
1D7
102
}
330
1D7
100
DictionaryVariables
280
     0
  1
Imperial24
  0
DICTIONARY
  5
1A
330
19
100
AcDbDictionary
280
     1
281
     1
  3
BUMPTILE
360
1C
  3
DIFFUSETILE
360
1B
  3
OPACITYTILE
360
1F
  3
REFLECTIONTILE
360
1E
  3
REFRACTIONTILE
360
20
  3
SPECULARTILE
360
1D
  0
DICTIONARY
  5
12
330
11
100
AcDbDictionary
280
     1
281
     1
  3
BUMPTILE
360
14
  3
DIFFUSETILE
360
13
  3
OPACITYTILE
360
17
  3
REFLECTIONTILE
360
16
  3
REFRACTIONTILE
360
18
  3
SPECULARTILE
360
15
  0
DICTIONARY
  5
22
330
21
100
AcDbDictionary
280
     1
281
     1
  3
BUMPTILE
360
24
  3
DIFFUSETILE
360
23
  3
OPACITYTILE
360
27
  3
REFLECTIONTILE
360
26
  3
REFRACTIONTILE
360
28
  3
SPECULARTILE
360
25
  0
DICTIONARY
  5
1DD
330
65
100
AcDbDictionary
280
     1
281
     1
  3
ACAD_ROUNDTRIP_2008_TABLESTYLE_CELLSTYLEMAP
360
1DE
  0
XRECORD
  5
1C
102
{ACAD_REACTORS
330
1A
102
}
330
1A
100
AcDbXrecord
280
     1
270
     1
271
     1
  0
XRECORD
  5
1B
102
{ACAD_REACTORS
330
1A
102
}
330
1A
100
AcDbXrecord
280
     1
270
     1
271
     1
  0
XRECORD
  5
1F
102
{ACAD_REACTORS
330
1A
102
}
330
1A
100
AcDbXrecord
280
     1
270
     1
271
     1
  0
XRECORD
  5
1E
102
{ACAD_REACTORS
330
1A
102
}
330
1A
100
AcDbXrecord
280
     1
270
     1
271
     1
  0
XRECORD
  5
20
102
{ACAD_REACTORS
330
1A
102
}
330
1A
100
AcDbXrecord
280
     1
270
     1
271
     1
  0
XRECORD
  5
1D
102
{ACAD_REACTORS
330
1A
102
}
330
1A
100
AcDbXrecord
280
     1
270
     1
271
     1
  0
XRECORD
  5
14
102
{ACAD_REACTORS
330
12
102
}
330
12
100
AcDbXrecord
280
     1
270
     1
271
     1
  0
XRECORD
  5
13
102
{ACAD_REACTORS
330
12
102
}
330
12
100
AcDbXrecord
280
     1
270
     1
271
     1
  0
XRECORD
  5
17
102
{ACAD_REACTORS
330
12
102
}
330
12
100
AcDbXrecord
280
     1
270
     1
271
     1
  0
XRECORD
  5
16
102
{ACAD_REACTORS
330
12
102
}
330
12
100
AcDbXrecord
280
     1
270
     1
271
     1
  0
XRECORD
  5
18
102
{ACAD_REACTORS
330
12
102
}
330
12
100
AcDbXrecord
280
     1
270
     1
271
     1
  0
XRECORD
  5
15
102
{ACAD_REACTORS
330
12
102
}
330
12
100
AcDbXrecord
280
     1
270
     1
271
     1
  0
XRECORD
  5
24
102
{ACAD_REACTORS
330
22
102
}
330
22
100
AcDbXrecord
280
     1
270
     1
271
     1
  0
XRECORD
  5
23
102
{ACAD_REACTORS
330
22
102
}
330
22
100
AcDbXrecord
280
     1
270
     1
271
     1
  0
XRECORD
  5
27
102
{ACAD_REACTORS
330
22
102
}
330
22
100
AcDbXrecord
280
     1
270
     1
271
     1
  0
XRECORD
  5
26
102
{ACAD_REACTORS
330
22
102
}
330
22
100
AcDbXrecord
280
     1
270
     1
271
     1
  0
XRECORD
  5
28
102
{ACAD_REACTORS
330
22
102
}
330
22
100
AcDbXrecord
280
     1
270
     1
271
     1
  0
XRECORD
  5
25
102
{ACAD_REACTORS
330
22
102
}
330
22
100
AcDbXrecord
280
     1
270
     1
271
     1
  0
CELLSTYLEMAP
  5
1DE
102
{ACAD_REACTORS
330
1DD
102
}
330
1DD
100
AcDbCellStyleMap
 90
        3
300
CELLSTYLE
  1
TABLEFORMAT_BEGIN
 90
        5
170
     1
 91
        0
 92
    32768
 62
   257
 93
        1
300
CONTENTFORMAT
  1
CONTENTFORMAT_BEGIN
 90
        0
 91
        0
 92
      512
 93
        0
300

 40
0.0
140
1.0
 94
        5
 62
     0
340
55
144
0.25
309
CONTENTFORMAT_END
171
     0
 94
        0
309
TABLEFORMAT_END
  1
CELLSTYLE_BEGIN
 90
        1
 91
        1
300
_TITLE
309
CELLSTYLE_END
300
CELLSTYLE
  1
TABLEFORMAT_BEGIN
 90
        5
170
     1
 91
        0
 92
        0
 62
   257
 93
        1
300
CONTENTFORMAT
  1
CONTENTFORMAT_BEGIN
 90
        0
 91
        0
 92
      512
 93
        0
300

 40
0.0
140
1.0
 94
        5
 62
     0
340
55
144
0.18
309
CONTENTFORMAT_END
171
     0
 94
        0
309
TABLEFORMAT_END
  1
CELLSTYLE_BEGIN
 90
        2
 91
        1
300
_HEADER
309
CELLSTYLE_END
300
CELLSTYLE
  1
TABLEFORMAT_BEGIN
 90
        5
170
     1
 91
        0
 92
        0
 62
   257
 93
        1
300
CONTENTFORMAT
  1
CONTENTFORMAT_BEGIN
 90
        0
 91
        0
 92
      512
 93
        0
300

 40
0.0
140
1.0
 94
        2
 62
     0
340
55
144
0.18
309
CONTENTFORMAT_END
171
     0
 94
        0
309
TABLEFORMAT_END
  1
CELLSTYLE_BEGIN
 90
        3
 91
        2
300
_DATA
309
CELLSTYLE_END
  0
ENDSEC
  0
EOF
